  0
SECTION
  2
HEADER
  9
$ACADVER
  1
AC1024
  9
$ACADMAINTVER
 70
6
  9
$DWGCODEPAGE
  3
ANSI_1252
  9
$LASTSAVEDBY
  1
ezdxf
  9
$INSBASE
 10
0.0
 20
0.0
 30
0.0
  9
$EXTMIN
 10
1e+20
 20
1e+20
 30
1e+20
  9
$EXTMAX
 10
-1e+20
 20
-1e+20
 30
-1e+20
  9
$LIMMIN
 10
0.0
 20
0.0
  9
$LIMMAX
 10
420.0
 20
297.0
  9
$ORTHOMODE
 70
0
  9
$REGENMODE
 70
1
  9
$FILLMODE
 70
1
  9
$QTEXTMODE
 70
0
  9
$MIRRTEXT
 70
1
  9
$LTSCALE
 40
1.0
  9
$ATTMODE
 70
1
  9
$TEXTSIZE
 40
2.5
  9
$TRACEWID
 40
1.0
  9
$TEXTSTYLE
  7
OpenSans
  9
$CLAYER
  8
0
  9
$CELTYPE
  6
ByLayer
  9
$CECOLOR
 62
256
  9
$CELTSCALE
 40
1.0
  9
$DISPSILH
 70
0
  9
$DIMSCALE
 40
1.0
  9
$DIMASZ
 40
0.175
  9
$DIMEXO
 40
0.125
  9
$DIMDLI
 40
3.75
  9
$DIMRND
 40
0.0
  9
$DIMDLE
 40
0.0
  9
$DIMEXE
 40
0.375
  9
$DIMTP
 40
0.0
  9
$DIMTM
 40
0.0
  9
$DIMTXT
 40
0.25
  9
$DIMCEN
 40
2.5
  9
$DIMTSZ
 40
0.0
  9
$DIMTOL
 70
0
  9
$DIMLIM
 70
0
  9
$DIMTIH
 70
0
  9
$DIMTOH
 70
0
  9
$DIMSE1
 70
0
  9
$DIMSE2
 70
0
  9
$DIMTAD
 70
1
  9
$DIMZIN
 70
12
  9
$DIMBLK
  1
ARCHTICK
  9
$DIMASO
 70
1
  9
$DIMSHO
 70
1
  9
$DIMPOST
  1

  9
$DIMAPOST
  1

  9
$DIMALT
 70
0
  9
$DIMALTD
 70
3
  9
$DIMALTF
 40
0.03937007874
  9
$DIMLFAC
 40
100.0
  9
$DIMTOFL
 70
1
  9
$DIMTVP
 40
0.0
  9
$DIMTIX
 70
0
  9
$DIMSOXD
 70
0
  9
$DIMSAH
 70
0
  9
$DIMBLK1
  1

  9
$DIMBLK2
  1

  9
$DIMSTYLE
  2
EZDXF
  9
$DIMCLRD
 70
0
  9
$DIMCLRE
 70
0
  9
$DIMCLRT
 70
0
  9
$DIMTFAC
 40
0.5
  9
$DIMGAP
 40
0.1
  9
$DIMJUST
 70
0
  9
$DIMSD1
 70
0
  9
$DIMSD2
 70
0
  9
$DIMTOLJ
 70
0
  9
$DIMTZIN
 70
8
  9
$DIMALTZ
 70
0
  9
$DIMALTTZ
 70
0
  9
$DIMUPT
 70
1
  9
$DIMDEC
 70
2
  9
$DIMTDEC
 70
2
  9
$DIMALTU
 70
2
  9
$DIMALTTD
 70
3
  9
$DIMTXSTY
  7
OpenSansCondensed-Light
  9
$DIMAUNIT
 70
0
  9
$DIMADEC
 70
2
  9
$DIMALTRND
 40
0.0
  9
$DIMAZIN
 70
3
  9
$DIMDSEP
 70
46
  9
$DIMATFIT
 70
3
  9
$DIMFRAC
 70
0
  9
$DIMLDRBLK
  1

  9
$DIMLUNIT
 70
2
  9
$DIMLWD
 70
-2
  9
$DIMLWE
 70
-2
  9
$DIMTMOVE
 70
2
  9
$DIMFXL
 40
1.0
  9
$DIMFXLON
 70
0
  9
$DIMJOGANG
 40
0.785398163397
  9
$DIMTFILL
 70
0
  9
$DIMTFILLCLR
 70
0
  9
$DIMARCSYM
 70
0
  9
$DIMLTYPE
  6

  9
$DIMLTEX1
  6

  9
$DIMLTEX2
  6

  9
$DIMTXTDIRECTION
 70
0
  9
$LUNITS
 70
2
  9
$LUPREC
 70
4
  9
$SKETCHINC
 40
1.0
  9
$FILLETRAD
 40
10.0
  9
$AUNITS
 70
0
  9
$AUPREC
 70
2
  9
$MENU
  1
.
  9
$ELEVATION
 40
0.0
  9
$PELEVATION
 40
0.0
  9
$THICKNESS
 40
0.0
  9
$LIMCHECK
 70
0
  9
$CHAMFERA
 40
0.0
  9
$CHAMFERB
 40
0.0
  9
$CHAMFERC
 40
0.0
  9
$CHAMFERD
 40
0.0
  9
$SKPOLY
 70
0
  9
$TDCREATE
 40
2461249.375173611
  9
$TDUCREATE
 40
2458532.153996898
  9
$TDUPDATE
 40
2461249.375173611
  9
$TDUUPDATE
 40
2458532.1544311
  9
$TDINDWG
 40
0.0
  9
$TDUSRTIMER
 40
0.0
  9
$USRTIMER
 70
1
  9
$ANGBASE
 50
0.0
  9
$ANGDIR
 70
0
  9
$PDMODE
 70
0
  9
$PDSIZE
 40
0.0
  9
$PLINEWID
 40
0.0
  9
$SPLFRAME
 70
0
  9
$SPLINETYPE
 70
6
  9
$SPLINESEGS
 70
8
  9
$HANDSEED
  5
682
  9
$SURFTAB1
 70
6
  9
$SURFTAB2
 70
6
  9
$SURFTYPE
 70
6
  9
$SURFU
 70
6
  9
$SURFV
 70
6
  9
$UCSBASE
  2

  9
$UCSNAME
  2

  9
$UCSORG
 10
0.0
 20
0.0
 30
0.0
  9
$UCSXDIR
 10
1.0
 20
0.0
 30
0.0
  9
$UCSYDIR
 10
0.0
 20
1.0
 30
0.0
  9
$UCSORTHOREF
  2

  9
$UCSORTHOVIEW
 70
0
  9
$UCSORGTOP
 10
0.0
 20
0.0
 30
0.0
  9
$UCSORGBOTTOM
 10
0.0
 20
0.0
 30
0.0
  9
$UCSORGLEFT
 10
0.0
 20
0.0
 30
0.0
  9
$UCSORGRIGHT
 10
0.0
 20
0.0
 30
0.0
  9
$UCSORGFRONT
 10
0.0
 20
0.0
 30
0.0
  9
$UCSORGBACK
 10
0.0
 20
0.0
 30
0.0
  9
$PUCSBASE
  2

  9
$PUCSNAME
  2

  9
$PUCSORG
 10
0.0
 20
0.0
 30
0.0
  9
$PUCSXDIR
 10
1.0
 20
0.0
 30
0.0
  9
$PUCSYDIR
 10
0.0
 20
1.0
 30
0.0
  9
$PUCSORTHOREF
  2

  9
$PUCSORTHOVIEW
 70
0
  9
$PUCSORGTOP
 10
0.0
 20
0.0
 30
0.0
  9
$PUCSORGBOTTOM
 10
0.0
 20
0.0
 30
0.0
  9
$PUCSORGLEFT
 10
0.0
 20
0.0
 30
0.0
  9
$PUCSORGRIGHT
 10
0.0
 20
0.0
 30
0.0
  9
$PUCSORGFRONT
 10
0.0
 20
0.0
 30
0.0
  9
$PUCSORGBACK
 10
0.0
 20
0.0
 30
0.0
  9
$USERI1
 70
0
  9
$USERI2
 70
0
  9
$USERI3
 70
0
  9
$USERI4
 70
0
  9
$USERI5
 70
0
  9
$USERR1
 40
0.0
  9
$USERR2
 40
0.0
  9
$USERR3
 40
0.0
  9
$USERR4
 40
0.0
  9
$USERR5
 40
0.0
  9
$WORLDVIEW
 70
1
  9
$SHADEDGE
 70
3
  9
$SHADEDIF
 70
70
  9
$TILEMODE
 70
1
  9
$MAXACTVP
 70
64
  9
$PINSBASE
 10
0.0
 20
0.0
 30
0.0
  9
$PLIMCHECK
 70
0
  9
$PEXTMIN
 10
1e+20
 20
1e+20
 30
1e+20
  9
$PEXTMAX
 10
-1e+20
 20
-1e+20
 30
-1e+20
  9
$PLIMMIN
 10
0.0
 20
0.0
  9
$PLIMMAX
 10
420.0
 20
297.0
  9
$UNITMODE
 70
0
  9
$VISRETAIN
 70
1
  9
$PLINEGEN
 70
0
  9
$PSLTSCALE
 70
1
  9
$TREEDEPTH
 70
3020
  9
$CMLSTYLE
  2
Standard
  9
$CMLJUST
 70
0
  9
$CMLSCALE
 40
20.0
  9
$PROXYGRAPHICS
 70
1
  9
$MEASUREMENT
 70
1
  9
$CELWEIGHT
370
-1
  9
$ENDCAPS
280
0
  9
$JOINSTYLE
280
0
  9
$LWDISPLAY
290
0
  9
$INSUNITS
 70
4
  9
$HYPERLINKBASE
  1

  9
$STYLESHEET
  1

  9
$XEDIT
290
1
  9
$CEPSNTYPE
380
0
  9
$PSTYLEMODE
290
1
  9
$FINGERPRINTGUID
  2
{5A1DA665-741F-422D-88AD-7FD2AD963C1F}
  9
$VERSIONGUID
  2
{80C277F2-1E1A-4D00-B822-1A14196916AB}
  9
$EXTNAMES
290
1
  9
$PSVPSCALE
 40
0.0
  9
$OLESTARTUP
290
0
  9
$SORTENTS
280
127
  9
$INDEXCTL
280
0
  9
$HIDETEXT
280
1
  9
$XCLIPFRAME
280
1
  9
$HALOGAP
280
0
  9
$OBSCOLOR
 70
257
  9
$OBSLTYPE
280
0
  9
$INTERSECTIONDISPLAY
280
0
  9
$INTERSECTIONCOLOR
 70
257
  9
$DIMASSOC
280
2
  9
$PROJECTNAME
  1

  9
$CAMERADISPLAY
290
0
  9
$LENSLENGTH
 40
50.0
  9
$CAMERAHEIGHT
 40
0.0
  9
$STEPSPERSEC
 40
24.0
  9
$STEPSIZE
 40
100.0
  9
$3DDWFPREC
 40
2.0
  9
$PSOLWIDTH
 40
0.005
  9
$PSOLHEIGHT
 40
0.08
  9
$LOFTANG1
 40
1.570796326795
  9
$LOFTANG2
 40
1.570796326795
  9
$LOFTMAG1
 40
0.0
  9
$LOFTMAG2
 40
0.0
  9
$LOFTPARAM
 70
7
  9
$LOFTNORMALS
280
1
  9
$LATITUDE
 40
37.795
  9
$LONGITUDE
 40
-122.394
  9
$NORTHDIRECTION
 40
0.0
  9
$TIMEZONE
 70
-8000
  9
$LIGHTGLYPHDISPLAY
280
1
  9
$TILEMODELIGHTSYNCH
280
1
  9
$CMATERIAL
347
20
  9
$SOLIDHIST
280
0
  9
$SHOWHIST
280
1
  9
$DWFFRAME
280
2
  9
$DGNFRAME
280
2
  9
$REALWORLDSCALE
290
1
  9
$INTERFERECOLOR
 62
256
  9
$CSHADOW
280
0
  9
$SHADOWPLANELOCATION
 40
0.0
  0
ENDSEC
  0
SECTION
  2
CLASSES
  0
CLASS
  1
ACDBDICTIONARYWDFLT
  2
AcDbDictionaryWithDefault
  3
ObjectDBX Classes
 90
0
 91
0
280
0
281
0
  0
CLASS
  1
SUN
  2
AcDbSun
  3
SCENEOE
 90
1153
 91
0
280
0
281
0
  0
CLASS
  1
VISUALSTYLE
  2
AcDbVisualStyle
  3
ObjectDBX Classes
 90
4095
 91
0
280
0
281
0
  0
CLASS
  1
MATERIAL
  2
AcDbMaterial
  3
ObjectDBX Classes
 90
1153
 91
0
280
0
281
0
  0
CLASS
  1
SCALE
  2
AcDbScale
  3
ObjectDBX Classes
 90
1153
 91
0
280
0
281
0
  0
CLASS
  1
TABLESTYLE
  2
AcDbTableStyle
  3
ObjectDBX Classes
 90
4095
 91
0
280
0
281
0
  0
CLASS
  1
MLEADERSTYLE
  2
AcDbMLeaderStyle
  3
ACDB_MLEADERSTYLE_CLASS
 90
4095
 91
0
280
0
281
0
  0
CLASS
  1
DICTIONARYVAR
  2
AcDbDictionaryVar
  3
ObjectDBX Classes
 90
0
 91
0
280
0
281
0
  0
CLASS
  1
CELLSTYLEMAP
  2
AcDbCellStyleMap
  3
ObjectDBX Classes
 90
1152
 91
0
280
0
281
0
  0
CLASS
  1
MENTALRAYRENDERSETTINGS
  2
AcDbMentalRayRenderSettings
  3
SCENEOE
 90
1024
 91
0
280
0
281
0
  0
CLASS
  1
ACDBDETAILVIEWSTYLE
  2
AcDbDetailViewStyle
  3
ObjectDBX Classes
 90
1025
 91
0
280
0
281
0
  0
CLASS
  1
ACDBSECTIONVIEWSTYLE
  2
AcDbSectionViewStyle
  3
ObjectDBX Classes
 90
1025
 91
0
280
0
281
0
  0
CLASS
  1
RASTERVARIABLES
  2
AcDbRasterVariables
  3
ISM
 90
0
 91
0
280
0
281
0
  0
CLASS
  1
LAYOUT
  2
AcDbLayout
  3
ObjectDBX Classes
 90
0
 91
0
280
0
281
0
  0
CLASS
  1
ACDBPLACEHOLDER
  2
AcDbPlaceHolder
  3
ObjectDBX Classes
 90
0
 91
0
280
0
281
0
  0
ENDSEC
  0
SECTION
  2
TABLES
  0
TABLE
  2
VPORT
  5
8
330
0
100
AcDbSymbolTable
 70
1
  0
VPORT
  5
23
330
8
100
AcDbSymbolTableRecord
100
AcDbViewportTableRecord
  2
*Active
 70
0
 10
0.0
 20
0.0
 11
1.0
 21
1.0
 12
0.0
 22
0.0
 13
0.0
 23
0.0
 14
0.5
 24
0.5
 15
0.5
 25
0.5
 16
0.0
 26
0.0
 36
1.0
 17
0.0
 27
0.0
 37
0.0
 40
1000.0
 41
1.34
 42
50.0
 43
0.0
 44
0.0
 50
0.0
 51
0.0
 71
0
 72
1000
 73
1
 74
3
 75
0
 76
0
 77
0
 78
0
281
0
 65
0
146
0.0
  0
ENDTAB
  0
TABLE
  2
LTYPE
  5
2
330
0
100
AcDbSymbolTable
 70
21
  0
LTYPE
  5
24
330
2
100
AcDbSymbolTableRecord
100
AcDbLinetypeTableRecord
  2
ByBlock
 70
0
  3

 72
65
 73
0
 40
0.0
  0
LTYPE
  5
25
330
2
100
AcDbSymbolTableRecord
100
AcDbLinetypeTableRecord
  2
ByLayer
 70
0
  3

 72
65
 73
0
 40
0.0
  0
LTYPE
  5
26
330
2
100
AcDbSymbolTableRecord
100
AcDbLinetypeTableRecord
  2
Continuous
 70
0
  3

 72
65
 73
0
 40
0.0
  0
LTYPE
  5
2F
330
2
100
AcDbSymbolTableRecord
100
AcDbLinetypeTableRecord
  2
CENTER
 70
0
  3
Center ____ _ ____ _ ____ _ ____ _ ____ _ ____
 72
65
 73
4
 40
5.08
 49
3.175
 74
0
 49
-0.635
 74
0
 49
0.635
 74
0
 49
-0.635
 74
0
  0
LTYPE
  5
30
330
2
100
AcDbSymbolTableRecord
100
AcDbLinetypeTableRecord
  2
CENTERX2
 70
0
  3
Center (2x) ________  __  ________  __  ________
 72
65
 73
4
 40
8.89
 49
6.35
 74
0
 49
-0.635
 74
0
 49
1.27
 74
0
 49
-0.635
 74
0
  0
LTYPE
  5
31
330
2
100
AcDbSymbolTableRecord
100
AcDbLinetypeTableRecord
  2
CENTER2
 70
0
  3
Center (.5x) ____ _ ____ _ ____ _ ____ _ ____
 72
65
 73
4
 40
2.54
 49
1.587
 74
0
 49
-0.318
 74
0
 49
0.318
 74
0
 49
-0.318
 74
0
  0
LTYPE
  5
32
330
2
100
AcDbSymbolTableRecord
100
AcDbLinetypeTableRecord
  2
DASHED
 70
0
  3
Dashed __ __ __ __ __ __ __ __ __ __ __ __ __ _
 72
65
 73
2
 40
1.524
 49
1.27
 74
0
 49
-0.254
 74
0
  0
LTYPE
  5
33
330
2
100
AcDbSymbolTableRecord
100
AcDbLinetypeTableRecord
  2
DASHEDX2
 70
0
  3
Dashed (2x) ____  ____  ____  ____  ____  ____
 72
65
 73
2
 40
3.048
 49
2.54
 74
0
 49
-0.508
 74
0
  0
LTYPE
  5
34
330
2
100
AcDbSymbolTableRecord
100
AcDbLinetypeTableRecord
  2
DASHED2
 70
0
  3
Dashed (.5x) _ _ _ _ _ _ _ _ _ _ _ _ _ _
 72
65
 73
2
 40
0.762
 49
0.635
 74
0
 49
-0.127
 74
0
  0
LTYPE
  5
35
330
2
100
AcDbSymbolTableRecord
100
AcDbLinetypeTableRecord
  2
PHANTOM
 70
0
  3
Phantom ______  __  __  ______  __  __  ______
 72
65
 73
6
 40
6.35
 49
3.175
 74
0
 49
-0.635
 74
0
 49
0.635
 74
0
 49
-0.635
 74
0
 49
0.635
 74
0
 49
-0.635
 74
0
  0
LTYPE
  5
36
330
2
100
AcDbSymbolTableRecord
100
AcDbLinetypeTableRecord
  2
PHANTOMX2
 70
0
  3
Phantom (2x)____________    ____    ____    ____________
 72
65
 73
6
 40
10.795
 49
6.35
 74
0
 49
-0.635
 74
0
 49
1.27
 74
0
 49
-0.635
 74
0
 49
1.27
 74
0
 49
-0.635
 74
0
  0
LTYPE
  5
37
330
2
100
AcDbSymbolTableRecord
100
AcDbLinetypeTableRecord
  2
PHANTOM2
 70
0
  3
Phantom (.5x) ___ _ _ ___ _ _ ___ _ _ ___ _ _ ___
 72
65
 73
6
 40
3.175
 49
1.587
 74
0
 49
-0.318
 74
0
 49
0.318
 74
0
 49
-0.318
 74
0
 49
0.318
 74
0
 49
-0.318
 74
0
  0
LTYPE
  5
38
330
2
100
AcDbSymbolTableRecord
100
AcDbLinetypeTableRecord
  2
DASHDOT
 70
0
  3
Dash dot __ . __ . __ . __ . __ . __ . __ . __
 72
65
 73
4
 40
3.556
 49
2.54
 74
0
 49
-0.508
 74
0
 49
0.0
 74
0
 49
-0.508
 74
0
  0
LTYPE
  5
39
330
2
100
AcDbSymbolTableRecord
100
AcDbLinetypeTableRecord
  2
DASHDOTX2
 70
0
  3
Dash dot (2x) ____  .  ____  .  ____  .  ____
 72
65
 73
4
 40
6.096
 49
5.08
 74
0
 49
-0.508
 74
0
 49
0.0
 74
0
 49
-0.508
 74
0
  0
LTYPE
  5
3A
330
2
100
AcDbSymbolTableRecord
100
AcDbLinetypeTableRecord
  2
DASHDOT2
 70
0
  3
Dash dot (.5x) _ . _ . _ . _ . _ . _ . _ . _
 72
65
 73
4
 40
1.778
 49
1.27
 74
0
 49
-0.254
 74
0
 49
0.0
 74
0
 49
-0.254
 74
0
  0
LTYPE
  5
3B
330
2
100
AcDbSymbolTableRecord
100
AcDbLinetypeTableRecord
  2
DOT
 70
0
  3
Dot .  .  .  .  .  .  .  .  .  .  .  .  .  .  .  .
 72
65
 73
2
 40
0.508
 49
0.0
 74
0
 49
-0.508
 74
0
  0
LTYPE
  5
3C
330
2
100
AcDbSymbolTableRecord
100
AcDbLinetypeTableRecord
  2
DOTX2
 70
0
  3
Dot (2x) .    .    .    .    .    .    .    . 
 72
65
 73
2
 40
1.016
 49
0.0
 74
0
 49
-1.016
 74
0
  0
LTYPE
  5
3D
330
2
100
AcDbSymbolTableRecord
100
AcDbLinetypeTableRecord
  2
DOT2
 70
0
  3
Dot (.5) . . . . . . . . . . . . . . . . . . . 
 72
65
 73
2
 40
0.254
 49
0.0
 74
0
 49
-0.254
 74
0
  0
LTYPE
  5
3E
330
2
100
AcDbSymbolTableRecord
100
AcDbLinetypeTableRecord
  2
DIVIDE
 70
0
  3
Divide __ . . __ . . __ . . __ . . __ . . __
 72
65
 73
6
 40
4.064
 49
2.54
 74
0
 49
-0.508
 74
0
 49
0.0
 74
0
 49
-0.508
 74
0
 49
0.0
 74
0
 49
-0.508
 74
0
  0
LTYPE
  5
3F
330
2
100
AcDbSymbolTableRecord
100
AcDbLinetypeTableRecord
  2
DIVIDEX2
 70
0
  3
Divide (2x) ____  . .  ____  . .  ____  . .  ____
 72
65
 73
6
 40
6.604
 49
5.08
 74
0
 49
-0.508
 74
0
 49
0.0
 74
0
 49
-0.508
 74
0
 49
0.0
 74
0
 49
-0.508
 74
0
  0
LTYPE
  5
40
330
2
100
AcDbSymbolTableRecord
100
AcDbLinetypeTableRecord
  2
DIVIDE2
 70
0
  3
Divide(.5x) _ . _ . _ . _ . _ . _ . _ . _
 72
65
 73
6
 40
2.032
 49
1.27
 74
0
 49
-0.254
 74
0
 49
0.0
 74
0
 49
-0.254
 74
0
 49
0.0
 74
0
 49
-0.254
 74
0
  0
ENDTAB
  0
TABLE
  2
LAYER
  5
1
330
0
100
AcDbSymbolTable
 70
12
  0
LAYER
  5
27
330
1
100
AcDbSymbolTableRecord
100
AcDbLayerTableRecord
  2
0
 70
0
 62
7
  6
Continuous
370
-3
390
13
347
21
  0
LAYER
  5
28
330
1
100
AcDbSymbolTableRecord
100
AcDbLayerTableRecord
  2
Defpoints
 70
0
 62
7
  6
Continuous
290
0
370
-3
390
13
347
21
  0
LAYER
  5
8B
330
1
100
AcDbSymbolTableRecord
100
AcDbLayerTableRecord
  2
0CONC
 70
0
 62
7
  6
Continuous
370
-3
390
13
347
21
  0
LAYER
  5
8C
330
1
100
AcDbSymbolTableRecord
100
AcDbLayerTableRecord
  2
해치벽체
 70
0
 62
8
  6
Continuous
370
-3
390
13
347
21
  0
LAYER
  5
8D
330
1
100
AcDbSymbolTableRecord
100
AcDbLayerTableRecord
  2
0WIN
 70
0
 62
4
  6
Continuous
370
-3
390
13
347
21
  0
LAYER
  5
8E
330
1
100
AcDbSymbolTableRecord
100
AcDbLayerTableRecord
  2
DOOR
 70
0
 62
2
  6
Continuous
370
-3
390
13
347
21
  0
LAYER
  5
8F
330
1
100
AcDbSymbolTableRecord
100
AcDbLayerTableRecord
  2
FUR
 70
0
 62
3
  6
Continuous
370
-3
390
13
347
21
  0
LAYER
  5
90
330
1
100
AcDbSymbolTableRecord
100
AcDbLayerTableRecord
  2
TOIL
 70
0
 62
5
  6
Continuous
370
-3
390
13
347
21
  0
LAYER
  5
91
330
1
100
AcDbSymbolTableRecord
100
AcDbLayerTableRecord
  2
0TEXT
 70
0
 62
7
  6
Continuous
370
-3
390
13
347
21
  0
LAYER
  5
92
330
1
100
AcDbSymbolTableRecord
100
AcDbLayerTableRecord
  2
0CEN
 70
0
 62
9
  6
DASHDOT
370
-3
390
13
347
21
  0
LAYER
  5
93
330
1
100
AcDbSymbolTableRecord
100
AcDbLayerTableRecord
  2
0OTB
 70
0
 62
9
  6
Continuous
370
-3
390
13
347
21
  0
LAYER
  5
94
330
1
100
AcDbSymbolTableRecord
100
AcDbLayerTableRecord
  2
STAIR
 70
0
 62
2
  6
Continuous
370
-3
390
13
347
21
  0
ENDTAB
  0
TABLE
  2
STYLE
  5
5
330
0
100
AcDbSymbolTable
 70
27
  0
STYLE
  5
29
330
5
100
AcDbSymbolTableRecord
100
AcDbTextStyleTableRecord
  2
Standard
 70
0
 40
0.0
 41
1.0
 50
0.0
 71
0
 42
2.5
  3
txt
  4

  0
STYLE
  5
41
330
5
100
AcDbSymbolTableRecord
100
AcDbTextStyleTableRecord
  2
OpenSans-Light
 70
0
 40
0.0
 41
1.0
 50
0.0
 71
0
 42
2.5
  3
OpenSans-Light.ttf
  4

  0
STYLE
  5
42
330
5
100
AcDbSymbolTableRecord
100
AcDbTextStyleTableRecord
  2
OpenSans-Light-Italic
 70
0
 40
0.0
 41
1.0
 50
0.0
 71
0
 42
2.5
  3
OpenSans-LightItalic.ttf
  4

  0
STYLE
  5
43
330
5
100
AcDbSymbolTableRecord
100
AcDbTextStyleTableRecord
  2
OpenSans
 70
0
 40
0.0
 41
1.0
 50
0.0
 71
0
 42
2.5
  3
OpenSans-Regular.ttf
  4

  0
STYLE
  5
44
330
5
100
AcDbSymbolTableRecord
100
AcDbTextStyleTableRecord
  2
OpenSans-Italic
 70
0
 40
0.0
 41
1.0
 50
0.0
 71
0
 42
2.5
  3
OpenSans-Italic.ttf
  4

  0
STYLE
  5
45
330
5
100
AcDbSymbolTableRecord
100
AcDbTextStyleTableRecord
  2
OpenSans-SemiBold
 70
0
 40
0.0
 41
1.0
 50
0.0
 71
0
 42
2.5
  3
OpenSans-SemiBold.ttf
  4

  0
STYLE
  5
46
330
5
100
AcDbSymbolTableRecord
100
AcDbTextStyleTableRecord
  2
OpenSans-SemiBoldItalic
 70
0
 40
0.0
 41
1.0
 50
0.0
 71
0
 42
2.5
  3
OpenSans-SemiBoldItalic.ttf
  4

  0
STYLE
  5
47
330
5
100
AcDbSymbolTableRecord
100
AcDbTextStyleTableRecord
  2
OpenSans-Bold
 70
0
 40
0.0
 41
1.0
 50
0.0
 71
0
 42
2.5
  3
OpenSans-Bold.ttf
  4

  0
STYLE
  5
48
330
5
100
AcDbSymbolTableRecord
100
AcDbTextStyleTableRecord
  2
OpenSans-BoldItalic
 70
0
 40
0.0
 41
1.0
 50
0.0
 71
0
 42
2.5
  3
OpenSans-BoldItalic.ttf
  4

  0
STYLE
  5
49
330
5
100
AcDbSymbolTableRecord
100
AcDbTextStyleTableRecord
  2
OpenSans-ExtraBold
 70
0
 40
0.0
 41
1.0
 50
0.0
 71
0
 42
2.5
  3
OpenSans-ExtraBold.ttf
  4

  0
STYLE
  5
4A
330
5
100
AcDbSymbolTableRecord
100
AcDbTextStyleTableRecord
  2
OpenSans-ExtraBoldItalic
 70
0
 40
0.0
 41
1.0
 50
0.0
 71
0
 42
2.5
  3
OpenSans-ExtraBoldItalic.ttf
  4

  0
STYLE
  5
4B
330
5
100
AcDbSymbolTableRecord
100
AcDbTextStyleTableRecord
  2
OpenSansCondensed-Bold
 70
0
 40
0.0
 41
1.0
 50
0.0
 71
0
 42
2.5
  3
OpenSansCondensed-Bold.ttf
  4

  0
STYLE
  5
4C
330
5
100
AcDbSymbolTableRecord
100
AcDbTextStyleTableRecord
  2
OpenSansCondensed-Light
 70
0
 40
0.0
 41
1.0
 50
0.0
 71
0
 42
2.5
  3
OpenSansCondensed-Light.ttf
  4

  0
STYLE
  5
4D
330
5
100
AcDbSymbolTableRecord
100
AcDbTextStyleTableRecord
  2
OpenSansCondensed-Italic
 70
0
 40
0.0
 41
1.0
 50
0.0
 71
0
 42
2.5
  3
OpenSansCondensed-LightItalic.ttf
  4

  0
STYLE
  5
4E
330
5
100
AcDbSymbolTableRecord
100
AcDbTextStyleTableRecord
  2
LiberationSans
 70
0
 40
0.0
 41
1.0
 50
0.0
 71
0
 42
2.5
  3
LiberationSans-Regular.ttf
  4

  0
STYLE
  5
4F
330
5
100
AcDbSymbolTableRecord
100
AcDbTextStyleTableRecord
  2
LiberationSans-Bold
 70
0
 40
0.0
 41
1.0
 50
0.0
 71
0
 42
2.5
  3
LiberationSans-Bold.ttf
  4

  0
STYLE
  5
50
330
5
100
AcDbSymbolTableRecord
100
AcDbTextStyleTableRecord
  2
LiberationSans-BoldItalic
 70
0
 40
0.0
 41
1.0
 50
0.0
 71
0
 42
2.5
  3
LiberationSans-BoldItalic.ttf
  4

  0
STYLE
  5
51
330
5
100
AcDbSymbolTableRecord
100
AcDbTextStyleTableRecord
  2
LiberationSans-Italic
 70
0
 40
0.0
 41
1.0
 50
0.0
 71
0
 42
2.5
  3
LiberationSans-Italic.ttf
  4

  0
STYLE
  5
52
330
5
100
AcDbSymbolTableRecord
100
AcDbTextStyleTableRecord
  2
LiberationSerif
 70
0
 40
0.0
 41
1.0
 50
0.0
 71
0
 42
2.5
  3
LiberationSerif-Regular.ttf
  4

  0
STYLE
  5
53
330
5
100
AcDbSymbolTableRecord
100
AcDbTextStyleTableRecord
  2
LiberationSerif-Bold
 70
0
 40
0.0
 41
1.0
 50
0.0
 71
0
 42
2.5
  3
LiberationSerif-Bold.ttf
  4

  0
STYLE
  5
54
330
5
100
AcDbSymbolTableRecord
100
AcDbTextStyleTableRecord
  2
LiberationSerif-BoldItalic
 70
0
 40
0.0
 41
1.0
 50
0.0
 71
0
 42
2.5
  3
LiberationSerif-BoldItalic.ttf
  4

  0
STYLE
  5
55
330
5
100
AcDbSymbolTableRecord
100
AcDbTextStyleTableRecord
  2
LiberationSerif-Italic
 70
0
 40
0.0
 41
1.0
 50
0.0
 71
0
 42
2.5
  3
LiberationSerif-Italic.ttf
  4

  0
STYLE
  5
56
330
5
100
AcDbSymbolTableRecord
100
AcDbTextStyleTableRecord
  2
LiberationMono
 70
0
 40
0.0
 41
1.0
 50
0.0
 71
0
 42
2.5
  3
LiberationMono-Regular.ttf
  4

  0
STYLE
  5
57
330
5
100
AcDbSymbolTableRecord
100
AcDbTextStyleTableRecord
  2
LiberationMono-Bold
 70
0
 40
0.0
 41
1.0
 50
0.0
 71
0
 42
2.5
  3
LiberationMono-Bold.ttf
  4

  0
STYLE
  5
58
330
5
100
AcDbSymbolTableRecord
100
AcDbTextStyleTableRecord
  2
LiberationMono-BoldItalic
 70
0
 40
0.0
 41
1.0
 50
0.0
 71
0
 42
2.5
  3
LiberationMono-BoldItalic.ttf
  4

  0
STYLE
  5
59
330
5
100
AcDbSymbolTableRecord
100
AcDbTextStyleTableRecord
  2
LiberationMono-Italic
 70
0
 40
0.0
 41
1.0
 50
0.0
 71
0
 42
2.5
  3
LiberationMono-Italic.ttf
  4

  0
STYLE
  5
8A
330
5
100
AcDbSymbolTableRecord
100
AcDbTextStyleTableRecord
  2
KOR
 70
0
 40
0.0
 41
1.0
 50
0.0
 71
0
 42
2.5
  3
Pretendard-Regular.ttf
  4

  0
ENDTAB
  0
TABLE
  2
VIEW
  5
7
330
0
100
AcDbSymbolTable
 70
0
  0
ENDTAB
  0
TABLE
  2
UCS
  5
6
330
0
100
AcDbSymbolTable
 70
0
  0
ENDTAB
  0
TABLE
  2
APPID
  5
3
330
0
100
AcDbSymbolTable
 70
3
  0
APPID
  5
2A
330
3
100
AcDbSymbolTableRecord
100
AcDbRegAppTableRecord
  2
ACAD
 70
0
  0
APPID
  5
67F
330
3
100
AcDbSymbolTableRecord
100
AcDbRegAppTableRecord
  2
HATCHBACKGROUNDCOLOR
 70
0
  0
APPID
  5
680
330
3
100
AcDbSymbolTableRecord
100
AcDbRegAppTableRecord
  2
EZDXF
 70
0
  0
ENDTAB
  0
TABLE
  2
DIMSTYLE
  5
4
330
0
100
AcDbSymbolTable
 70
12
100
AcDbDimStyleTable
  0
DIMSTYLE
105
2B
330
4
100
AcDbSymbolTableRecord
100
AcDbDimStyleTableRecord
  2
Standard
 70
0
 40
1.0
 41
2.5
 42
0.625
 43
3.75
 44
1.25
 45
0.0
 46
0.0
 47
0.0
 48
0.0
 49
2.5
140
2.5
141
2.5
142
0.0
143
0.03937007874
144
1.0
145
0.0
146
1.0
147
0.625
148
0.0
 69
0
 70
0
 71
0
 72
0
 73
0
 74
0
 75
0
 76
0
 77
1
 78
8
 79
3
170
0
171
3
172
1
173
0
174
0
175
0
176
0
177
0
178
0
179
2
271
2
272
2
273
2
274
3
275
0
276
0
277
2
278
44
279
0
280
0
281
0
282
0
283
0
284
8
285
0
286
0
288
0
289
3
290
0
371
-2
372
-2
  0
DIMSTYLE
105
73
330
4
100
AcDbSymbolTableRecord
100
AcDbDimStyleTableRecord
  2
EZDXF
 70
0
 40
1.0
 41
0.175
 42
0.125
 43
3.75
 44
0.375
 45
0.0
 46
0.0
 47
0.0
 48
0.0
 49
2.5
140
0.25
141
2.5
142
0.0
143
0.03937007874
144
100.0
145
0.0
146
0.5
147
0.1
148
0.0
 69
0
 70
0
 71
0
 72
0
 73
0
 74
0
 75
0
 76
0
 77
1
 78
12
 79
3
170
0
171
3
172
1
173
0
174
0
175
0
176
0
177
0
178
0
179
2
271
2
272
2
273
2
274
3
275
0
276
0
277
2
278
46
279
2
280
0
281
0
282
0
283
0
284
8
285
0
286
0
288
1
289
3
290
0
340
4C
342
74
371
-2
372
-2
  0
DIMSTYLE
105
7C
330
4
100
AcDbSymbolTableRecord
100
AcDbDimStyleTableRecord
  2
EZ_M_100_H25_CM
 70
0
 40
1.0
 41
0.25
 42
0.125
 43
3.75
 44
0.375
 45
0.0
 46
0.0
 47
0.0
 48
0.0
 49
2.5
140
0.25
141
2.5
142
0.125
143
0.03937007874
144
100.0
145
0.0
146
0.5
147
0.1
148
0.0
 69
0
 70
0
 71
0
 72
0
 73
0
 74
0
 75
0
 76
0
 77
1
 78
12
 79
3
170
0
171
3
172
1
173
0
174
0
175
0
176
0
177
0
178
0
179
2
271
2
272
2
273
2
274
3
275
0
276
0
277
2
278
46
279
2
280
0
281
0
282
0
283
0
284
8
285
0
286
0
288
1
289
3
290
0
340
4C
371
-2
372
-2
  0
DIMSTYLE
105
7D
330
4
100
AcDbSymbolTableRecord
100
AcDbDimStyleTableRecord
  2
EZ_M_50_H25_CM
 70
0
 40
1.0
 41
0.125
 42
0.0625
 43
3.75
 44
0.1875
 45
0.0
 46
0.0
 47
0.0
 48
0.0
 49
2.5
140
0.125
141
2.5
142
0.0625
143
0.03937007874
144
100.0
145
0.0
146
0.5
147
0.05
148
0.0
 69
0
 70
0
 71
0
 72
0
 73
0
 74
0
 75
0
 76
0
 77
1
 78
12
 79
3
170
0
171
3
172
1
173
0
174
0
175
0
176
0
177
0
178
0
179
2
271
2
272
2
273
2
274
3
275
0
276
0
277
2
278
46
279
2
280
0
281
0
282
0
283
0
284
8
285
0
286
0
288
1
289
3
290
0
340
4C
371
-2
372
-2
  0
DIMSTYLE
105
7E
330
4
100
AcDbSymbolTableRecord
100
AcDbDimStyleTableRecord
  2
EZ_M_25_H25_CM
 70
0
 40
1.0
 41
0.0625
 42
0.03125
 43
3.75
 44
0.09375
 45
0.0
 46
0.0
 47
0.0
 48
0.0
 49
2.5
140
0.0625
141
2.5
142
0.03125
143
0.03937007874
144
100.0
145
0.0
146
0.5
147
0.025
148
0.0
 69
0
 70
0
 71
0
 72
0
 73
0
 74
0
 75
0
 76
0
 77
1
 78
12
 79
3
170
0
171
3
172
1
173
0
174
0
175
0
176
0
177
0
178
0
179
2
271
2
272
2
273
2
274
3
275
0
276
0
277
2
278
46
279
2
280
0
281
0
282
0
283
0
284
8
285
0
286
0
288
1
289
3
290
0
340
4C
371
-2
372
-2
  0
DIMSTYLE
105
7F
330
4
100
AcDbSymbolTableRecord
100
AcDbDimStyleTableRecord
  2
EZ_M_20_H25_CM
 70
0
 40
1.0
 41
0.05
 42
0.025
 43
3.75
 44
0.07500000000000001
 45
0.0
 46
0.0
 47
0.0
 48
0.0
 49
2.5
140
0.05
141
2.5
142
0.025
143
0.03937007874
144
100.0
145
0.0
146
0.5
147
0.020000000000000004
148
0.0
 69
0
 70
0
 71
0
 72
0
 73
0
 74
0
 75
0
 76
0
 77
1
 78
12
 79
3
170
0
171
3
172
1
173
0
174
0
175
0
176
0
177
0
178
0
179
2
271
2
272
2
273
2
274
3
275
0
276
0
277
2
278
46
279
2
280
0
281
0
282
0
283
0
284
8
285
0
286
0
288
1
289
3
290
0
340
4C
371
-2
372
-2
  0
DIMSTYLE
105
80
330
4
100
AcDbSymbolTableRecord
100
AcDbDimStyleTableRecord
  2
EZ_M_10_H25_CM
 70
0
 40
1.0
 41
0.025
 42
0.0125
 43
3.75
 44
0.037500000000000006
 45
0.0
 46
0.0
 47
0.0
 48
0.0
 49
2.5
140
0.025
141
2.5
142
0.0125
143
0.03937007874
144
100.0
145
0.0
146
0.5
147
0.010000000000000002
148
0.0
 69
0
 70
0
 71
0
 72
0
 73
0
 74
0
 75
0
 76
0
 77
1
 78
12
 79
3
170
0
171
3
172
1
173
0
174
0
175
0
176
0
177
0
178
0
179
2
271
2
272
2
273
2
274
3
275
0
276
0
277
2
278
46
279
2
280
0
281
0
282
0
283
0
284
8
285
0
286
0
288
1
289
3
290
0
340
4C
371
-2
372
-2
  0
DIMSTYLE
105
81
330
4
100
AcDbSymbolTableRecord
100
AcDbDimStyleTableRecord
  2
EZ_M_5_H25_CM
 70
0
 40
1.0
 41
0.0125
 42
0.00625
 43
3.75
 44
0.018750000000000003
 45
0.0
 46
0.0
 47
0.0
 48
0.0
 49
2.5
140
0.0125
141
2.5
142
0.00625
143
0.03937007874
144
100.0
145
0.0
146
0.5
147
0.005000000000000001
148
0.0
 69
0
 70
0
 71
0
 72
0
 73
0
 74
0
 75
0
 76
0
 77
1
 78
12
 79
3
170
0
171
3
172
1
173
0
174
0
175
0
176
0
177
0
178
0
179
2
271
2
272
2
273
2
274
3
275
0
276
0
277
2
278
46
279
2
280
0
281
0
282
0
283
0
284
8
285
0
286
0
288
1
289
3
290
0
340
4C
371
-2
372
-2
  0
DIMSTYLE
105
82
330
4
100
AcDbSymbolTableRecord
100
AcDbDimStyleTableRecord
  2
EZ_M_1_H25_CM
 70
0
 40
1.0
 41
0.0025
 42
0.00125
 43
3.75
 44
0.00375
 45
0.0
 46
0.0
 47
0.0
 48
0.0
 49
2.5
140
0.0025
141
2.5
142
0.00125
143
0.03937007874
144
100.0
145
0.0
146
0.5
147
0.001
148
0.0
 69
0
 70
0
 71
0
 72
0
 73
0
 74
0
 75
0
 76
0
 77
1
 78
12
 79
3
170
0
171
3
172
1
173
0
174
0
175
0
176
0
177
0
178
0
179
2
271
2
272
2
273
2
274
3
275
0
276
0
277
2
278
46
279
2
280
0
281
0
282
0
283
0
284
8
285
0
286
0
288
1
289
3
290
0
340
4C
371
-2
372
-2
  0
DIMSTYLE
105
83
330
4
100
AcDbSymbolTableRecord
100
AcDbDimStyleTableRecord
  2
EZ_RADIUS
 70
0
 40
1.0
 41
0.25
 42
0.125
 43
3.75
 44
0.375
 45
0.0
 46
0.0
 47
0.0
 48
0.0
 49
2.5
140
0.25
141
0.0
142
0.0
143
0.03937007874
144
100.0
145
0.0
146
0.5
147
0.1
148
0.0
 69
0
 70
0
 71
0
 72
0
 73
0
 74
0
 75
0
 76
0
 77
1
 78
12
 79
3
170
0
171
3
172
0
173
0
174
0
175
0
176
0
177
0
178
0
179
2
271
2
272
2
273
2
274
3
275
0
276
0
277
2
278
46
279
1
280
0
281
0
282
0
283
0
284
8
285
0
286
0
288
1
289
3
290
0
340
4C
342
84
371
-2
372
-2
  0
DIMSTYLE
105
88
330
4
100
AcDbSymbolTableRecord
100
AcDbDimStyleTableRecord
  2
EZ_RADIUS_INSIDE
 70
0
 40
1.0
 41
0.25
 42
0.125
 43
3.75
 44
0.375
 45
0.0
 46
0.0
 47
0.0
 48
0.0
 49
2.5
140
0.25
141
0.0
142
0.0
143
0.03937007874
144
100.0
145
0.0
146
0.5
147
0.1
148
0.0
 69
0
 70
0
 71
0
 72
0
 73
0
 74
0
 75
0
 76
0
 77
0
 78
12
 79
3
170
0
171
3
172
0
173
0
174
1
175
0
176
0
177
0
178
0
179
2
271
2
272
2
273
2
274
3
275
0
276
0
277
2
278
46
279
0
280
0
281
0
282
0
283
0
284
8
285
0
286
0
288
1
289
0
290
0
340
4C
342
84
371
-2
372
-2
  0
DIMSTYLE
105
89
330
4
100
AcDbSymbolTableRecord
100
AcDbDimStyleTableRecord
  2
EZ_CURVED
 70
0
 40
1.0
 41
0.25
 42
0.125
 43
3.75
 44
0.375
 45
0.0
 46
0.0
 47
0.0
 48
0.0
 49
2.5
140
0.25
141
2.5
142
0.0
143
0.03937007874
144
100.0
145
0.0
146
0.5
147
0.1
148
0.0
 69
0
 70
0
 71
0
 72
0
 73
0
 74
0
 75
0
 76
0
 77
1
 78
12
 79
2
 90
2
170
0
171
3
172
1
173
0
174
0
175
0
176
0
177
0
178
0
179
2
271
2
272
2
273
2
274
3
275
0
276
0
277
2
278
46
279
2
280
0
281
0
282
0
283
0
284
8
285
0
286
0
288
1
289
3
290
0
340
4C
371
-2
372
-2
  0
ENDTAB
  0
TABLE
  2
BLOCK_RECORD
  5
9
330
0
100
AcDbSymbolTable
 70
5
  0
BLOCK_RECORD
  5
17
330
9
100
AcDbSymbolTableRecord
100
AcDbBlockTableRecord
  2
*Model_Space
340
1A
 70
0
280
1
281
0
  0
BLOCK_RECORD
  5
1B
330
9
100
AcDbSymbolTableRecord
100
AcDbBlockTableRecord
  2
*Paper_Space
340
1E
 70
0
280
1
281
0
  0
BLOCK_RECORD
  5
74
330
9
100
AcDbSymbolTableRecord
100
AcDbBlockTableRecord
  2
_ARCHTICK
340
0
 70
0
280
1
281
0
  0
BLOCK_RECORD
  5
78
330
9
100
AcDbSymbolTableRecord
100
AcDbBlockTableRecord
  2
_CLOSEDFILLED
340
0
 70
0
280
1
281
0
  0
BLOCK_RECORD
  5
84
330
9
100
AcDbSymbolTableRecord
100
AcDbBlockTableRecord
  2
_CLOSEDBLANK
340
0
 70
0
280
1
281
0
  0
ENDTAB
  0
ENDSEC
  0
SECTION
  2
BLOCKS
  0
BLOCK
  5
18
330
17
100
AcDbEntity
  8
0
100
AcDbBlockBegin
  2
*Model_Space
 70
0
 10
0.0
 20
0.0
 30
0.0
  3
*Model_Space
  1

  0
ENDBLK
  5
19
330
17
100
AcDbEntity
  8
0
100
AcDbBlockEnd
  0
BLOCK
  5
1C
330
1B
100
AcDbEntity
  8
0
100
AcDbBlockBegin
  2
*Paper_Space
 70
0
 10
0.0
 20
0.0
 30
0.0
  3
*Paper_Space
  1

  0
ENDBLK
  5
1D
330
1B
100
AcDbEntity
  8
0
100
AcDbBlockEnd
  0
BLOCK
  5
75
330
74
100
AcDbEntity
  8
0
100
AcDbBlockBegin
  2
_ARCHTICK
 70
0
 10
0.0
 20
0.0
 30
0.0
  3
_ARCHTICK
  1

  0
LWPOLYLINE
  5
77
330
74
100
AcDbEntity
  8
0
  6
BYBLOCK
 62
0
100
AcDbPolyline
 90
2
 70
0
 43
0.15
 10
-0.5
 20
-0.5
 10
0.5
 20
0.5
  0
ENDBLK
  5
76
330
74
100
AcDbEntity
  8
0
100
AcDbBlockEnd
  0
BLOCK
  5
79
330
78
100
AcDbEntity
  8
0
100
AcDbBlockBegin
  2
_CLOSEDFILLED
 70
0
 10
0.0
 20
0.0
 30
0.0
  3
_CLOSEDFILLED
  1

  0
SOLID
  5
7B
330
78
100
AcDbEntity
  8
0
  6
BYBLOCK
 62
0
100
AcDbTrace
 10
-1.0
 20
0.16439898372402537
 30
0.0
 11
0.0
 21
0.0
 31
0.0
 12
-1.0
 22
-0.16439898372402537
 32
0.0
 13
-1.0
 23
-0.16439898372402537
 33
0.0
  0
ENDBLK
  5
7A
330
78
100
AcDbEntity
  8
0
100
AcDbBlockEnd
  0
BLOCK
  5
85
330
84
100
AcDbEntity
  8
0
100
AcDbBlockBegin
  2
_CLOSEDBLANK
 70
0
 10
0.0
 20
0.0
 30
0.0
  3
_CLOSEDBLANK
  1

  0
LWPOLYLINE
  5
87
330
84
100
AcDbEntity
  8
0
  6
BYBLOCK
 62
0
100
AcDbPolyline
 90
3
 70
1
 10
-1.0
 20
0.16439898372402537
 10
0.0
 20
0.0
 10
-1.0
 20
-0.16439898372402537
  0
ENDBLK
  5
86
330
84
100
AcDbEntity
  8
0
100
AcDbBlockEnd
  0
ENDSEC
  0
SECTION
  2
ENTITIES
  0
LWPOLYLINE
  5
95
330
17
100
AcDbEntity
  8
0CONC
100
AcDbPolyline
 90
4
 70
1
 10
0.0
 20
16300.0
 10
700.0
 20
16300.0
 10
700.0
 20
16500.0
 10
0.0
 20
16500.0
  0
HATCH
  5
96
330
17
100
AcDbEntity
  8
해치벽체
 62
8
100
AcDbHatch
 10
0.0
 20
0.0
 30
0.0
210
0.0
220
0.0
230
1.0
  2
ANSI31
 70
0
 71
0
 91
1
 92
3
 72
0
 73
1
 93
4
 10
0.0
 20
16300.0
 10
700.0
 20
16300.0
 10
700.0
 20
16500.0
 10
0.0
 20
16500.0
 97
0
 75
1
 76
1
 52
0.0
 41
16.0
 77
0
 78
1
 53
45.0
 43
0.0
 44
0.0
 45
-35.9210244848
 46
35.9210244848
 79
0
 98
0
  0
LWPOLYLINE
  5
97
330
17
100
AcDbEntity
  8
0CONC
100
AcDbPolyline
 90
4
 70
1
 10
5600.0
 20
16300.0
 10
6900.0
 20
16300.0
 10
6900.0
 20
16500.0
 10
5600.0
 20
16500.0
  0
HATCH
  5
98
330
17
100
AcDbEntity
  8
해치벽체
 62
8
100
AcDbHatch
 10
0.0
 20
0.0
 30
0.0
210
0.0
220
0.0
230
1.0
  2
ANSI31
 70
0
 71
0
 91
1
 92
3
 72
0
 73
1
 93
4
 10
5600.0
 20
16300.0
 10
6900.0
 20
16300.0
 10
6900.0
 20
16500.0
 10
5600.0
 20
16500.0
 97
0
 75
1
 76
1
 52
0.0
 41
16.0
 77
0
 78
1
 53
45.0
 43
0.0
 44
0.0
 45
-35.9210244848
 46
35.9210244848
 79
0
 98
0
  0
LWPOLYLINE
  5
99
330
17
100
AcDbEntity
  8
0CONC
100
AcDbPolyline
 90
4
 70
1
 10
11000.0
 20
16300.0
 10
21500.0
 20
16300.0
 10
21500.0
 20
16500.0
 10
11000.0
 20
16500.0
  0
HATCH
  5
9A
330
17
100
AcDbEntity
  8
해치벽체
 62
8
100
AcDbHatch
 10
0.0
 20
0.0
 30
0.0
210
0.0
220
0.0
230
1.0
  2
ANSI31
 70
0
 71
0
 91
1
 92
3
 72
0
 73
1
 93
4
 10
11000.0
 20
16300.0
 10
21500.0
 20
16300.0
 10
21500.0
 20
16500.0
 10
11000.0
 20
16500.0
 97
0
 75
1
 76
1
 52
0.0
 41
16.0
 77
0
 78
1
 53
45.0
 43
0.0
 44
0.0
 45
-35.9210244848
 46
35.9210244848
 79
0
 98
0
  0
LWPOLYLINE
  5
9B
330
17
100
AcDbEntity
  8
0CONC
100
AcDbPolyline
 90
4
 70
1
 10
26900.0
 20
16300.0
 10
28000.0
 20
16300.0
 10
28000.0
 20
16500.0
 10
26900.0
 20
16500.0
  0
HATCH
  5
9C
330
17
100
AcDbEntity
  8
해치벽체
 62
8
100
AcDbHatch
 10
0.0
 20
0.0
 30
0.0
210
0.0
220
0.0
230
1.0
  2
ANSI31
 70
0
 71
0
 91
1
 92
3
 72
0
 73
1
 93
4
 10
26900.0
 20
16300.0
 10
28000.0
 20
16300.0
 10
28000.0
 20
16500.0
 10
26900.0
 20
16500.0
 97
0
 75
1
 76
1
 52
0.0
 41
16.0
 77
0
 78
1
 53
45.0
 43
0.0
 44
0.0
 45
-35.9210244848
 46
35.9210244848
 79
0
 98
0
  0
LWPOLYLINE
  5
9D
330
17
100
AcDbEntity
  8
0CONC
100
AcDbPolyline
 90
4
 70
1
 10
33400.0
 20
16300.0
 10
34500.0
 20
16300.0
 10
34500.0
 20
16500.0
 10
33400.0
 20
16500.0
  0
HATCH
  5
9E
330
17
100
AcDbEntity
  8
해치벽체
 62
8
100
AcDbHatch
 10
0.0
 20
0.0
 30
0.0
210
0.0
220
0.0
230
1.0
  2
ANSI31
 70
0
 71
0
 91
1
 92
3
 72
0
 73
1
 93
4
 10
33400.0
 20
16300.0
 10
34500.0
 20
16300.0
 10
34500.0
 20
16500.0
 10
33400.0
 20
16500.0
 97
0
 75
1
 76
1
 52
0.0
 41
16.0
 77
0
 78
1
 53
45.0
 43
0.0
 44
0.0
 45
-35.9210244848
 46
35.9210244848
 79
0
 98
0
  0
LWPOLYLINE
  5
9F
330
17
100
AcDbEntity
  8
0CONC
100
AcDbPolyline
 90
4
 70
1
 10
38200.0
 20
16300.0
 10
42800.0
 20
16300.0
 10
42800.0
 20
16500.0
 10
38200.0
 20
16500.0
  0
HATCH
  5
A0
330
17
100
AcDbEntity
  8
해치벽체
 62
8
100
AcDbHatch
 10
0.0
 20
0.0
 30
0.0
210
0.0
220
0.0
230
1.0
  2
ANSI31
 70
0
 71
0
 91
1
 92
3
 72
0
 73
1
 93
4
 10
38200.0
 20
16300.0
 10
42800.0
 20
16300.0
 10
42800.0
 20
16500.0
 10
38200.0
 20
16500.0
 97
0
 75
1
 76
1
 52
0.0
 41
16.0
 77
0
 78
1
 53
45.0
 43
0.0
 44
0.0
 45
-35.9210244848
 46
35.9210244848
 79
0
 98
0
  0
LWPOLYLINE
  5
A1
330
17
100
AcDbEntity
  8
0CONC
100
AcDbPolyline
 90
4
 70
1
 10
45100.0
 20
16300.0
 10
45620.0
 20
16300.0
 10
45620.0
 20
16500.0
 10
45100.0
 20
16500.0
  0
HATCH
  5
A2
330
17
100
AcDbEntity
  8
해치벽체
 62
8
100
AcDbHatch
 10
0.0
 20
0.0
 30
0.0
210
0.0
220
0.0
230
1.0
  2
ANSI31
 70
0
 71
0
 91
1
 92
3
 72
0
 73
1
 93
4
 10
45100.0
 20
16300.0
 10
45620.0
 20
16300.0
 10
45620.0
 20
16500.0
 10
45100.0
 20
16500.0
 97
0
 75
1
 76
1
 52
0.0
 41
16.0
 77
0
 78
1
 53
45.0
 43
0.0
 44
0.0
 45
-35.9210244848
 46
35.9210244848
 79
0
 98
0
  0
LINE
  5
A3
330
17
100
AcDbEntity
  8
0WIN
100
AcDbLine
 10
700.0
 20
16300.0
 30
0.0
 11
5600.0
 21
16300.0
 31
0.0
  0
LINE
  5
A4
330
17
100
AcDbEntity
  8
0WIN
100
AcDbLine
 10
700.0
 20
16366.666666666666
 30
0.0
 11
5600.0
 21
16366.666666666666
 31
0.0
  0
LINE
  5
A5
330
17
100
AcDbEntity
  8
0WIN
100
AcDbLine
 10
700.0
 20
16433.333333333332
 30
0.0
 11
5600.0
 21
16433.333333333332
 31
0.0
  0
LINE
  5
A6
330
17
100
AcDbEntity
  8
0WIN
100
AcDbLine
 10
700.0
 20
16500.0
 30
0.0
 11
5600.0
 21
16500.0
 31
0.0
  0
LINE
  5
A7
330
17
100
AcDbEntity
  8
0WIN
100
AcDbLine
 10
700.0
 20
16300.0
 30
0.0
 11
700.0
 21
16500.0
 31
0.0
  0
LINE
  5
A8
330
17
100
AcDbEntity
  8
0WIN
100
AcDbLine
 10
5600.0
 20
16300.0
 30
0.0
 11
5600.0
 21
16500.0
 31
0.0
  0
LINE
  5
A9
330
17
100
AcDbEntity
  8
0WIN
100
AcDbLine
 10
6900.0
 20
16300.0
 30
0.0
 11
11000.0
 21
16300.0
 31
0.0
  0
LINE
  5
AA
330
17
100
AcDbEntity
  8
0WIN
100
AcDbLine
 10
6900.0
 20
16366.666666666666
 30
0.0
 11
11000.0
 21
16366.666666666666
 31
0.0
  0
LINE
  5
AB
330
17
100
AcDbEntity
  8
0WIN
100
AcDbLine
 10
6900.0
 20
16433.333333333332
 30
0.0
 11
11000.0
 21
16433.333333333332
 31
0.0
  0
LINE
  5
AC
330
17
100
AcDbEntity
  8
0WIN
100
AcDbLine
 10
6900.0
 20
16500.0
 30
0.0
 11
11000.0
 21
16500.0
 31
0.0
  0
LINE
  5
AD
330
17
100
AcDbEntity
  8
0WIN
100
AcDbLine
 10
6900.0
 20
16300.0
 30
0.0
 11
6900.0
 21
16500.0
 31
0.0
  0
LINE
  5
AE
330
17
100
AcDbEntity
  8
0WIN
100
AcDbLine
 10
11000.0
 20
16300.0
 30
0.0
 11
11000.0
 21
16500.0
 31
0.0
  0
LINE
  5
AF
330
17
100
AcDbEntity
  8
0WIN
100
AcDbLine
 10
21500.0
 20
16300.0
 30
0.0
 11
26900.0
 21
16300.0
 31
0.0
  0
LINE
  5
B0
330
17
100
AcDbEntity
  8
0WIN
100
AcDbLine
 10
21500.0
 20
16366.666666666666
 30
0.0
 11
26900.0
 21
16366.666666666666
 31
0.0
  0
LINE
  5
B1
330
17
100
AcDbEntity
  8
0WIN
100
AcDbLine
 10
21500.0
 20
16433.333333333332
 30
0.0
 11
26900.0
 21
16433.333333333332
 31
0.0
  0
LINE
  5
B2
330
17
100
AcDbEntity
  8
0WIN
100
AcDbLine
 10
21500.0
 20
16500.0
 30
0.0
 11
26900.0
 21
16500.0
 31
0.0
  0
LINE
  5
B3
330
17
100
AcDbEntity
  8
0WIN
100
AcDbLine
 10
21500.0
 20
16300.0
 30
0.0
 11
21500.0
 21
16500.0
 31
0.0
  0
LINE
  5
B4
330
17
100
AcDbEntity
  8
0WIN
100
AcDbLine
 10
26900.0
 20
16300.0
 30
0.0
 11
26900.0
 21
16500.0
 31
0.0
  0
LINE
  5
B5
330
17
100
AcDbEntity
  8
0WIN
100
AcDbLine
 10
28000.0
 20
16300.0
 30
0.0
 11
33400.0
 21
16300.0
 31
0.0
  0
LINE
  5
B6
330
17
100
AcDbEntity
  8
0WIN
100
AcDbLine
 10
28000.0
 20
16366.666666666666
 30
0.0
 11
33400.0
 21
16366.666666666666
 31
0.0
  0
LINE
  5
B7
330
17
100
AcDbEntity
  8
0WIN
100
AcDbLine
 10
28000.0
 20
16433.333333333332
 30
0.0
 11
33400.0
 21
16433.333333333332
 31
0.0
  0
LINE
  5
B8
330
17
100
AcDbEntity
  8
0WIN
100
AcDbLine
 10
28000.0
 20
16500.0
 30
0.0
 11
33400.0
 21
16500.0
 31
0.0
  0
LINE
  5
B9
330
17
100
AcDbEntity
  8
0WIN
100
AcDbLine
 10
28000.0
 20
16300.0
 30
0.0
 11
28000.0
 21
16500.0
 31
0.0
  0
LINE
  5
BA
330
17
100
AcDbEntity
  8
0WIN
100
AcDbLine
 10
33400.0
 20
16300.0
 30
0.0
 11
33400.0
 21
16500.0
 31
0.0
  0
LINE
  5
BB
330
17
100
AcDbEntity
  8
0WIN
100
AcDbLine
 10
34500.0
 20
16300.0
 30
0.0
 11
38200.0
 21
16300.0
 31
0.0
  0
LINE
  5
BC
330
17
100
AcDbEntity
  8
0WIN
100
AcDbLine
 10
34500.0
 20
16366.666666666666
 30
0.0
 11
38200.0
 21
16366.666666666666
 31
0.0
  0
LINE
  5
BD
330
17
100
AcDbEntity
  8
0WIN
100
AcDbLine
 10
34500.0
 20
16433.333333333332
 30
0.0
 11
38200.0
 21
16433.333333333332
 31
0.0
  0
LINE
  5
BE
330
17
100
AcDbEntity
  8
0WIN
100
AcDbLine
 10
34500.0
 20
16500.0
 30
0.0
 11
38200.0
 21
16500.0
 31
0.0
  0
LINE
  5
BF
330
17
100
AcDbEntity
  8
0WIN
100
AcDbLine
 10
34500.0
 20
16300.0
 30
0.0
 11
34500.0
 21
16500.0
 31
0.0
  0
LINE
  5
C0
330
17
100
AcDbEntity
  8
0WIN
100
AcDbLine
 10
38200.0
 20
16300.0
 30
0.0
 11
38200.0
 21
16500.0
 31
0.0
  0
LINE
  5
C1
330
17
100
AcDbEntity
  8
0WIN
100
AcDbLine
 10
42800.0
 20
16300.0
 30
0.0
 11
45100.0
 21
16300.0
 31
0.0
  0
LINE
  5
C2
330
17
100
AcDbEntity
  8
0WIN
100
AcDbLine
 10
42800.0
 20
16366.666666666666
 30
0.0
 11
45100.0
 21
16366.666666666666
 31
0.0
  0
LINE
  5
C3
330
17
100
AcDbEntity
  8
0WIN
100
AcDbLine
 10
42800.0
 20
16433.333333333332
 30
0.0
 11
45100.0
 21
16433.333333333332
 31
0.0
  0
LINE
  5
C4
330
17
100
AcDbEntity
  8
0WIN
100
AcDbLine
 10
42800.0
 20
16500.0
 30
0.0
 11
45100.0
 21
16500.0
 31
0.0
  0
LINE
  5
C5
330
17
100
AcDbEntity
  8
0WIN
100
AcDbLine
 10
42800.0
 20
16300.0
 30
0.0
 11
42800.0
 21
16500.0
 31
0.0
  0
LINE
  5
C6
330
17
100
AcDbEntity
  8
0WIN
100
AcDbLine
 10
45100.0
 20
16300.0
 30
0.0
 11
45100.0
 21
16500.0
 31
0.0
  0
LWPOLYLINE
  5
C7
330
17
100
AcDbEntity
  8
0CONC
100
AcDbPolyline
 90
4
 70
1
 10
0.0
 20
7500.0
 10
700.0
 20
7500.0
 10
700.0
 20
7700.0
 10
0.0
 20
7700.0
  0
HATCH
  5
C8
330
17
100
AcDbEntity
  8
해치벽체
 62
8
100
AcDbHatch
 10
0.0
 20
0.0
 30
0.0
210
0.0
220
0.0
230
1.0
  2
ANSI31
 70
0
 71
0
 91
1
 92
3
 72
0
 73
1
 93
4
 10
0.0
 20
7500.0
 10
700.0
 20
7500.0
 10
700.0
 20
7700.0
 10
0.0
 20
7700.0
 97
0
 75
1
 76
1
 52
0.0
 41
16.0
 77
0
 78
1
 53
45.0
 43
0.0
 44
0.0
 45
-35.9210244848
 46
35.9210244848
 79
0
 98
0
  0
LWPOLYLINE
  5
C9
330
17
100
AcDbEntity
  8
0CONC
100
AcDbPolyline
 90
4
 70
1
 10
5600.0
 20
7500.0
 10
12600.0
 20
7500.0
 10
12600.0
 20
7700.0
 10
5600.0
 20
7700.0
  0
HATCH
  5
CA
330
17
100
AcDbEntity
  8
해치벽체
 62
8
100
AcDbHatch
 10
0.0
 20
0.0
 30
0.0
210
0.0
220
0.0
230
1.0
  2
ANSI31
 70
0
 71
0
 91
1
 92
3
 72
0
 73
1
 93
4
 10
5600.0
 20
7500.0
 10
12600.0
 20
7500.0
 10
12600.0
 20
7700.0
 10
5600.0
 20
7700.0
 97
0
 75
1
 76
1
 52
0.0
 41
16.0
 77
0
 78
1
 53
45.0
 43
0.0
 44
0.0
 45
-35.9210244848
 46
35.9210244848
 79
0
 98
0
  0
LWPOLYLINE
  5
CB
330
17
100
AcDbEntity
  8
0CONC
100
AcDbPolyline
 90
4
 70
1
 10
17200.0
 20
7500.0
 10
22200.0
 20
7500.0
 10
22200.0
 20
7700.0
 10
17200.0
 20
7700.0
  0
HATCH
  5
CC
330
17
100
AcDbEntity
  8
해치벽체
 62
8
100
AcDbHatch
 10
0.0
 20
0.0
 30
0.0
210
0.0
220
0.0
230
1.0
  2
ANSI31
 70
0
 71
0
 91
1
 92
3
 72
0
 73
1
 93
4
 10
17200.0
 20
7500.0
 10
22200.0
 20
7500.0
 10
22200.0
 20
7700.0
 10
17200.0
 20
7700.0
 97
0
 75
1
 76
1
 52
0.0
 41
16.0
 77
0
 78
1
 53
45.0
 43
0.0
 44
0.0
 45
-35.9210244848
 46
35.9210244848
 79
0
 98
0
  0
LWPOLYLINE
  5
CD
330
17
100
AcDbEntity
  8
0CONC
100
AcDbPolyline
 90
4
 70
1
 10
29000.0
 20
7500.0
 10
31320.0
 20
7500.0
 10
31320.0
 20
7700.0
 10
29000.0
 20
7700.0
  0
HATCH
  5
CE
330
17
100
AcDbEntity
  8
해치벽체
 62
8
100
AcDbHatch
 10
0.0
 20
0.0
 30
0.0
210
0.0
220
0.0
230
1.0
  2
ANSI31
 70
0
 71
0
 91
1
 92
3
 72
0
 73
1
 93
4
 10
29000.0
 20
7500.0
 10
31320.0
 20
7500.0
 10
31320.0
 20
7700.0
 10
29000.0
 20
7700.0
 97
0
 75
1
 76
1
 52
0.0
 41
16.0
 77
0
 78
1
 53
45.0
 43
0.0
 44
0.0
 45
-35.9210244848
 46
35.9210244848
 79
0
 98
0
  0
LINE
  5
CF
330
17
100
AcDbEntity
  8
0WIN
100
AcDbLine
 10
700.0
 20
7500.0
 30
0.0
 11
5600.0
 21
7500.0
 31
0.0
  0
LINE
  5
D0
330
17
100
AcDbEntity
  8
0WIN
100
AcDbLine
 10
700.0
 20
7566.666666666667
 30
0.0
 11
5600.0
 21
7566.666666666667
 31
0.0
  0
LINE
  5
D1
330
17
100
AcDbEntity
  8
0WIN
100
AcDbLine
 10
700.0
 20
7633.333333333333
 30
0.0
 11
5600.0
 21
7633.333333333333
 31
0.0
  0
LINE
  5
D2
330
17
100
AcDbEntity
  8
0WIN
100
AcDbLine
 10
700.0
 20
7700.0
 30
0.0
 11
5600.0
 21
7700.0
 31
0.0
  0
LINE
  5
D3
330
17
100
AcDbEntity
  8
0WIN
100
AcDbLine
 10
700.0
 20
7500.0
 30
0.0
 11
700.0
 21
7700.0
 31
0.0
  0
LINE
  5
D4
330
17
100
AcDbEntity
  8
0WIN
100
AcDbLine
 10
5600.0
 20
7500.0
 30
0.0
 11
5600.0
 21
7700.0
 31
0.0
  0
LINE
  5
D5
330
17
100
AcDbEntity
  8
0WIN
100
AcDbLine
 10
12600.0
 20
7500.0
 30
0.0
 11
17200.0
 21
7500.0
 31
0.0
  0
LINE
  5
D6
330
17
100
AcDbEntity
  8
0WIN
100
AcDbLine
 10
12600.0
 20
7566.666666666667
 30
0.0
 11
17200.0
 21
7566.666666666667
 31
0.0
  0
LINE
  5
D7
330
17
100
AcDbEntity
  8
0WIN
100
AcDbLine
 10
12600.0
 20
7633.333333333333
 30
0.0
 11
17200.0
 21
7633.333333333333
 31
0.0
  0
LINE
  5
D8
330
17
100
AcDbEntity
  8
0WIN
100
AcDbLine
 10
12600.0
 20
7700.0
 30
0.0
 11
17200.0
 21
7700.0
 31
0.0
  0
LINE
  5
D9
330
17
100
AcDbEntity
  8
0WIN
100
AcDbLine
 10
12600.0
 20
7500.0
 30
0.0
 11
12600.0
 21
7700.0
 31
0.0
  0
LINE
  5
DA
330
17
100
AcDbEntity
  8
0WIN
100
AcDbLine
 10
17200.0
 20
7500.0
 30
0.0
 11
17200.0
 21
7700.0
 31
0.0
  0
LINE
  5
DB
330
17
100
AcDbEntity
  8
0WIN
100
AcDbLine
 10
22200.0
 20
7500.0
 30
0.0
 11
29000.0
 21
7500.0
 31
0.0
  0
LINE
  5
DC
330
17
100
AcDbEntity
  8
0WIN
100
AcDbLine
 10
22200.0
 20
7566.666666666667
 30
0.0
 11
29000.0
 21
7566.666666666667
 31
0.0
  0
LINE
  5
DD
330
17
100
AcDbEntity
  8
0WIN
100
AcDbLine
 10
22200.0
 20
7633.333333333333
 30
0.0
 11
29000.0
 21
7633.333333333333
 31
0.0
  0
LINE
  5
DE
330
17
100
AcDbEntity
  8
0WIN
100
AcDbLine
 10
22200.0
 20
7700.0
 30
0.0
 11
29000.0
 21
7700.0
 31
0.0
  0
LINE
  5
DF
330
17
100
AcDbEntity
  8
0WIN
100
AcDbLine
 10
22200.0
 20
7500.0
 30
0.0
 11
22200.0
 21
7700.0
 31
0.0
  0
LINE
  5
E0
330
17
100
AcDbEntity
  8
0WIN
100
AcDbLine
 10
29000.0
 20
7500.0
 30
0.0
 11
29000.0
 21
7700.0
 31
0.0
  0
LWPOLYLINE
  5
E1
330
17
100
AcDbEntity
  8
0CONC
100
AcDbPolyline
 90
4
 70
1
 10
42220.0
 20
7500.0
 10
45620.0
 20
7500.0
 10
45620.0
 20
7700.0
 10
42220.0
 20
7700.0
  0
HATCH
  5
E2
330
17
100
AcDbEntity
  8
해치벽체
 62
8
100
AcDbHatch
 10
0.0
 20
0.0
 30
0.0
210
0.0
220
0.0
230
1.0
  2
ANSI31
 70
0
 71
0
 91
1
 92
3
 72
0
 73
1
 93
4
 10
42220.0
 20
7500.0
 10
45620.0
 20
7500.0
 10
45620.0
 20
7700.0
 10
42220.0
 20
7700.0
 97
0
 75
1
 76
1
 52
0.0
 41
16.0
 77
0
 78
1
 53
45.0
 43
0.0
 44
0.0
 45
-35.9210244848
 46
35.9210244848
 79
0
 98
0
  0
LWPOLYLINE
  5
E3
330
17
100
AcDbEntity
  8
0CONC
100
AcDbPolyline
 90
4
 70
1
 10
0.0
 20
7500.0
 10
200.0
 20
7500.0
 10
200.0
 20
8300.0
 10
0.0
 20
8300.0
  0
HATCH
  5
E4
330
17
100
AcDbEntity
  8
해치벽체
 62
8
100
AcDbHatch
 10
0.0
 20
0.0
 30
0.0
210
0.0
220
0.0
230
1.0
  2
ANSI31
 70
0
 71
0
 91
1
 92
3
 72
0
 73
1
 93
4
 10
0.0
 20
7500.0
 10
200.0
 20
7500.0
 10
200.0
 20
8300.0
 10
0.0
 20
8300.0
 97
0
 75
1
 76
1
 52
0.0
 41
16.0
 77
0
 78
1
 53
45.0
 43
0.0
 44
0.0
 45
-35.9210244848
 46
35.9210244848
 79
0
 98
0
  0
LWPOLYLINE
  5
E5
330
17
100
AcDbEntity
  8
0CONC
100
AcDbPolyline
 90
4
 70
1
 10
0.0
 20
15700.0
 10
200.0
 20
15700.0
 10
200.0
 20
16500.0
 10
0.0
 20
16500.0
  0
HATCH
  5
E6
330
17
100
AcDbEntity
  8
해치벽체
 62
8
100
AcDbHatch
 10
0.0
 20
0.0
 30
0.0
210
0.0
220
0.0
230
1.0
  2
ANSI31
 70
0
 71
0
 91
1
 92
3
 72
0
 73
1
 93
4
 10
0.0
 20
15700.0
 10
200.0
 20
15700.0
 10
200.0
 20
16500.0
 10
0.0
 20
16500.0
 97
0
 75
1
 76
1
 52
0.0
 41
16.0
 77
0
 78
1
 53
45.0
 43
0.0
 44
0.0
 45
-35.9210244848
 46
35.9210244848
 79
0
 98
0
  0
LINE
  5
E7
330
17
100
AcDbEntity
  8
0WIN
100
AcDbLine
 10
0.0
 20
8300.0
 30
0.0
 11
0.0
 21
15700.0
 31
0.0
  0
LINE
  5
E8
330
17
100
AcDbEntity
  8
0WIN
100
AcDbLine
 10
66.66666666666666
 20
8300.0
 30
0.0
 11
66.66666666666666
 21
15700.0
 31
0.0
  0
LINE
  5
E9
330
17
100
AcDbEntity
  8
0WIN
100
AcDbLine
 10
133.33333333333331
 20
8300.0
 30
0.0
 11
133.33333333333331
 21
15700.0
 31
0.0
  0
LINE
  5
EA
330
17
100
AcDbEntity
  8
0WIN
100
AcDbLine
 10
200.0
 20
8300.0
 30
0.0
 11
200.0
 21
15700.0
 31
0.0
  0
LINE
  5
EB
330
17
100
AcDbEntity
  8
0WIN
100
AcDbLine
 10
0.0
 20
8300.0
 30
0.0
 11
200.0
 21
8300.0
 31
0.0
  0
LINE
  5
EC
330
17
100
AcDbEntity
  8
0WIN
100
AcDbLine
 10
0.0
 20
15700.0
 30
0.0
 11
200.0
 21
15700.0
 31
0.0
  0
LWPOLYLINE
  5
ED
330
17
100
AcDbEntity
  8
0CONC
100
AcDbPolyline
 90
4
 70
1
 10
45420.0
 20
7500.0
 10
45620.0
 20
7500.0
 10
45620.0
 20
16500.0
 10
45420.0
 20
16500.0
  0
HATCH
  5
EE
330
17
100
AcDbEntity
  8
해치벽체
 62
8
100
AcDbHatch
 10
0.0
 20
0.0
 30
0.0
210
0.0
220
0.0
230
1.0
  2
ANSI31
 70
0
 71
0
 91
1
 92
3
 72
0
 73
1
 93
4
 10
45420.0
 20
7500.0
 10
45620.0
 20
7500.0
 10
45620.0
 20
16500.0
 10
45420.0
 20
16500.0
 97
0
 75
1
 76
1
 52
0.0
 41
16.0
 77
0
 78
1
 53
45.0
 43
0.0
 44
0.0
 45
-35.9210244848
 46
35.9210244848
 79
0
 98
0
  0
LWPOLYLINE
  5
EF
330
17
100
AcDbEntity
  8
0CONC
100
AcDbPolyline
 90
4
 70
1
 10
31320.0
 20
0.0
 10
31520.0
 20
0.0
 10
31520.0
 20
7500.0
 10
31320.0
 20
7500.0
  0
HATCH
  5
F0
330
17
100
AcDbEntity
  8
해치벽체
 62
8
100
AcDbHatch
 10
0.0
 20
0.0
 30
0.0
210
0.0
220
0.0
230
1.0
  2
ANSI31
 70
0
 71
0
 91
1
 92
3
 72
0
 73
1
 93
4
 10
31320.0
 20
0.0
 10
31520.0
 20
0.0
 10
31520.0
 20
7500.0
 10
31320.0
 20
7500.0
 97
0
 75
1
 76
1
 52
0.0
 41
16.0
 77
0
 78
1
 53
45.0
 43
0.0
 44
0.0
 45
-35.9210244848
 46
35.9210244848
 79
0
 98
0
  0
LWPOLYLINE
  5
F1
330
17
100
AcDbEntity
  8
0CONC
100
AcDbPolyline
 90
4
 70
1
 10
42020.0
 20
0.0
 10
42220.0
 20
0.0
 10
42220.0
 20
7500.0
 10
42020.0
 20
7500.0
  0
HATCH
  5
F2
330
17
100
AcDbEntity
  8
해치벽체
 62
8
100
AcDbHatch
 10
0.0
 20
0.0
 30
0.0
210
0.0
220
0.0
230
1.0
  2
ANSI31
 70
0
 71
0
 91
1
 92
3
 72
0
 73
1
 93
4
 10
42020.0
 20
0.0
 10
42220.0
 20
0.0
 10
42220.0
 20
7500.0
 10
42020.0
 20
7500.0
 97
0
 75
1
 76
1
 52
0.0
 41
16.0
 77
0
 78
1
 53
45.0
 43
0.0
 44
0.0
 45
-35.9210244848
 46
35.9210244848
 79
0
 98
0
  0
LWPOLYLINE
  5
F3
330
17
100
AcDbEntity
  8
0CONC
100
AcDbPolyline
 90
4
 70
1
 10
31320.0
 20
0.0
 10
32620.0
 20
0.0
 10
32620.0
 20
200.0
 10
31320.0
 20
200.0
  0
HATCH
  5
F4
330
17
100
AcDbEntity
  8
해치벽체
 62
8
100
AcDbHatch
 10
0.0
 20
0.0
 30
0.0
210
0.0
220
0.0
230
1.0
  2
ANSI31
 70
0
 71
0
 91
1
 92
3
 72
0
 73
1
 93
4
 10
31320.0
 20
0.0
 10
32620.0
 20
0.0
 10
32620.0
 20
200.0
 10
31320.0
 20
200.0
 97
0
 75
1
 76
1
 52
0.0
 41
16.0
 77
0
 78
1
 53
45.0
 43
0.0
 44
0.0
 45
-35.9210244848
 46
35.9210244848
 79
0
 98
0
  0
LWPOLYLINE
  5
F5
330
17
100
AcDbEntity
  8
0CONC
100
AcDbPolyline
 90
4
 70
1
 10
40920.0
 20
0.0
 10
42220.0
 20
0.0
 10
42220.0
 20
200.0
 10
40920.0
 20
200.0
  0
HATCH
  5
F6
330
17
100
AcDbEntity
  8
해치벽체
 62
8
100
AcDbHatch
 10
0.0
 20
0.0
 30
0.0
210
0.0
220
0.0
230
1.0
  2
ANSI31
 70
0
 71
0
 91
1
 92
3
 72
0
 73
1
 93
4
 10
40920.0
 20
0.0
 10
42220.0
 20
0.0
 10
42220.0
 20
200.0
 10
40920.0
 20
200.0
 97
0
 75
1
 76
1
 52
0.0
 41
16.0
 77
0
 78
1
 53
45.0
 43
0.0
 44
0.0
 45
-35.9210244848
 46
35.9210244848
 79
0
 98
0
  0
LINE
  5
F7
330
17
100
AcDbEntity
  8
0WIN
100
AcDbLine
 10
32620.0
 20
0.0
 30
0.0
 11
40920.0
 21
0.0
 31
0.0
  0
LINE
  5
F8
330
17
100
AcDbEntity
  8
0WIN
100
AcDbLine
 10
32620.0
 20
66.66666666666666
 30
0.0
 11
40920.0
 21
66.66666666666666
 31
0.0
  0
LINE
  5
F9
330
17
100
AcDbEntity
  8
0WIN
100
AcDbLine
 10
32620.0
 20
133.33333333333331
 30
0.0
 11
40920.0
 21
133.33333333333331
 31
0.0
  0
LINE
  5
FA
330
17
100
AcDbEntity
  8
0WIN
100
AcDbLine
 10
32620.0
 20
200.0
 30
0.0
 11
40920.0
 21
200.0
 31
0.0
  0
LINE
  5
FB
330
17
100
AcDbEntity
  8
0WIN
100
AcDbLine
 10
32620.0
 20
0.0
 30
0.0
 11
32620.0
 21
200.0
 31
0.0
  0
LINE
  5
FC
330
17
100
AcDbEntity
  8
0WIN
100
AcDbLine
 10
40920.0
 20
0.0
 30
0.0
 11
40920.0
 21
200.0
 31
0.0
  0
LWPOLYLINE
  5
FD
330
17
100
AcDbEntity
  8
0CONC
100
AcDbPolyline
 90
4
 70
1
 10
38720.0
 20
9000.0
 10
38920.0
 20
9000.0
 10
38920.0
 20
16500.0
 10
38720.0
 20
16500.0
  0
HATCH
  5
FE
330
17
100
AcDbEntity
  8
해치벽체
 62
8
100
AcDbHatch
 10
0.0
 20
0.0
 30
0.0
210
0.0
220
0.0
230
1.0
  2
ANSI31
 70
0
 71
0
 91
1
 92
3
 72
0
 73
1
 93
4
 10
38720.0
 20
9000.0
 10
38920.0
 20
9000.0
 10
38920.0
 20
16500.0
 10
38720.0
 20
16500.0
 97
0
 75
1
 76
1
 52
0.0
 41
16.0
 77
0
 78
1
 53
45.0
 43
0.0
 44
0.0
 45
-35.9210244848
 46
35.9210244848
 79
0
 98
0
  0
LWPOLYLINE
  5
FF
330
17
100
AcDbEntity
  8
0CONC
100
AcDbPolyline
 90
4
 70
1
 10
42020.0
 20
9000.0
 10
42220.0
 20
9000.0
 10
42220.0
 20
16500.0
 10
42020.0
 20
16500.0
  0
HATCH
  5
100
330
17
100
AcDbEntity
  8
해치벽체
 62
8
100
AcDbHatch
 10
0.0
 20
0.0
 30
0.0
210
0.0
220
0.0
230
1.0
  2
ANSI31
 70
0
 71
0
 91
1
 92
3
 72
0
 73
1
 93
4
 10
42020.0
 20
9000.0
 10
42220.0
 20
9000.0
 10
42220.0
 20
16500.0
 10
42020.0
 20
16500.0
 97
0
 75
1
 76
1
 52
0.0
 41
16.0
 77
0
 78
1
 53
45.0
 43
0.0
 44
0.0
 45
-35.9210244848
 46
35.9210244848
 79
0
 98
0
  0
LWPOLYLINE
  5
101
330
17
100
AcDbEntity
  8
0CONC
100
AcDbPolyline
 90
4
 70
1
 10
38720.0
 20
9000.0
 10
42220.0
 20
9000.0
 10
42220.0
 20
9200.0
 10
38720.0
 20
9200.0
  0
HATCH
  5
102
330
17
100
AcDbEntity
  8
해치벽체
 62
8
100
AcDbHatch
 10
0.0
 20
0.0
 30
0.0
210
0.0
220
0.0
230
1.0
  2
ANSI31
 70
0
 71
0
 91
1
 92
3
 72
0
 73
1
 93
4
 10
38720.0
 20
9000.0
 10
42220.0
 20
9000.0
 10
42220.0
 20
9200.0
 10
38720.0
 20
9200.0
 97
0
 75
1
 76
1
 52
0.0
 41
16.0
 77
0
 78
1
 53
45.0
 43
0.0
 44
0.0
 45
-35.9210244848
 46
35.9210244848
 79
0
 98
0
  0
LWPOLYLINE
  5
103
330
17
100
AcDbEntity
  8
0OTB
100
AcDbPolyline
 90
4
 70
1
 10
38920.0
 20
9200.0
 10
42020.0
 20
9200.0
 10
42020.0
 20
16300.0
 10
38920.0
 20
16300.0
  0
LINE
  5
104
330
17
100
AcDbEntity
  8
0OTB
100
AcDbLine
 10
39620.0
 20
9200.0
 30
0.0
 11
38920.0
 21
9900.0
 31
0.0
  0
LINE
  5
105
330
17
100
AcDbEntity
  8
0OTB
100
AcDbLine
 10
40320.0
 20
9200.0
 30
0.0
 11
38920.0
 21
10600.0
 31
0.0
  0
LINE
  5
106
330
17
100
AcDbEntity
  8
0OTB
100
AcDbLine
 10
41020.0
 20
9200.0
 30
0.0
 11
38920.0
 21
11300.0
 31
0.0
  0
LINE
  5
107
330
17
100
AcDbEntity
  8
0OTB
100
AcDbLine
 10
41720.0
 20
9200.0
 30
0.0
 11
38920.0
 21
12000.0
 31
0.0
  0
LINE
  5
108
330
17
100
AcDbEntity
  8
0OTB
100
AcDbLine
 10
42020.0
 20
9600.0
 30
0.0
 11
38920.0
 21
12700.0
 31
0.0
  0
LINE
  5
109
330
17
100
AcDbEntity
  8
0OTB
100
AcDbLine
 10
42020.0
 20
10300.0
 30
0.0
 11
38920.0
 21
13400.0
 31
0.0
  0
LINE
  5
10A
330
17
100
AcDbEntity
  8
0OTB
100
AcDbLine
 10
42020.0
 20
11000.0
 30
0.0
 11
38920.0
 21
14100.0
 31
0.0
  0
LINE
  5
10B
330
17
100
AcDbEntity
  8
0OTB
100
AcDbLine
 10
42020.0
 20
11700.0
 30
0.0
 11
38920.0
 21
14800.0
 31
0.0
  0
LINE
  5
10C
330
17
100
AcDbEntity
  8
0OTB
100
AcDbLine
 10
42020.0
 20
12400.0
 30
0.0
 11
38920.0
 21
15500.0
 31
0.0
  0
LINE
  5
10D
330
17
100
AcDbEntity
  8
0OTB
100
AcDbLine
 10
42020.0
 20
13100.0
 30
0.0
 11
38920.0
 21
16200.0
 31
0.0
  0
LINE
  5
10E
330
17
100
AcDbEntity
  8
0OTB
100
AcDbLine
 10
42020.0
 20
13800.0
 30
0.0
 11
39520.0
 21
16300.0
 31
0.0
  0
LINE
  5
10F
330
17
100
AcDbEntity
  8
0OTB
100
AcDbLine
 10
42020.0
 20
14500.0
 30
0.0
 11
40220.0
 21
16300.0
 31
0.0
  0
LINE
  5
110
330
17
100
AcDbEntity
  8
0OTB
100
AcDbLine
 10
42020.0
 20
15200.0
 30
0.0
 11
40920.0
 21
16300.0
 31
0.0
  0
TEXT
  5
111
330
17
100
AcDbEntity
  8
0TEXT
 62
9
100
AcDbText
 10
40470.0
 20
12750.0
 30
0.0
 40
215.0
  1
창고 상부(보이드)
  7
KOR
 72
1
 11
40470.0
 21
12750.0
 31
0.0
100
AcDbText
 73
2
  0
LWPOLYLINE
  5
112
330
17
100
AcDbEntity
  8
0CONC
100
AcDbPolyline
 90
4
 70
1
 10
11570.0
 20
10200.0
 10
18170.0
 20
10200.0
 10
18170.0
 20
10400.0
 10
11570.0
 20
10400.0
  0
HATCH
  5
113
330
17
100
AcDbEntity
  8
해치벽체
 62
8
100
AcDbHatch
 10
0.0
 20
0.0
 30
0.0
210
0.0
220
0.0
230
1.0
  2
ANSI31
 70
0
 71
0
 91
1
 92
3
 72
0
 73
1
 93
4
 10
11570.0
 20
10200.0
 10
18170.0
 20
10200.0
 10
18170.0
 20
10400.0
 10
11570.0
 20
10400.0
 97
0
 75
1
 76
1
 52
0.0
 41
16.0
 77
0
 78
1
 53
45.0
 43
0.0
 44
0.0
 45
-35.9210244848
 46
35.9210244848
 79
0
 98
0
  0
LWPOLYLINE
  5
114
330
17
100
AcDbEntity
  8
0CONC
100
AcDbPolyline
 90
4
 70
1
 10
11570.0
 20
10200.0
 10
11770.0
 20
10200.0
 10
11770.0
 20
16500.0
 10
11570.0
 20
16500.0
  0
HATCH
  5
115
330
17
100
AcDbEntity
  8
해치벽체
 62
8
100
AcDbHatch
 10
0.0
 20
0.0
 30
0.0
210
0.0
220
0.0
230
1.0
  2
ANSI31
 70
0
 71
0
 91
1
 92
3
 72
0
 73
1
 93
4
 10
11570.0
 20
10200.0
 10
11770.0
 20
10200.0
 10
11770.0
 20
16500.0
 10
11570.0
 20
16500.0
 97
0
 75
1
 76
1
 52
0.0
 41
16.0
 77
0
 78
1
 53
45.0
 43
0.0
 44
0.0
 45
-35.9210244848
 46
35.9210244848
 79
0
 98
0
  0
LWPOLYLINE
  5
116
330
17
100
AcDbEntity
  8
0CONC
100
AcDbPolyline
 90
4
 70
1
 10
17970.0
 20
10200.0
 10
18170.0
 20
10200.0
 10
18170.0
 20
16500.0
 10
17970.0
 20
16500.0
  0
HATCH
  5
117
330
17
100
AcDbEntity
  8
해치벽체
 62
8
100
AcDbHatch
 10
0.0
 20
0.0
 30
0.0
210
0.0
220
0.0
230
1.0
  2
ANSI31
 70
0
 71
0
 91
1
 92
3
 72
0
 73
1
 93
4
 10
17970.0
 20
10200.0
 10
18170.0
 20
10200.0
 10
18170.0
 20
16500.0
 10
17970.0
 20
16500.0
 97
0
 75
1
 76
1
 52
0.0
 41
16.0
 77
0
 78
1
 53
45.0
 43
0.0
 44
0.0
 45
-35.9210244848
 46
35.9210244848
 79
0
 98
0
  0
LWPOLYLINE
  5
118
330
17
100
AcDbEntity
  8
0CONC
100
AcDbPolyline
 90
4
 70
1
 10
14570.0
 20
10400.0
 10
14770.0
 20
10400.0
 10
14770.0
 20
16500.0
 10
14570.0
 20
16500.0
  0
HATCH
  5
119
330
17
100
AcDbEntity
  8
해치벽체
 62
8
100
AcDbHatch
 10
0.0
 20
0.0
 30
0.0
210
0.0
220
0.0
230
1.0
  2
ANSI31
 70
0
 71
0
 91
1
 92
3
 72
0
 73
1
 93
4
 10
14570.0
 20
10400.0
 10
14770.0
 20
10400.0
 10
14770.0
 20
16500.0
 10
14570.0
 20
16500.0
 97
0
 75
1
 76
1
 52
0.0
 41
16.0
 77
0
 78
1
 53
45.0
 43
0.0
 44
0.0
 45
-35.9210244848
 46
35.9210244848
 79
0
 98
0
  0
LWPOLYLINE
  5
11A
330
17
100
AcDbEntity
  8
FUR
100
AcDbPolyline
 90
4
 70
1
 10
11970.0
 20
10650.0
 10
14370.0
 20
10650.0
 10
14370.0
 20
12950.0
 10
11970.0
 20
12950.0
  0
LINE
  5
11B
330
17
100
AcDbEntity
  8
FUR
100
AcDbLine
 10
11970.0
 20
10650.0
 30
0.0
 11
14370.0
 21
12950.0
 31
0.0
  0
LINE
  5
11C
330
17
100
AcDbEntity
  8
FUR
100
AcDbLine
 10
11970.0
 20
12950.0
 30
0.0
 11
14370.0
 21
10650.0
 31
0.0
  0
TEXT
  5
11D
330
17
100
AcDbEntity
  8
0TEXT
100
AcDbText
 10
13170.0
 20
11800.0
 30
0.0
 40
270.0
  1
EV
  7
KOR
 72
1
 11
13170.0
 21
11800.0
 31
0.0
100
AcDbText
 73
2
  0
LWPOLYLINE
  5
11E
330
17
100
AcDbEntity
  8
FUR
100
AcDbPolyline
 90
4
 70
1
 10
11970.0
 20
13250.0
 10
14370.0
 20
13250.0
 10
14370.0
 20
15550.0
 10
11970.0
 20
15550.0
  0
LINE
  5
11F
330
17
100
AcDbEntity
  8
FUR
100
AcDbLine
 10
11970.0
 20
13250.0
 30
0.0
 11
14370.0
 21
15550.0
 31
0.0
  0
LINE
  5
120
330
17
100
AcDbEntity
  8
FUR
100
AcDbLine
 10
11970.0
 20
15550.0
 30
0.0
 11
14370.0
 21
13250.0
 31
0.0
  0
TEXT
  5
121
330
17
100
AcDbEntity
  8
0TEXT
100
AcDbText
 10
13170.0
 20
14400.0
 30
0.0
 40
270.0
  1
EV
  7
KOR
 72
1
 11
13170.0
 21
14400.0
 31
0.0
100
AcDbText
 73
2
  0
LWPOLYLINE
  5
122
330
17
100
AcDbEntity
  8
STAIR
100
AcDbPolyline
 90
4
 70
1
 10
14970.0
 20
10650.0
 10
17770.0
 20
10650.0
 10
17770.0
 20
15550.0
 10
14970.0
 20
15550.0
  0
LINE
  5
123
330
17
100
AcDbEntity
  8
STAIR
100
AcDbLine
 10
14970.0
 20
11140.0
 30
0.0
 11
17770.0
 21
11140.0
 31
0.0
  0
LINE
  5
124
330
17
100
AcDbEntity
  8
STAIR
100
AcDbLine
 10
14970.0
 20
11630.0
 30
0.0
 11
17770.0
 21
11630.0
 31
0.0
  0
LINE
  5
125
330
17
100
AcDbEntity
  8
STAIR
100
AcDbLine
 10
14970.0
 20
12120.0
 30
0.0
 11
17770.0
 21
12120.0
 31
0.0
  0
LINE
  5
126
330
17
100
AcDbEntity
  8
STAIR
100
AcDbLine
 10
14970.0
 20
12610.0
 30
0.0
 11
17770.0
 21
12610.0
 31
0.0
  0
LINE
  5
127
330
17
100
AcDbEntity
  8
STAIR
100
AcDbLine
 10
14970.0
 20
13100.0
 30
0.0
 11
17770.0
 21
13100.0
 31
0.0
  0
LINE
  5
128
330
17
100
AcDbEntity
  8
STAIR
100
AcDbLine
 10
14970.0
 20
13590.0
 30
0.0
 11
17770.0
 21
13590.0
 31
0.0
  0
LINE
  5
129
330
17
100
AcDbEntity
  8
STAIR
100
AcDbLine
 10
14970.0
 20
14080.0
 30
0.0
 11
17770.0
 21
14080.0
 31
0.0
  0
LINE
  5
12A
330
17
100
AcDbEntity
  8
STAIR
100
AcDbLine
 10
14970.0
 20
14570.0
 30
0.0
 11
17770.0
 21
14570.0
 31
0.0
  0
LINE
  5
12B
330
17
100
AcDbEntity
  8
STAIR
100
AcDbLine
 10
14970.0
 20
15060.0
 30
0.0
 11
17770.0
 21
15060.0
 31
0.0
  0
TEXT
  5
12C
330
17
100
AcDbEntity
  8
0TEXT
100
AcDbText
 10
16470.0
 20
16000.0
 30
0.0
 40
215.0
  1
계단실 1
  7
KOR
 72
1
 11
16470.0
 21
16000.0
 31
0.0
100
AcDbText
 73
2
  0
LWPOLYLINE
  5
12D
330
17
100
AcDbEntity
  8
0CONC
100
AcDbPolyline
 90
4
 70
1
 10
42220.0
 20
7500.0
 10
42420.0
 20
7500.0
 10
42420.0
 20
16500.0
 10
42220.0
 20
16500.0
  0
HATCH
  5
12E
330
17
100
AcDbEntity
  8
해치벽체
 62
8
100
AcDbHatch
 10
0.0
 20
0.0
 30
0.0
210
0.0
220
0.0
230
1.0
  2
ANSI31
 70
0
 71
0
 91
1
 92
3
 72
0
 73
1
 93
4
 10
42220.0
 20
7500.0
 10
42420.0
 20
7500.0
 10
42420.0
 20
16500.0
 10
42220.0
 20
16500.0
 97
0
 75
1
 76
1
 52
0.0
 41
16.0
 77
0
 78
1
 53
45.0
 43
0.0
 44
0.0
 45
-35.9210244848
 46
35.9210244848
 79
0
 98
0
  0
LWPOLYLINE
  5
12F
330
17
100
AcDbEntity
  8
STAIR
100
AcDbPolyline
 90
4
 70
1
 10
42820.0
 20
8500.0
 10
45120.0
 20
8500.0
 10
45120.0
 20
15500.0
 10
42820.0
 20
15500.0
  0
LINE
  5
130
330
17
100
AcDbEntity
  8
STAIR
100
AcDbLine
 10
42820.0
 20
9200.0
 30
0.0
 11
45120.0
 21
9200.0
 31
0.0
  0
LINE
  5
131
330
17
100
AcDbEntity
  8
STAIR
100
AcDbLine
 10
42820.0
 20
9900.0
 30
0.0
 11
45120.0
 21
9900.0
 31
0.0
  0
LINE
  5
132
330
17
100
AcDbEntity
  8
STAIR
100
AcDbLine
 10
42820.0
 20
10600.0
 30
0.0
 11
45120.0
 21
10600.0
 31
0.0
  0
LINE
  5
133
330
17
100
AcDbEntity
  8
STAIR
100
AcDbLine
 10
42820.0
 20
11300.0
 30
0.0
 11
45120.0
 21
11300.0
 31
0.0
  0
LINE
  5
134
330
17
100
AcDbEntity
  8
STAIR
100
AcDbLine
 10
42820.0
 20
12000.0
 30
0.0
 11
45120.0
 21
12000.0
 31
0.0
  0
LINE
  5
135
330
17
100
AcDbEntity
  8
STAIR
100
AcDbLine
 10
42820.0
 20
12700.0
 30
0.0
 11
45120.0
 21
12700.0
 31
0.0
  0
LINE
  5
136
330
17
100
AcDbEntity
  8
STAIR
100
AcDbLine
 10
42820.0
 20
13400.0
 30
0.0
 11
45120.0
 21
13400.0
 31
0.0
  0
LINE
  5
137
330
17
100
AcDbEntity
  8
STAIR
100
AcDbLine
 10
42820.0
 20
14100.0
 30
0.0
 11
45120.0
 21
14100.0
 31
0.0
  0
LINE
  5
138
330
17
100
AcDbEntity
  8
STAIR
100
AcDbLine
 10
42820.0
 20
14800.0
 30
0.0
 11
45120.0
 21
14800.0
 31
0.0
  0
TEXT
  5
139
330
17
100
AcDbEntity
  8
0TEXT
100
AcDbText
 10
43920.0
 20
8100.0
 30
0.0
 40
215.0
  1
계단실 2
  7
KOR
 72
1
 11
43920.0
 21
8100.0
 31
0.0
100
AcDbText
 73
2
  0
TEXT
  5
13A
330
17
100
AcDbEntity
  8
0TEXT
 62
9
100
AcDbText
 10
24800.0
 20
8260.0
 30
0.0
 40
260.0
  1
복    도    (유효 1.5m)
  7
KOR
 72
1
 11
24800.0
 21
8260.0
 31
0.0
100
AcDbText
 73
2
  0
LWPOLYLINE
  5
13B
330
17
100
AcDbEntity
  8
0CONC
100
AcDbPolyline
 90
4
 70
1
 10
6100.0
 20
7500.0
 10
6300.0
 20
7500.0
 10
6300.0
 20
16500.0
 10
6100.0
 20
16500.0
  0
HATCH
  5
13C
330
17
100
AcDbEntity
  8
해치벽체
 62
8
100
AcDbHatch
 10
0.0
 20
0.0
 30
0.0
210
0.0
220
0.0
230
1.0
  2
ANSI31
 70
0
 71
0
 91
1
 92
3
 72
0
 73
1
 93
4
 10
6100.0
 20
7500.0
 10
6300.0
 20
7500.0
 10
6300.0
 20
16500.0
 10
6100.0
 20
16500.0
 97
0
 75
1
 76
1
 52
0.0
 41
16.0
 77
0
 78
1
 53
45.0
 43
0.0
 44
0.0
 45
-35.9210244848
 46
35.9210244848
 79
0
 98
0
  0
LINE
  5
13D
330
17
100
AcDbEntity
  8
DOOR
100
AcDbLine
 10
6100.0
 20
8600.0
 30
0.0
 11
5200.0
 21
8600.0
 31
0.0
  0
ARC
  5
13E
330
17
100
AcDbEntity
  8
DOOR
100
AcDbCircle
 10
6100.0
 20
8600.0
 30
0.0
 40
900.0
100
AcDbArc
 50
90.0
 51
180.0
  0
LWPOLYLINE
  5
13F
330
17
100
AcDbEntity
  8
0CONC
100
AcDbPolyline
 90
4
 70
1
 10
3600.0
 20
9800.0
 10
6100.0
 20
9800.0
 10
6100.0
 20
9900.0
 10
3600.0
 20
9900.0
  0
HATCH
  5
140
330
17
100
AcDbEntity
  8
해치벽체
 62
8
100
AcDbHatch
 10
0.0
 20
0.0
 30
0.0
210
0.0
220
0.0
230
1.0
  2
ANSI31
 70
0
 71
0
 91
1
 92
3
 72
0
 73
1
 93
4
 10
3600.0
 20
9800.0
 10
6100.0
 20
9800.0
 10
6100.0
 20
9900.0
 10
3600.0
 20
9900.0
 97
0
 75
1
 76
1
 52
0.0
 41
16.0
 77
0
 78
1
 53
45.0
 43
0.0
 44
0.0
 45
-35.9210244848
 46
35.9210244848
 79
0
 98
0
  0
LWPOLYLINE
  5
141
330
17
100
AcDbEntity
  8
0CONC
100
AcDbPolyline
 90
4
 70
1
 10
3600.0
 20
9900.0
 10
3700.0
 20
9900.0
 10
3700.0
 20
12800.0
 10
3600.0
 20
12800.0
  0
HATCH
  5
142
330
17
100
AcDbEntity
  8
해치벽체
 62
8
100
AcDbHatch
 10
0.0
 20
0.0
 30
0.0
210
0.0
220
0.0
230
1.0
  2
ANSI31
 70
0
 71
0
 91
1
 92
3
 72
0
 73
1
 93
4
 10
3600.0
 20
9900.0
 10
3700.0
 20
9900.0
 10
3700.0
 20
12800.0
 10
3600.0
 20
12800.0
 97
0
 75
1
 76
1
 52
0.0
 41
16.0
 77
0
 78
1
 53
45.0
 43
0.0
 44
0.0
 45
-35.9210244848
 46
35.9210244848
 79
0
 98
0
  0
LINE
  5
143
330
17
100
AcDbEntity
  8
DOOR
100
AcDbLine
 10
5400.0
 20
9900.0
 30
0.0
 11
5400.0
 21
10700.0
 31
0.0
  0
ARC
  5
144
330
17
100
AcDbEntity
  8
DOOR
100
AcDbCircle
 10
5400.0
 20
9900.0
 30
0.0
 40
800.0
100
AcDbArc
 50
90.0
 51
180.0
  0
LWPOLYLINE
  5
145
330
17
100
AcDbEntity
  8
TOIL
100
AcDbPolyline
 90
4
 70
1
 10
4750.0
 20
11150.0
 10
5950.0
 20
11150.0
 10
5950.0
 20
12700.0
 10
4750.0
 20
12700.0
  0
LWPOLYLINE
  5
146
330
17
100
AcDbEntity
  8
TOIL
100
AcDbPolyline
 90
4
 70
1
 10
4820.0
 20
11220.0
 10
5880.0
 20
11220.0
 10
5880.0
 20
12630.0
 10
4820.0
 20
12630.0
  0
CIRCLE
  5
147
330
17
100
AcDbEntity
  8
TOIL
100
AcDbCircle
 10
5350.0
 20
11380.0
 30
0.0
 40
70.0
  0
LWPOLYLINE
  5
148
330
17
100
AcDbEntity
  8
TOIL
100
AcDbPolyline
 90
4
 70
1
 10
4080.0
 20
10100.0
 10
4300.0
 20
10100.0
 10
4300.0
 20
10500.0
 10
4080.0
 20
10500.0
  0
ELLIPSE
  5
149
330
17
100
AcDbEntity
  8
TOIL
100
AcDbEllipse
 10
3780.0
 20
10300.0
 30
0.0
 11
270.0
 21
0.0
 31
0.0
 40
0.7592592592592593
 41
0.0
 42
6.283185307179586
  0
LWPOLYLINE
  5
14A
330
17
100
AcDbEntity
  8
TOIL
100
AcDbPolyline
 90
4
 70
1
 10
3750.0
 20
11000.0
 10
4400.0
 20
11000.0
 10
4400.0
 20
12650.0
 10
3750.0
 20
12650.0
  0
ELLIPSE
  5
14B
330
17
100
AcDbEntity
  8
TOIL
100
AcDbEllipse
 10
4075.0
 20
11825.0
 30
0.0
 11
0.0
 21
230.0
 31
0.0
 40
0.717391304347826
 41
0.0
 42
6.283185307179586
  0
CIRCLE
  5
14C
330
17
100
AcDbEntity
  8
TOIL
100
AcDbCircle
 10
4325.0
 20
11825.0
 30
0.0
 40
38.0
  0
TEXT
  5
14D
330
17
100
AcDbEntity
  8
0TEXT
100
AcDbText
 10
4950.0
 20
10350.0
 30
0.0
 40
195.0
  1
욕실
  7
KOR
 72
1
 11
4950.0
 21
10350.0
 31
0.0
100
AcDbText
 73
2
  0
LWPOLYLINE
  5
14E
330
17
100
AcDbEntity
  8
FUR
100
AcDbPolyline
 90
4
 70
1
 10
5280.0
 20
13050.0
 10
5980.0
 20
13050.0
 10
5980.0
 20
14500.0
 10
5280.0
 20
14500.0
  0
LINE
  5
14F
330
17
100
AcDbEntity
  8
FUR
100
AcDbLine
 10
5980.0
 20
13050.0
 30
0.0
 11
5280.0
 21
14500.0
 31
0.0
  0
LINE
  5
150
330
17
100
AcDbEntity
  8
FUR
100
AcDbLine
 10
5980.0
 20
13775.0
 30
0.0
 11
5280.0
 21
13775.0
 31
0.0
  0
LWPOLYLINE
  5
151
330
17
100
AcDbEntity
  8
FUR
100
AcDbPolyline
 90
4
 70
1
 10
5280.0
 20
14700.0
 10
5980.0
 20
14700.0
 10
5980.0
 20
16180.0
 10
5280.0
 20
16180.0
  0
LWPOLYLINE
  5
152
330
17
100
AcDbEntity
  8
TOIL
100
AcDbPolyline
 90
4
 70
1
 10
5390.0
 20
14810.0
 10
5870.0
 20
14810.0
 10
5870.0
 20
15290.0
 10
5390.0
 20
15290.0
  0
CIRCLE
  5
153
330
17
100
AcDbEntity
  8
FUR
100
AcDbCircle
 10
5630.0
 20
15736.0
 30
0.0
 40
130.0
  0
CIRCLE
  5
154
330
17
100
AcDbEntity
  8
FUR
100
AcDbCircle
 10
5630.0
 20
15366.0
 30
0.0
 40
130.0
  0
TEXT
  5
155
330
17
100
AcDbEntity
  8
0TEXT
 62
9
100
AcDbText
 10
5020.0
 20
15450.0
 30
0.0
 40
170.0
  1
미니주방
  7
KOR
 72
1
 11
5020.0
 21
15450.0
 31
0.0
100
AcDbText
 73
2
  0
TEXT
  5
156
330
17
100
AcDbEntity
  8
0TEXT
100
AcDbText
 10
2540.0
 20
9150.0
 30
0.0
 40
235.0
  1
패밀리룸 55타입
 50
90.0
  7
KOR
 72
1
 11
2540.0
 21
9150.0
 31
0.0
100
AcDbText
 73
2
  0
TEXT
  5
157
330
17
100
AcDbEntity
  8
0TEXT
 62
9
100
AcDbText
 10
2930.0
 20
9150.0
 30
0.0
 40
190.0
  1
54.9 m²
 50
90.0
  7
KOR
 72
1
 11
2930.0
 21
9150.0
 31
0.0
100
AcDbText
 73
2
  0
LWPOLYLINE
  5
158
330
17
100
AcDbEntity
  8
FUR
100
AcDbPolyline
 90
4
 70
1
 10
1300.0
 20
10600.0
 10
3300.0
 20
10600.0
 10
3300.0
 20
12200.0
 10
1300.0
 20
12200.0
  0
LWPOLYLINE
  5
159
330
17
100
AcDbEntity
  8
FUR
100
AcDbPolyline
 90
4
 70
1
 10
2830.0
 20
10730.0
 10
3190.0
 20
10730.0
 10
3190.0
 20
11335.0
 10
2830.0
 20
11335.0
  0
LWPOLYLINE
  5
15A
330
17
100
AcDbEntity
  8
FUR
100
AcDbPolyline
 90
4
 70
1
 10
2830.0
 20
11465.0
 10
3190.0
 20
11465.0
 10
3190.0
 20
12070.0
 10
2830.0
 20
12070.0
  0
LINE
  5
15B
330
17
100
AcDbEntity
  8
FUR
100
AcDbLine
 10
2060.0
 20
10600.0
 30
0.0
 11
2060.0
 21
12200.0
 31
0.0
  0
LWPOLYLINE
  5
15C
330
17
100
AcDbEntity
  8
FUR
100
AcDbPolyline
 90
4
 70
1
 10
2800.0
 20
12300.0
 10
3300.0
 20
12300.0
 10
3300.0
 20
12800.0
 10
2800.0
 20
12800.0
  0
CIRCLE
  5
15D
330
17
100
AcDbEntity
  8
FUR
100
AcDbCircle
 10
3050.0
 20
12550.0
 30
0.0
 40
95.0
  0
LWPOLYLINE
  5
15E
330
17
100
AcDbEntity
  8
FUR
100
AcDbPolyline
 90
4
 70
1
 10
2400.0
 20
14200.0
 10
3400.0
 20
14200.0
 10
3400.0
 20
16180.0
 10
2400.0
 20
16180.0
  0
LWPOLYLINE
  5
15F
330
17
100
AcDbEntity
  8
FUR
100
AcDbPolyline
 90
4
 70
1
 10
2550.0
 20
14310.0
 10
3250.0
 20
14310.0
 10
3250.0
 20
14670.0
 10
2550.0
 20
14670.0
  0
LINE
  5
160
330
17
100
AcDbEntity
  8
FUR
100
AcDbLine
 10
3400.0
 20
15427.6
 30
0.0
 11
2400.0
 21
15427.6
 31
0.0
  0
LWPOLYLINE
  5
161
330
17
100
AcDbEntity
  8
FUR
100
AcDbPolyline
 90
4
 70
1
 10
1100.0
 20
14200.0
 10
2100.0
 20
14200.0
 10
2100.0
 20
16180.0
 10
1100.0
 20
16180.0
  0
LWPOLYLINE
  5
162
330
17
100
AcDbEntity
  8
FUR
100
AcDbPolyline
 90
4
 70
1
 10
1250.0
 20
14310.0
 10
1950.0
 20
14310.0
 10
1950.0
 20
14670.0
 10
1250.0
 20
14670.0
  0
LINE
  5
163
330
17
100
AcDbEntity
  8
FUR
100
AcDbLine
 10
2100.0
 20
15427.6
 30
0.0
 11
1100.0
 21
15427.6
 31
0.0
  0
LWPOLYLINE
  5
164
330
17
100
AcDbEntity
  8
FUR
100
AcDbPolyline
 90
4
 70
1
 10
400.0
 20
8500.0
 10
1200.0
 20
8500.0
 10
1200.0
 20
10500.0
 10
400.0
 20
10500.0
  0
LWPOLYLINE
  5
165
330
17
100
AcDbEntity
  8
FUR
100
AcDbPolyline
 90
4
 70
1
 10
400.0
 20
8500.0
 10
550.0
 20
8500.0
 10
550.0
 20
10500.0
 10
400.0
 20
10500.0
  0
CIRCLE
  5
166
330
17
100
AcDbEntity
  8
FUR
100
AcDbCircle
 10
850.0
 20
11500.0
 30
0.0
 40
380.0
  0
LWPOLYLINE
  5
167
330
17
100
AcDbEntity
  8
FUR
100
AcDbPolyline
 90
4
 70
1
 10
350.0
 20
13000.0
 10
850.0
 20
13000.0
 10
850.0
 20
14300.0
 10
350.0
 20
14300.0
  0
LWPOLYLINE
  5
168
330
17
100
AcDbEntity
  8
FUR
100
AcDbPolyline
 90
4
 70
1
 10
740.0
 20
13180.0
 10
810.0
 20
13180.0
 10
810.0
 20
14120.0
 10
740.0
 20
14120.0
  0
TEXT
  5
169
330
17
100
AcDbEntity
  8
0TEXT
100
AcDbText
 10
8935.0
 20
12100.0
 30
0.0
 40
300.0
  1
홀
  7
KOR
 72
1
 11
8935.0
 21
12100.0
 31
0.0
100
AcDbText
 73
2
  0
CIRCLE
  5
16A
330
17
100
AcDbEntity
  8
FUR
100
AcDbCircle
 10
8935.0
 20
10000.0
 30
0.0
 40
430.0
  0
LWPOLYLINE
  5
16B
330
17
100
AcDbEntity
  8
FUR
100
AcDbPolyline
 90
4
 70
1
 10
9545.0
 20
9730.0
 10
10085.0
 20
9730.0
 10
10085.0
 20
10270.0
 10
9545.0
 20
10270.0
  0
LWPOLYLINE
  5
16C
330
17
100
AcDbEntity
  8
FUR
100
AcDbPolyline
 90
4
 70
1
 10
8665.0
 20
10610.0
 10
9205.0
 20
10610.0
 10
9205.0
 20
11150.0
 10
8665.0
 20
11150.0
  0
LWPOLYLINE
  5
16D
330
17
100
AcDbEntity
  8
FUR
100
AcDbPolyline
 90
4
 70
1
 10
7785.0
 20
9730.0
 10
8325.0
 20
9730.0
 10
8325.0
 20
10270.0
 10
7785.0
 20
10270.0
  0
LWPOLYLINE
  5
16E
330
17
100
AcDbEntity
  8
FUR
100
AcDbPolyline
 90
4
 70
1
 10
8665.0
 20
8850.0
 10
9205.0
 20
8850.0
 10
9205.0
 20
9390.0
 10
8665.0
 20
9390.0
  0
LWPOLYLINE
  5
16F
330
17
100
AcDbEntity
  8
0CONC
100
AcDbPolyline
 90
4
 70
1
 10
18200.0
 20
9000.0
 10
18300.0
 20
9000.0
 10
18300.0
 20
16500.0
 10
18200.0
 20
16500.0
  0
HATCH
  5
170
330
17
100
AcDbEntity
  8
해치벽체
 62
8
100
AcDbHatch
 10
0.0
 20
0.0
 30
0.0
210
0.0
220
0.0
230
1.0
  2
ANSI31
 70
0
 71
0
 91
1
 92
3
 72
0
 73
1
 93
4
 10
18200.0
 20
9000.0
 10
18300.0
 20
9000.0
 10
18300.0
 20
16500.0
 10
18200.0
 20
16500.0
 97
0
 75
1
 76
1
 52
0.0
 41
16.0
 77
0
 78
1
 53
45.0
 43
0.0
 44
0.0
 45
-35.9210244848
 46
35.9210244848
 79
0
 98
0
  0
LWPOLYLINE
  5
171
330
17
100
AcDbEntity
  8
0CONC
100
AcDbPolyline
 90
4
 70
1
 10
20930.0
 20
9000.0
 10
21030.0
 20
9000.0
 10
21030.0
 20
16500.0
 10
20930.0
 20
16500.0
  0
HATCH
  5
172
330
17
100
AcDbEntity
  8
해치벽체
 62
8
100
AcDbHatch
 10
0.0
 20
0.0
 30
0.0
210
0.0
220
0.0
230
1.0
  2
ANSI31
 70
0
 71
0
 91
1
 92
3
 72
0
 73
1
 93
4
 10
20930.0
 20
9000.0
 10
21030.0
 20
9000.0
 10
21030.0
 20
16500.0
 10
20930.0
 20
16500.0
 97
0
 75
1
 76
1
 52
0.0
 41
16.0
 77
0
 78
1
 53
45.0
 43
0.0
 44
0.0
 45
-35.9210244848
 46
35.9210244848
 79
0
 98
0
  0
LWPOLYLINE
  5
173
330
17
100
AcDbEntity
  8
FUR
100
AcDbPolyline
 90
4
 70
1
 10
18450.0
 20
14200.0
 10
20780.0
 20
14200.0
 10
20780.0
 20
16100.0
 10
18450.0
 20
16100.0
  0
LINE
  5
174
330
17
100
AcDbEntity
  8
FUR
100
AcDbLine
 10
18450.0
 20
15150.0
 30
0.0
 11
20780.0
 21
15150.0
 31
0.0
  0
LWPOLYLINE
  5
175
330
17
100
AcDbEntity
  8
FUR
100
AcDbPolyline
 90
4
 70
1
 10
18450.0
 20
10500.0
 10
20780.0
 20
10500.0
 10
20780.0
 20
11700.0
 10
18450.0
 20
11700.0
  0
LINE
  5
176
330
17
100
AcDbEntity
  8
DOOR
100
AcDbLine
 10
19215.0
 20
9000.0
 30
0.0
 11
19215.0
 21
9800.0
 31
0.0
  0
ARC
  5
177
330
17
100
AcDbEntity
  8
DOOR
100
AcDbCircle
 10
19215.0
 20
9000.0
 30
0.0
 40
800.0
100
AcDbArc
 50
0.0
 51
90.0
  0
TEXT
  5
178
330
17
100
AcDbEntity
  8
0TEXT
100
AcDbText
 10
19615.0
 20
13100.0
 30
0.0
 40
225.0
  1
리넨실
  7
KOR
 72
1
 11
19615.0
 21
13100.0
 31
0.0
100
AcDbText
 73
2
  0
TEXT
  5
179
330
17
100
AcDbEntity
  8
0TEXT
 62
9
100
AcDbText
 10
19615.0
 20
12750.0
 30
0.0
 40
180.0
  1
21.2 m²
  7
KOR
 72
1
 11
19615.0
 21
12750.0
 31
0.0
100
AcDbText
 73
2
  0
LWPOLYLINE
  5
17A
330
17
100
AcDbEntity
  8
0CONC
100
AcDbPolyline
 90
4
 70
1
 10
21030.0
 20
9000.0
 10
21130.0
 20
9000.0
 10
21130.0
 20
16500.0
 10
21030.0
 20
16500.0
  0
HATCH
  5
17B
330
17
100
AcDbEntity
  8
해치벽체
 62
8
100
AcDbHatch
 10
0.0
 20
0.0
 30
0.0
210
0.0
220
0.0
230
1.0
  2
ANSI31
 70
0
 71
0
 91
1
 92
3
 72
0
 73
1
 93
4
 10
21030.0
 20
9000.0
 10
21130.0
 20
9000.0
 10
21130.0
 20
16500.0
 10
21030.0
 20
16500.0
 97
0
 75
1
 76
1
 52
0.0
 41
16.0
 77
0
 78
1
 53
45.0
 43
0.0
 44
0.0
 45
-35.9210244848
 46
35.9210244848
 79
0
 98
0
  0
LINE
  5
17C
330
17
100
AcDbEntity
  8
DOOR
100
AcDbLine
 10
27220.0
 20
9100.0
 30
0.0
 11
27220.0
 21
10000.0
 31
0.0
  0
ARC
  5
17D
330
17
100
AcDbEntity
  8
DOOR
100
AcDbCircle
 10
27220.0
 20
9100.0
 30
0.0
 40
900.0
100
AcDbArc
 50
90.0
 51
180.0
  0
LWPOLYLINE
  5
17E
330
17
100
AcDbEntity
  8
0CONC
100
AcDbPolyline
 90
4
 70
1
 10
23530.0
 20
9100.0
 10
23630.0
 20
9100.0
 10
23630.0
 20
11600.0
 10
23530.0
 20
11600.0
  0
HATCH
  5
17F
330
17
100
AcDbEntity
  8
해치벽체
 62
8
100
AcDbHatch
 10
0.0
 20
0.0
 30
0.0
210
0.0
220
0.0
230
1.0
  2
ANSI31
 70
0
 71
0
 91
1
 92
3
 72
0
 73
1
 93
4
 10
23530.0
 20
9100.0
 10
23630.0
 20
9100.0
 10
23630.0
 20
11600.0
 10
23530.0
 20
11600.0
 97
0
 75
1
 76
1
 52
0.0
 41
16.0
 77
0
 78
1
 53
45.0
 43
0.0
 44
0.0
 45
-35.9210244848
 46
35.9210244848
 79
0
 98
0
  0
LWPOLYLINE
  5
180
330
17
100
AcDbEntity
  8
0CONC
100
AcDbPolyline
 90
4
 70
1
 10
21130.0
 20
11500.0
 10
23530.0
 20
11500.0
 10
23530.0
 20
11600.0
 10
21130.0
 20
11600.0
  0
HATCH
  5
181
330
17
100
AcDbEntity
  8
해치벽체
 62
8
100
AcDbHatch
 10
0.0
 20
0.0
 30
0.0
210
0.0
220
0.0
230
1.0
  2
ANSI31
 70
0
 71
0
 91
1
 92
3
 72
0
 73
1
 93
4
 10
21130.0
 20
11500.0
 10
23530.0
 20
11500.0
 10
23530.0
 20
11600.0
 10
21130.0
 20
11600.0
 97
0
 75
1
 76
1
 52
0.0
 41
16.0
 77
0
 78
1
 53
45.0
 43
0.0
 44
0.0
 45
-35.9210244848
 46
35.9210244848
 79
0
 98
0
  0
LINE
  5
182
330
17
100
AcDbEntity
  8
DOOR
100
AcDbLine
 10
23530.0
 20
10700.0
 30
0.0
 11
22730.0
 21
10700.0
 31
0.0
  0
ARC
  5
183
330
17
100
AcDbEntity
  8
DOOR
100
AcDbCircle
 10
23530.0
 20
10700.0
 30
0.0
 40
800.0
100
AcDbArc
 50
90.0
 51
180.0
  0
LWPOLYLINE
  5
184
330
17
100
AcDbEntity
  8
TOIL
100
AcDbPolyline
 90
4
 70
1
 10
21250.0
 20
10250.0
 10
22680.0
 20
10250.0
 10
22680.0
 20
11480.0
 10
21250.0
 20
11480.0
  0
LWPOLYLINE
  5
185
330
17
100
AcDbEntity
  8
TOIL
100
AcDbPolyline
 90
4
 70
1
 10
21320.0
 20
10320.0
 10
22610.0
 20
10320.0
 10
22610.0
 20
11410.0
 10
21320.0
 20
11410.0
  0
CIRCLE
  5
186
330
17
100
AcDbEntity
  8
TOIL
100
AcDbCircle
 10
21480.0
 20
10865.0
 30
0.0
 40
70.0
  0
LWPOLYLINE
  5
187
330
17
100
AcDbEntity
  8
TOIL
100
AcDbPolyline
 90
4
 70
1
 10
21410.0
 20
9220.0
 10
21810.0
 20
9220.0
 10
21810.0
 20
9440.0
 10
21410.0
 20
9440.0
  0
ELLIPSE
  5
188
330
17
100
AcDbEntity
  8
TOIL
100
AcDbEllipse
 10
21610.0
 20
9740.0
 30
0.0
 11
0.0
 21
270.0
 31
0.0
 40
0.7592592592592593
 41
0.0
 42
6.283185307179586
  0
LWPOLYLINE
  5
189
330
17
100
AcDbEntity
  8
TOIL
100
AcDbPolyline
 90
4
 70
1
 10
22380.0
 20
9220.0
 10
23480.0
 20
9220.0
 10
23480.0
 20
9820.0
 10
22380.0
 20
9820.0
  0
ELLIPSE
  5
18A
330
17
100
AcDbEntity
  8
TOIL
100
AcDbEllipse
 10
22930.0
 20
9520.0
 30
0.0
 11
230.0
 21
0.0
 31
0.0
 40
0.717391304347826
 41
0.0
 42
6.283185307179586
  0
CIRCLE
  5
18B
330
17
100
AcDbEntity
  8
TOIL
100
AcDbCircle
 10
22930.0
 20
9295.0
 30
0.0
 40
38.0
  0
TEXT
  5
18C
330
17
100
AcDbEntity
  8
0TEXT
100
AcDbText
 10
22280.0
 20
10850.0
 30
0.0
 40
195.0
  1
욕실
  7
KOR
 72
1
 11
22280.0
 21
10850.0
 31
0.0
100
AcDbText
 73
2
  0
LWPOLYLINE
  5
18D
330
17
100
AcDbEntity
  8
FUR
100
AcDbPolyline
 90
4
 70
1
 10
23830.0
 20
9220.0
 10
25730.0
 20
9220.0
 10
25730.0
 20
9920.0
 10
23830.0
 20
9920.0
  0
LWPOLYLINE
  5
18E
330
17
100
AcDbEntity
  8
TOIL
100
AcDbPolyline
 90
4
 70
1
 10
23940.0
 20
9330.0
 10
24420.0
 20
9330.0
 10
24420.0
 20
9810.0
 10
23940.0
 20
9810.0
  0
CIRCLE
  5
18F
330
17
100
AcDbEntity
  8
FUR
100
AcDbCircle
 10
25160.0
 20
9570.0
 30
0.0
 40
130.0
  0
CIRCLE
  5
190
330
17
100
AcDbEntity
  8
FUR
100
AcDbCircle
 10
24685.0
 20
9570.0
 30
0.0
 40
130.0
  0
TEXT
  5
191
330
17
100
AcDbEntity
  8
0TEXT
 62
9
100
AcDbText
 10
24780.0
 20
10160.0
 30
0.0
 40
170.0
  1
미니주방
  7
KOR
 72
1
 11
24780.0
 21
10160.0
 31
0.0
100
AcDbText
 73
2
  0
LWPOLYLINE
  5
192
330
17
100
AcDbEntity
  8
FUR
100
AcDbPolyline
 90
4
 70
1
 10
26700.0
 20
10300.0
 10
27400.0
 20
10300.0
 10
27400.0
 20
11700.0
 10
26700.0
 20
11700.0
  0
LINE
  5
193
330
17
100
AcDbEntity
  8
FUR
100
AcDbLine
 10
26700.0
 20
10300.0
 30
0.0
 11
27400.0
 21
11700.0
 31
0.0
  0
LINE
  5
194
330
17
100
AcDbEntity
  8
FUR
100
AcDbLine
 10
26700.0
 20
11000.0
 30
0.0
 11
27400.0
 21
11000.0
 31
0.0
  0
TEXT
  5
195
330
17
100
AcDbEntity
  8
0TEXT
100
AcDbText
 10
24625.0
 20
12195.0
 30
0.0
 40
225.0
  1
패밀리룸 48타입
  7
KOR
 72
1
 11
24625.0
 21
12195.0
 31
0.0
100
AcDbText
 73
2
  0
TEXT
  5
196
330
17
100
AcDbEntity
  8
0TEXT
 62
9
100
AcDbText
 10
24625.0
 20
11805.0
 30
0.0
 40
185.0
  1
48.6 m²
  7
KOR
 72
1
 11
24625.0
 21
11805.0
 31
0.0
100
AcDbText
 73
2
  0
LWPOLYLINE
  5
197
330
17
100
AcDbEntity
  8
FUR
100
AcDbPolyline
 90
4
 70
1
 10
21250.0
 20
12500.0
 10
23250.0
 20
12500.0
 10
23250.0
 20
14100.0
 10
21250.0
 20
14100.0
  0
LWPOLYLINE
  5
198
330
17
100
AcDbEntity
  8
FUR
100
AcDbPolyline
 90
4
 70
1
 10
21360.0
 20
12630.0
 10
21720.0
 20
12630.0
 10
21720.0
 20
13235.0
 10
21360.0
 20
13235.0
  0
LWPOLYLINE
  5
199
330
17
100
AcDbEntity
  8
FUR
100
AcDbPolyline
 90
4
 70
1
 10
21360.0
 20
13365.0
 10
21720.0
 20
13365.0
 10
21720.0
 20
13970.0
 10
21360.0
 20
13970.0
  0
LINE
  5
19A
330
17
100
AcDbEntity
  8
FUR
100
AcDbLine
 10
22490.0
 20
12500.0
 30
0.0
 11
22490.0
 21
14100.0
 31
0.0
  0
LWPOLYLINE
  5
19B
330
17
100
AcDbEntity
  8
FUR
100
AcDbPolyline
 90
4
 70
1
 10
21250.0
 20
14250.0
 10
21750.0
 20
14250.0
 10
21750.0
 20
14750.0
 10
21250.0
 20
14750.0
  0
CIRCLE
  5
19C
330
17
100
AcDbEntity
  8
FUR
100
AcDbCircle
 10
21500.0
 20
14500.0
 30
0.0
 40
95.0
  0
LWPOLYLINE
  5
19D
330
17
100
AcDbEntity
  8
FUR
100
AcDbPolyline
 90
4
 70
1
 10
25420.0
 20
12500.0
 10
27400.0
 20
12500.0
 10
27400.0
 20
13500.0
 10
25420.0
 20
13500.0
  0
LWPOLYLINE
  5
19E
330
17
100
AcDbEntity
  8
FUR
100
AcDbPolyline
 90
4
 70
1
 10
26930.0
 20
12650.0
 10
27290.0
 20
12650.0
 10
27290.0
 20
13350.0
 10
26930.0
 20
13350.0
  0
LINE
  5
19F
330
17
100
AcDbEntity
  8
FUR
100
AcDbLine
 10
26172.4
 20
12500.0
 30
0.0
 11
26172.4
 21
13500.0
 31
0.0
  0
LWPOLYLINE
  5
1A0
330
17
100
AcDbEntity
  8
FUR
100
AcDbPolyline
 90
4
 70
1
 10
25420.0
 20
13800.0
 10
27400.0
 20
13800.0
 10
27400.0
 20
14800.0
 10
25420.0
 20
14800.0
  0
LWPOLYLINE
  5
1A1
330
17
100
AcDbEntity
  8
FUR
100
AcDbPolyline
 90
4
 70
1
 10
26930.0
 20
13950.0
 10
27290.0
 20
13950.0
 10
27290.0
 20
14650.0
 10
26930.0
 20
14650.0
  0
LINE
  5
1A2
330
17
100
AcDbEntity
  8
FUR
100
AcDbLine
 10
26172.4
 20
13800.0
 30
0.0
 11
26172.4
 21
14800.0
 31
0.0
  0
LWPOLYLINE
  5
1A3
330
17
100
AcDbEntity
  8
FUR
100
AcDbPolyline
 90
4
 70
1
 10
21250.0
 20
15000.0
 10
21750.0
 20
15000.0
 10
21750.0
 20
16200.0
 10
21250.0
 20
16200.0
  0
LWPOLYLINE
  5
1A4
330
17
100
AcDbEntity
  8
FUR
100
AcDbPolyline
 90
4
 70
1
 10
21640.0
 20
15180.0
 10
21710.0
 20
15180.0
 10
21710.0
 20
16020.0
 10
21640.0
 20
16020.0
  0
CIRCLE
  5
1A5
330
17
100
AcDbEntity
  8
FUR
100
AcDbCircle
 10
24525.0
 20
15600.0
 30
0.0
 40
400.0
  0
LWPOLYLINE
  5
1A6
330
17
100
AcDbEntity
  8
FUR
100
AcDbPolyline
 90
4
 70
1
 10
23575.0
 20
15350.0
 10
23975.0
 20
15350.0
 10
23975.0
 20
15750.0
 10
23575.0
 20
15750.0
  0
LWPOLYLINE
  5
1A7
330
17
100
AcDbEntity
  8
FUR
100
AcDbPolyline
 90
4
 70
1
 10
25475.0
 20
15350.0
 10
25875.0
 20
15350.0
 10
25875.0
 20
15750.0
 10
25475.0
 20
15750.0
  0
LWPOLYLINE
  5
1A8
330
17
100
AcDbEntity
  8
0CONC
100
AcDbPolyline
 90
4
 70
1
 10
27520.0
 20
9000.0
 10
27620.0
 20
9000.0
 10
27620.0
 20
16500.0
 10
27520.0
 20
16500.0
  0
HATCH
  5
1A9
330
17
100
AcDbEntity
  8
해치벽체
 62
8
100
AcDbHatch
 10
0.0
 20
0.0
 30
0.0
210
0.0
220
0.0
230
1.0
  2
ANSI31
 70
0
 71
0
 91
1
 92
3
 72
0
 73
1
 93
4
 10
27520.0
 20
9000.0
 10
27620.0
 20
9000.0
 10
27620.0
 20
16500.0
 10
27520.0
 20
16500.0
 97
0
 75
1
 76
1
 52
0.0
 41
16.0
 77
0
 78
1
 53
45.0
 43
0.0
 44
0.0
 45
-35.9210244848
 46
35.9210244848
 79
0
 98
0
  0
LINE
  5
1AA
330
17
100
AcDbEntity
  8
DOOR
100
AcDbLine
 10
33710.0
 20
9100.0
 30
0.0
 11
33710.0
 21
10000.0
 31
0.0
  0
ARC
  5
1AB
330
17
100
AcDbEntity
  8
DOOR
100
AcDbCircle
 10
33710.0
 20
9100.0
 30
0.0
 40
900.0
100
AcDbArc
 50
90.0
 51
180.0
  0
LWPOLYLINE
  5
1AC
330
17
100
AcDbEntity
  8
0CONC
100
AcDbPolyline
 90
4
 70
1
 10
30020.0
 20
9100.0
 10
30120.0
 20
9100.0
 10
30120.0
 20
11600.0
 10
30020.0
 20
11600.0
  0
HATCH
  5
1AD
330
17
100
AcDbEntity
  8
해치벽체
 62
8
100
AcDbHatch
 10
0.0
 20
0.0
 30
0.0
210
0.0
220
0.0
230
1.0
  2
ANSI31
 70
0
 71
0
 91
1
 92
3
 72
0
 73
1
 93
4
 10
30020.0
 20
9100.0
 10
30120.0
 20
9100.0
 10
30120.0
 20
11600.0
 10
30020.0
 20
11600.0
 97
0
 75
1
 76
1
 52
0.0
 41
16.0
 77
0
 78
1
 53
45.0
 43
0.0
 44
0.0
 45
-35.9210244848
 46
35.9210244848
 79
0
 98
0
  0
LWPOLYLINE
  5
1AE
330
17
100
AcDbEntity
  8
0CONC
100
AcDbPolyline
 90
4
 70
1
 10
27620.0
 20
11500.0
 10
30020.0
 20
11500.0
 10
30020.0
 20
11600.0
 10
27620.0
 20
11600.0
  0
HATCH
  5
1AF
330
17
100
AcDbEntity
  8
해치벽체
 62
8
100
AcDbHatch
 10
0.0
 20
0.0
 30
0.0
210
0.0
220
0.0
230
1.0
  2
ANSI31
 70
0
 71
0
 91
1
 92
3
 72
0
 73
1
 93
4
 10
27620.0
 20
11500.0
 10
30020.0
 20
11500.0
 10
30020.0
 20
11600.0
 10
27620.0
 20
11600.0
 97
0
 75
1
 76
1
 52
0.0
 41
16.0
 77
0
 78
1
 53
45.0
 43
0.0
 44
0.0
 45
-35.9210244848
 46
35.9210244848
 79
0
 98
0
  0
LINE
  5
1B0
330
17
100
AcDbEntity
  8
DOOR
100
AcDbLine
 10
30020.0
 20
10700.0
 30
0.0
 11
29220.0
 21
10700.0
 31
0.0
  0
ARC
  5
1B1
330
17
100
AcDbEntity
  8
DOOR
100
AcDbCircle
 10
30020.0
 20
10700.0
 30
0.0
 40
800.0
100
AcDbArc
 50
90.0
 51
180.0
  0
LWPOLYLINE
  5
1B2
330
17
100
AcDbEntity
  8
TOIL
100
AcDbPolyline
 90
4
 70
1
 10
27740.0
 20
10250.0
 10
29170.0
 20
10250.0
 10
29170.0
 20
11480.0
 10
27740.0
 20
11480.0
  0
LWPOLYLINE
  5
1B3
330
17
100
AcDbEntity
  8
TOIL
100
AcDbPolyline
 90
4
 70
1
 10
27810.0
 20
10320.0
 10
29100.0
 20
10320.0
 10
29100.0
 20
11410.0
 10
27810.0
 20
11410.0
  0
CIRCLE
  5
1B4
330
17
100
AcDbEntity
  8
TOIL
100
AcDbCircle
 10
27970.0
 20
10865.0
 30
0.0
 40
70.0
  0
LWPOLYLINE
  5
1B5
330
17
100
AcDbEntity
  8
TOIL
100
AcDbPolyline
 90
4
 70
1
 10
27900.0
 20
9220.0
 10
28300.0
 20
9220.0
 10
28300.0
 20
9440.0
 10
27900.0
 20
9440.0
  0
ELLIPSE
  5
1B6
330
17
100
AcDbEntity
  8
TOIL
100
AcDbEllipse
 10
28100.0
 20
9740.0
 30
0.0
 11
0.0
 21
270.0
 31
0.0
 40
0.7592592592592593
 41
0.0
 42
6.283185307179586
  0
LWPOLYLINE
  5
1B7
330
17
100
AcDbEntity
  8
TOIL
100
AcDbPolyline
 90
4
 70
1
 10
28870.0
 20
9220.0
 10
29970.0
 20
9220.0
 10
29970.0
 20
9820.0
 10
28870.0
 20
9820.0
  0
ELLIPSE
  5
1B8
330
17
100
AcDbEntity
  8
TOIL
100
AcDbEllipse
 10
29420.0
 20
9520.0
 30
0.0
 11
230.0
 21
0.0
 31
0.0
 40
0.717391304347826
 41
0.0
 42
6.283185307179586
  0
CIRCLE
  5
1B9
330
17
100
AcDbEntity
  8
TOIL
100
AcDbCircle
 10
29420.0
 20
9295.0
 30
0.0
 40
38.0
  0
TEXT
  5
1BA
330
17
100
AcDbEntity
  8
0TEXT
100
AcDbText
 10
28770.0
 20
10850.0
 30
0.0
 40
195.0
  1
욕실
  7
KOR
 72
1
 11
28770.0
 21
10850.0
 31
0.0
100
AcDbText
 73
2
  0
LWPOLYLINE
  5
1BB
330
17
100
AcDbEntity
  8
FUR
100
AcDbPolyline
 90
4
 70
1
 10
30320.0
 20
9220.0
 10
32220.0
 20
9220.0
 10
32220.0
 20
9920.0
 10
30320.0
 20
9920.0
  0
LWPOLYLINE
  5
1BC
330
17
100
AcDbEntity
  8
TOIL
100
AcDbPolyline
 90
4
 70
1
 10
30430.0
 20
9330.0
 10
30910.0
 20
9330.0
 10
30910.0
 20
9810.0
 10
30430.0
 20
9810.0
  0
CIRCLE
  5
1BD
330
17
100
AcDbEntity
  8
FUR
100
AcDbCircle
 10
31650.0
 20
9570.0
 30
0.0
 40
130.0
  0
CIRCLE
  5
1BE
330
17
100
AcDbEntity
  8
FUR
100
AcDbCircle
 10
31175.0
 20
9570.0
 30
0.0
 40
130.0
  0
TEXT
  5
1BF
330
17
100
AcDbEntity
  8
0TEXT
 62
9
100
AcDbText
 10
31270.0
 20
10160.0
 30
0.0
 40
170.0
  1
미니주방
  7
KOR
 72
1
 11
31270.0
 21
10160.0
 31
0.0
100
AcDbText
 73
2
  0
LWPOLYLINE
  5
1C0
330
17
100
AcDbEntity
  8
FUR
100
AcDbPolyline
 90
4
 70
1
 10
33190.0
 20
10300.0
 10
33890.0
 20
10300.0
 10
33890.0
 20
11700.0
 10
33190.0
 20
11700.0
  0
LINE
  5
1C1
330
17
100
AcDbEntity
  8
FUR
100
AcDbLine
 10
33190.0
 20
10300.0
 30
0.0
 11
33890.0
 21
11700.0
 31
0.0
  0
LINE
  5
1C2
330
17
100
AcDbEntity
  8
FUR
100
AcDbLine
 10
33190.0
 20
11000.0
 30
0.0
 11
33890.0
 21
11000.0
 31
0.0
  0
TEXT
  5
1C3
330
17
100
AcDbEntity
  8
0TEXT
100
AcDbText
 10
31115.0
 20
12195.0
 30
0.0
 40
225.0
  1
패밀리룸 48타입
  7
KOR
 72
1
 11
31115.0
 21
12195.0
 31
0.0
100
AcDbText
 73
2
  0
TEXT
  5
1C4
330
17
100
AcDbEntity
  8
0TEXT
 62
9
100
AcDbText
 10
31115.0
 20
11805.0
 30
0.0
 40
185.0
  1
48.6 m²
  7
KOR
 72
1
 11
31115.0
 21
11805.0
 31
0.0
100
AcDbText
 73
2
  0
LWPOLYLINE
  5
1C5
330
17
100
AcDbEntity
  8
FUR
100
AcDbPolyline
 90
4
 70
1
 10
27740.0
 20
12500.0
 10
29740.0
 20
12500.0
 10
29740.0
 20
14100.0
 10
27740.0
 20
14100.0
  0
LWPOLYLINE
  5
1C6
330
17
100
AcDbEntity
  8
FUR
100
AcDbPolyline
 90
4
 70
1
 10
27850.0
 20
12630.0
 10
28210.0
 20
12630.0
 10
28210.0
 20
13235.0
 10
27850.0
 20
13235.0
  0
LWPOLYLINE
  5
1C7
330
17
100
AcDbEntity
  8
FUR
100
AcDbPolyline
 90
4
 70
1
 10
27850.0
 20
13365.0
 10
28210.0
 20
13365.0
 10
28210.0
 20
13970.0
 10
27850.0
 20
13970.0
  0
LINE
  5
1C8
330
17
100
AcDbEntity
  8
FUR
100
AcDbLine
 10
28980.0
 20
12500.0
 30
0.0
 11
28980.0
 21
14100.0
 31
0.0
  0
LWPOLYLINE
  5
1C9
330
17
100
AcDbEntity
  8
FUR
100
AcDbPolyline
 90
4
 70
1
 10
27740.0
 20
14250.0
 10
28240.0
 20
14250.0
 10
28240.0
 20
14750.0
 10
27740.0
 20
14750.0
  0
CIRCLE
  5
1CA
330
17
100
AcDbEntity
  8
FUR
100
AcDbCircle
 10
27990.0
 20
14500.0
 30
0.0
 40
95.0
  0
LWPOLYLINE
  5
1CB
330
17
100
AcDbEntity
  8
FUR
100
AcDbPolyline
 90
4
 70
1
 10
31910.0
 20
12500.0
 10
33890.0
 20
12500.0
 10
33890.0
 20
13500.0
 10
31910.0
 20
13500.0
  0
LWPOLYLINE
  5
1CC
330
17
100
AcDbEntity
  8
FUR
100
AcDbPolyline
 90
4
 70
1
 10
33420.0
 20
12650.0
 10
33780.0
 20
12650.0
 10
33780.0
 20
13350.0
 10
33420.0
 20
13350.0
  0
LINE
  5
1CD
330
17
100
AcDbEntity
  8
FUR
100
AcDbLine
 10
32662.4
 20
12500.0
 30
0.0
 11
32662.4
 21
13500.0
 31
0.0
  0
LWPOLYLINE
  5
1CE
330
17
100
AcDbEntity
  8
FUR
100
AcDbPolyline
 90
4
 70
1
 10
31910.0
 20
13800.0
 10
33890.0
 20
13800.0
 10
33890.0
 20
14800.0
 10
31910.0
 20
14800.0
  0
LWPOLYLINE
  5
1CF
330
17
100
AcDbEntity
  8
FUR
100
AcDbPolyline
 90
4
 70
1
 10
33420.0
 20
13950.0
 10
33780.0
 20
13950.0
 10
33780.0
 20
14650.0
 10
33420.0
 20
14650.0
  0
LINE
  5
1D0
330
17
100
AcDbEntity
  8
FUR
100
AcDbLine
 10
32662.4
 20
13800.0
 30
0.0
 11
32662.4
 21
14800.0
 31
0.0
  0
LWPOLYLINE
  5
1D1
330
17
100
AcDbEntity
  8
FUR
100
AcDbPolyline
 90
4
 70
1
 10
27740.0
 20
15000.0
 10
28240.0
 20
15000.0
 10
28240.0
 20
16200.0
 10
27740.0
 20
16200.0
  0
LWPOLYLINE
  5
1D2
330
17
100
AcDbEntity
  8
FUR
100
AcDbPolyline
 90
4
 70
1
 10
28130.0
 20
15180.0
 10
28200.0
 20
15180.0
 10
28200.0
 20
16020.0
 10
28130.0
 20
16020.0
  0
CIRCLE
  5
1D3
330
17
100
AcDbEntity
  8
FUR
100
AcDbCircle
 10
31015.0
 20
15600.0
 30
0.0
 40
400.0
  0
LWPOLYLINE
  5
1D4
330
17
100
AcDbEntity
  8
FUR
100
AcDbPolyline
 90
4
 70
1
 10
30065.0
 20
15350.0
 10
30465.0
 20
15350.0
 10
30465.0
 20
15750.0
 10
30065.0
 20
15750.0
  0
LWPOLYLINE
  5
1D5
330
17
100
AcDbEntity
  8
FUR
100
AcDbPolyline
 90
4
 70
1
 10
31965.0
 20
15350.0
 10
32365.0
 20
15350.0
 10
32365.0
 20
15750.0
 10
31965.0
 20
15750.0
  0
LWPOLYLINE
  5
1D6
330
17
100
AcDbEntity
  8
0CONC
100
AcDbPolyline
 90
4
 70
1
 10
34010.0
 20
9000.0
 10
34110.0
 20
9000.0
 10
34110.0
 20
16500.0
 10
34010.0
 20
16500.0
  0
HATCH
  5
1D7
330
17
100
AcDbEntity
  8
해치벽체
 62
8
100
AcDbHatch
 10
0.0
 20
0.0
 30
0.0
210
0.0
220
0.0
230
1.0
  2
ANSI31
 70
0
 71
0
 91
1
 92
3
 72
0
 73
1
 93
4
 10
34010.0
 20
9000.0
 10
34110.0
 20
9000.0
 10
34110.0
 20
16500.0
 10
34010.0
 20
16500.0
 97
0
 75
1
 76
1
 52
0.0
 41
16.0
 77
0
 78
1
 53
45.0
 43
0.0
 44
0.0
 45
-35.9210244848
 46
35.9210244848
 79
0
 98
0
  0
LINE
  5
1D8
330
17
100
AcDbEntity
  8
DOOR
100
AcDbLine
 10
34410.0
 20
9100.0
 30
0.0
 11
34410.0
 21
10000.0
 31
0.0
  0
ARC
  5
1D9
330
17
100
AcDbEntity
  8
DOOR
100
AcDbCircle
 10
34410.0
 20
9100.0
 30
0.0
 40
900.0
100
AcDbArc
 50
0.0
 51
90.0
  0
LWPOLYLINE
  5
1DA
330
17
100
AcDbEntity
  8
0CONC
100
AcDbPolyline
 90
4
 70
1
 10
35610.0
 20
9100.0
 10
35710.0
 20
9100.0
 10
35710.0
 20
11500.0
 10
35610.0
 20
11500.0
  0
HATCH
  5
1DB
330
17
100
AcDbEntity
  8
해치벽체
 62
8
100
AcDbHatch
 10
0.0
 20
0.0
 30
0.0
210
0.0
220
0.0
230
1.0
  2
ANSI31
 70
0
 71
0
 91
1
 92
3
 72
0
 73
1
 93
4
 10
35610.0
 20
9100.0
 10
35710.0
 20
9100.0
 10
35710.0
 20
11500.0
 10
35610.0
 20
11500.0
 97
0
 75
1
 76
1
 52
0.0
 41
16.0
 77
0
 78
1
 53
45.0
 43
0.0
 44
0.0
 45
-35.9210244848
 46
35.9210244848
 79
0
 98
0
  0
LWPOLYLINE
  5
1DC
330
17
100
AcDbEntity
  8
0CONC
100
AcDbPolyline
 90
4
 70
1
 10
35710.0
 20
11400.0
 10
38710.0
 20
11400.0
 10
38710.0
 20
11500.0
 10
35710.0
 20
11500.0
  0
HATCH
  5
1DD
330
17
100
AcDbEntity
  8
해치벽체
 62
8
100
AcDbHatch
 10
0.0
 20
0.0
 30
0.0
210
0.0
220
0.0
230
1.0
  2
ANSI31
 70
0
 71
0
 91
1
 92
3
 72
0
 73
1
 93
4
 10
35710.0
 20
11400.0
 10
38710.0
 20
11400.0
 10
38710.0
 20
11500.0
 10
35710.0
 20
11500.0
 97
0
 75
1
 76
1
 52
0.0
 41
16.0
 77
0
 78
1
 53
45.0
 43
0.0
 44
0.0
 45
-35.9210244848
 46
35.9210244848
 79
0
 98
0
  0
LINE
  5
1DE
330
17
100
AcDbEntity
  8
DOOR
100
AcDbLine
 10
35710.0
 20
10650.0
 30
0.0
 11
36510.0
 21
10650.0
 31
0.0
  0
ARC
  5
1DF
330
17
100
AcDbEntity
  8
DOOR
100
AcDbCircle
 10
35710.0
 20
10650.0
 30
0.0
 40
800.0
100
AcDbArc
 50
0.0
 51
90.0
  0
LWPOLYLINE
  5
1E0
330
17
100
AcDbEntity
  8
TOIL
100
AcDbPolyline
 90
4
 70
1
 10
35860.0
 20
9250.0
 10
37010.0
 20
9250.0
 10
37010.0
 20
9900.0
 10
35860.0
 20
9900.0
  0
ELLIPSE
  5
1E1
330
17
100
AcDbEntity
  8
TOIL
100
AcDbEllipse
 10
36435.0
 20
9575.0
 30
0.0
 11
230.0
 21
0.0
 31
0.0
 40
0.717391304347826
 41
0.0
 42
6.283185307179586
  0
CIRCLE
  5
1E2
330
17
100
AcDbEntity
  8
TOIL
100
AcDbCircle
 10
36435.0
 20
9325.0
 30
0.0
 40
38.0
  0
LWPOLYLINE
  5
1E3
330
17
100
AcDbEntity
  8
TOIL
100
AcDbPolyline
 90
4
 70
1
 10
37210.0
 20
9250.0
 10
37610.0
 20
9250.0
 10
37610.0
 20
9470.0
 10
37210.0
 20
9470.0
  0
ELLIPSE
  5
1E4
330
17
100
AcDbEntity
  8
TOIL
100
AcDbEllipse
 10
37410.0
 20
9770.0
 30
0.0
 11
0.0
 21
270.0
 31
0.0
 40
0.7592592592592593
 41
0.0
 42
6.283185307179586
  0
LWPOLYLINE
  5
1E5
330
17
100
AcDbEntity
  8
TOIL
100
AcDbPolyline
 90
4
 70
1
 10
37610.0
 20
10300.0
 10
38590.0
 20
10300.0
 10
38590.0
 20
11380.0
 10
37610.0
 20
11380.0
  0
LINE
  5
1E6
330
17
100
AcDbEntity
  8
TOIL
100
AcDbLine
 10
37610.0
 20
10300.0
 30
0.0
 11
38590.0
 21
11380.0
 31
0.0
  0
LINE
  5
1E7
330
17
100
AcDbEntity
  8
TOIL
100
AcDbLine
 10
37610.0
 20
11380.0
 30
0.0
 11
38590.0
 21
10300.0
 31
0.0
  0
TEXT
  5
1E8
330
17
100
AcDbEntity
  8
0TEXT
100
AcDbText
 10
36410.0
 20
10850.0
 30
0.0
 40
195.0
  1
욕실
  7
KOR
 72
1
 11
36410.0
 21
10850.0
 31
0.0
100
AcDbText
 73
2
  0
TEXT
  5
1E9
330
17
100
AcDbEntity
  8
0TEXT
100
AcDbText
 10
36410.0
 20
12355.0
 30
0.0
 40
225.0
  1
디럭스룸 35타입
  7
KOR
 72
1
 11
36410.0
 21
12355.0
 31
0.0
100
AcDbText
 73
2
  0
TEXT
  5
1EA
330
17
100
AcDbEntity
  8
0TEXT
 62
9
100
AcDbText
 10
36410.0
 20
11965.0
 30
0.0
 40
185.0
  1
35.2 m²
  7
KOR
 72
1
 11
36410.0
 21
11965.0
 31
0.0
100
AcDbText
 73
2
  0
LWPOLYLINE
  5
1EB
330
17
100
AcDbEntity
  8
FUR
100
AcDbPolyline
 90
4
 70
1
 10
34230.0
 20
12600.0
 10
34930.0
 20
12600.0
 10
34930.0
 20
14200.0
 10
34230.0
 20
14200.0
  0
LINE
  5
1EC
330
17
100
AcDbEntity
  8
FUR
100
AcDbLine
 10
34230.0
 20
12600.0
 30
0.0
 11
34930.0
 21
14200.0
 31
0.0
  0
LINE
  5
1ED
330
17
100
AcDbEntity
  8
FUR
100
AcDbLine
 10
34230.0
 20
13400.0
 30
0.0
 11
34930.0
 21
13400.0
 31
0.0
  0
LWPOLYLINE
  5
1EE
330
17
100
AcDbEntity
  8
FUR
100
AcDbPolyline
 90
4
 70
1
 10
36610.0
 20
12600.0
 10
38590.0
 20
12600.0
 10
38590.0
 20
14200.0
 10
36610.0
 20
14200.0
  0
LWPOLYLINE
  5
1EF
330
17
100
AcDbEntity
  8
FUR
100
AcDbPolyline
 90
4
 70
1
 10
38120.0
 20
12730.0
 10
38480.0
 20
12730.0
 10
38480.0
 20
13335.0
 10
38120.0
 20
13335.0
  0
LWPOLYLINE
  5
1F0
330
17
100
AcDbEntity
  8
FUR
100
AcDbPolyline
 90
4
 70
1
 10
38120.0
 20
13465.0
 10
38480.0
 20
13465.0
 10
38480.0
 20
14070.0
 10
38120.0
 20
14070.0
  0
LINE
  5
1F1
330
17
100
AcDbEntity
  8
FUR
100
AcDbLine
 10
37362.4
 20
12600.0
 30
0.0
 11
37362.4
 21
14200.0
 31
0.0
  0
LWPOLYLINE
  5
1F2
330
17
100
AcDbEntity
  8
FUR
100
AcDbPolyline
 90
4
 70
1
 10
38090.0
 20
12000.0
 10
38590.0
 20
12000.0
 10
38590.0
 20
12500.0
 10
38090.0
 20
12500.0
  0
CIRCLE
  5
1F3
330
17
100
AcDbEntity
  8
FUR
100
AcDbCircle
 10
38340.0
 20
12250.0
 30
0.0
 40
95.0
  0
LWPOLYLINE
  5
1F4
330
17
100
AcDbEntity
  8
FUR
100
AcDbPolyline
 90
4
 70
1
 10
34230.0
 20
14500.0
 10
34730.0
 20
14500.0
 10
34730.0
 20
15800.0
 10
34230.0
 20
15800.0
  0
LWPOLYLINE
  5
1F5
330
17
100
AcDbEntity
  8
FUR
100
AcDbPolyline
 90
4
 70
1
 10
34620.0
 20
14680.0
 10
34690.0
 20
14680.0
 10
34690.0
 20
15620.0
 10
34620.0
 20
15620.0
  0
LWPOLYLINE
  5
1F6
330
17
100
AcDbEntity
  8
FUR
100
AcDbPolyline
 90
4
 70
1
 10
36810.0
 20
15400.0
 10
38590.0
 20
15400.0
 10
38590.0
 20
16200.0
 10
36810.0
 20
16200.0
  0
LWPOLYLINE
  5
1F7
330
17
100
AcDbEntity
  8
FUR
100
AcDbPolyline
 90
4
 70
1
 10
38440.0
 20
15400.0
 10
38590.0
 20
15400.0
 10
38590.0
 20
16200.0
 10
38440.0
 20
16200.0
  0
CIRCLE
  5
1F8
330
17
100
AcDbEntity
  8
FUR
100
AcDbCircle
 10
36110.0
 20
15800.0
 30
0.0
 40
320.0
  0
LWPOLYLINE
  5
1F9
330
17
100
AcDbEntity
  8
0CONC
100
AcDbPolyline
 90
4
 70
1
 10
38710.0
 20
9000.0
 10
38810.0
 20
9000.0
 10
38810.0
 20
16500.0
 10
38710.0
 20
16500.0
  0
HATCH
  5
1FA
330
17
100
AcDbEntity
  8
해치벽체
 62
8
100
AcDbHatch
 10
0.0
 20
0.0
 30
0.0
210
0.0
220
0.0
230
1.0
  2
ANSI31
 70
0
 71
0
 91
1
 92
3
 72
0
 73
1
 93
4
 10
38710.0
 20
9000.0
 10
38810.0
 20
9000.0
 10
38810.0
 20
16500.0
 10
38710.0
 20
16500.0
 97
0
 75
1
 76
1
 52
0.0
 41
16.0
 77
0
 78
1
 53
45.0
 43
0.0
 44
0.0
 45
-35.9210244848
 46
35.9210244848
 79
0
 98
0
  0
LINE
  5
1FB
330
17
100
AcDbEntity
  8
DOOR
100
AcDbLine
 10
31820.0
 20
7500.0
 30
0.0
 11
31820.0
 21
6600.0
 31
0.0
  0
ARC
  5
1FC
330
17
100
AcDbEntity
  8
DOOR
100
AcDbCircle
 10
31820.0
 20
7500.0
 30
0.0
 40
900.0
100
AcDbArc
 50
270.0
 51
360.0
  0
LWPOLYLINE
  5
1FD
330
17
100
AcDbEntity
  8
0CONC
100
AcDbPolyline
 90
4
 70
1
 10
34720.0
 20
5000.0
 10
34820.0
 20
5000.0
 10
34820.0
 20
7500.0
 10
34720.0
 20
7500.0
  0
HATCH
  5
1FE
330
17
100
AcDbEntity
  8
해치벽체
 62
8
100
AcDbHatch
 10
0.0
 20
0.0
 30
0.0
210
0.0
220
0.0
230
1.0
  2
ANSI31
 70
0
 71
0
 91
1
 92
3
 72
0
 73
1
 93
4
 10
34720.0
 20
5000.0
 10
34820.0
 20
5000.0
 10
34820.0
 20
7500.0
 10
34720.0
 20
7500.0
 97
0
 75
1
 76
1
 52
0.0
 41
16.0
 77
0
 78
1
 53
45.0
 43
0.0
 44
0.0
 45
-35.9210244848
 46
35.9210244848
 79
0
 98
0
  0
LWPOLYLINE
  5
1FF
330
17
100
AcDbEntity
  8
0CONC
100
AcDbPolyline
 90
4
 70
1
 10
34820.0
 20
5000.0
 10
37220.0
 20
5000.0
 10
37220.0
 20
5100.0
 10
34820.0
 20
5100.0
  0
HATCH
  5
200
330
17
100
AcDbEntity
  8
해치벽체
 62
8
100
AcDbHatch
 10
0.0
 20
0.0
 30
0.0
210
0.0
220
0.0
230
1.0
  2
ANSI31
 70
0
 71
0
 91
1
 92
3
 72
0
 73
1
 93
4
 10
34820.0
 20
5000.0
 10
37220.0
 20
5000.0
 10
37220.0
 20
5100.0
 10
34820.0
 20
5100.0
 97
0
 75
1
 76
1
 52
0.0
 41
16.0
 77
0
 78
1
 53
45.0
 43
0.0
 44
0.0
 45
-35.9210244848
 46
35.9210244848
 79
0
 98
0
  0
LINE
  5
201
330
17
100
AcDbEntity
  8
DOOR
100
AcDbLine
 10
34820.0
 20
5900.0
 30
0.0
 11
35620.0
 21
5900.0
 31
0.0
  0
ARC
  5
202
330
17
100
AcDbEntity
  8
DOOR
100
AcDbCircle
 10
34820.0
 20
5900.0
 30
0.0
 40
800.0
100
AcDbArc
 50
270.0
 51
360.0
  0
LWPOLYLINE
  5
203
330
17
100
AcDbEntity
  8
TOIL
100
AcDbPolyline
 90
4
 70
1
 10
35670.0
 20
5120.0
 10
37100.0
 20
5120.0
 10
37100.0
 20
6350.0
 10
35670.0
 20
6350.0
  0
LWPOLYLINE
  5
204
330
17
100
AcDbEntity
  8
TOIL
100
AcDbPolyline
 90
4
 70
1
 10
35740.0
 20
5190.0
 10
37030.0
 20
5190.0
 10
37030.0
 20
6280.0
 10
35740.0
 20
6280.0
  0
CIRCLE
  5
205
330
17
100
AcDbEntity
  8
TOIL
100
AcDbCircle
 10
36870.0
 20
5735.0
 30
0.0
 40
70.0
  0
LWPOLYLINE
  5
206
330
17
100
AcDbEntity
  8
TOIL
100
AcDbPolyline
 90
4
 70
1
 10
36540.0
 20
7160.0
 10
36940.0
 20
7160.0
 10
36940.0
 20
7380.0
 10
36540.0
 20
7380.0
  0
ELLIPSE
  5
207
330
17
100
AcDbEntity
  8
TOIL
100
AcDbEllipse
 10
36740.0
 20
6860.0
 30
0.0
 11
0.0
 21
270.0
 31
0.0
 40
0.7592592592592593
 41
0.0
 42
6.283185307179586
  0
LWPOLYLINE
  5
208
330
17
100
AcDbEntity
  8
TOIL
100
AcDbPolyline
 90
4
 70
1
 10
34870.0
 20
6780.0
 10
35970.0
 20
6780.0
 10
35970.0
 20
7380.0
 10
34870.0
 20
7380.0
  0
ELLIPSE
  5
209
330
17
100
AcDbEntity
  8
TOIL
100
AcDbEllipse
 10
35420.0
 20
7080.0
 30
0.0
 11
230.0
 21
0.0
 31
0.0
 40
0.717391304347826
 41
0.0
 42
6.283185307179586
  0
CIRCLE
  5
20A
330
17
100
AcDbEntity
  8
TOIL
100
AcDbCircle
 10
35420.0
 20
7305.0
 30
0.0
 40
38.0
  0
TEXT
  5
20B
330
17
100
AcDbEntity
  8
0TEXT
100
AcDbText
 10
36070.0
 20
5750.0
 30
0.0
 40
195.0
  1
욕실
  7
KOR
 72
1
 11
36070.0
 21
5750.0
 31
0.0
100
AcDbText
 73
2
  0
LWPOLYLINE
  5
20C
330
17
100
AcDbEntity
  8
FUR
100
AcDbPolyline
 90
4
 70
1
 10
32620.0
 20
6680.0
 10
34520.0
 20
6680.0
 10
34520.0
 20
7380.0
 10
32620.0
 20
7380.0
  0
LWPOLYLINE
  5
20D
330
17
100
AcDbEntity
  8
TOIL
100
AcDbPolyline
 90
4
 70
1
 10
33930.0
 20
6790.0
 10
34410.0
 20
6790.0
 10
34410.0
 20
7270.0
 10
33930.0
 20
7270.0
  0
CIRCLE
  5
20E
330
17
100
AcDbEntity
  8
FUR
100
AcDbCircle
 10
33190.0
 20
7030.0
 30
0.0
 40
130.0
  0
CIRCLE
  5
20F
330
17
100
AcDbEntity
  8
FUR
100
AcDbCircle
 10
33665.0
 20
7030.0
 30
0.0
 40
130.0
  0
TEXT
  5
210
330
17
100
AcDbEntity
  8
0TEXT
 62
9
100
AcDbText
 10
33570.0
 20
6440.0
 30
0.0
 40
170.0
  1
미니주방
  7
KOR
 72
1
 11
33570.0
 21
6440.0
 31
0.0
100
AcDbText
 73
2
  0
LWPOLYLINE
  5
211
330
17
100
AcDbEntity
  8
FUR
100
AcDbPolyline
 90
4
 70
1
 10
31640.0
 20
4900.0
 10
32340.0
 20
4900.0
 10
32340.0
 20
6300.0
 10
31640.0
 20
6300.0
  0
LINE
  5
212
330
17
100
AcDbEntity
  8
FUR
100
AcDbLine
 10
32340.0
 20
6300.0
 30
0.0
 11
31640.0
 21
4900.0
 31
0.0
  0
LINE
  5
213
330
17
100
AcDbEntity
  8
FUR
100
AcDbLine
 10
32340.0
 20
5600.0
 30
0.0
 11
31640.0
 21
5600.0
 31
0.0
  0
TEXT
  5
214
330
17
100
AcDbEntity
  8
0TEXT
100
AcDbText
 10
34070.0
 20
4795.0
 30
0.0
 40
225.0
  1
패밀리룸 45타입
  7
KOR
 72
1
 11
34070.0
 21
4795.0
 31
0.0
100
AcDbText
 73
2
  0
TEXT
  5
215
330
17
100
AcDbEntity
  8
0TEXT
 62
9
100
AcDbText
 10
34070.0
 20
4405.0
 30
0.0
 40
185.0
  1
45.0 m²
  7
KOR
 72
1
 11
34070.0
 21
4405.0
 31
0.0
100
AcDbText
 73
2
  0
LWPOLYLINE
  5
216
330
17
100
AcDbEntity
  8
FUR
100
AcDbPolyline
 90
4
 70
1
 10
35100.0
 20
2500.0
 10
37100.0
 20
2500.0
 10
37100.0
 20
4100.0
 10
35100.0
 20
4100.0
  0
LWPOLYLINE
  5
217
330
17
100
AcDbEntity
  8
FUR
100
AcDbPolyline
 90
4
 70
1
 10
36630.0
 20
3365.0
 10
36990.0
 20
3365.0
 10
36990.0
 20
3970.0
 10
36630.0
 20
3970.0
  0
LWPOLYLINE
  5
218
330
17
100
AcDbEntity
  8
FUR
100
AcDbPolyline
 90
4
 70
1
 10
36630.0
 20
2630.0
 10
36990.0
 20
2630.0
 10
36990.0
 20
3235.0
 10
36630.0
 20
3235.0
  0
LINE
  5
219
330
17
100
AcDbEntity
  8
FUR
100
AcDbLine
 10
35860.0
 20
4100.0
 30
0.0
 11
35860.0
 21
2500.0
 31
0.0
  0
LWPOLYLINE
  5
21A
330
17
100
AcDbEntity
  8
FUR
100
AcDbPolyline
 90
4
 70
1
 10
36600.0
 20
1850.0
 10
37100.0
 20
1850.0
 10
37100.0
 20
2350.0
 10
36600.0
 20
2350.0
  0
CIRCLE
  5
21B
330
17
100
AcDbEntity
  8
FUR
100
AcDbCircle
 10
36850.0
 20
2100.0
 30
0.0
 40
95.0
  0
LWPOLYLINE
  5
21C
330
17
100
AcDbEntity
  8
FUR
100
AcDbPolyline
 90
4
 70
1
 10
31640.0
 20
3100.0
 10
33620.0
 20
3100.0
 10
33620.0
 20
4100.0
 10
31640.0
 20
4100.0
  0
LWPOLYLINE
  5
21D
330
17
100
AcDbEntity
  8
FUR
100
AcDbPolyline
 90
4
 70
1
 10
31750.0
 20
3250.0
 10
32110.0
 20
3250.0
 10
32110.0
 20
3950.0
 10
31750.0
 20
3950.0
  0
LINE
  5
21E
330
17
100
AcDbEntity
  8
FUR
100
AcDbLine
 10
32867.6
 20
4100.0
 30
0.0
 11
32867.6
 21
3100.0
 31
0.0
  0
LWPOLYLINE
  5
21F
330
17
100
AcDbEntity
  8
FUR
100
AcDbPolyline
 90
4
 70
1
 10
31640.0
 20
1800.0
 10
33620.0
 20
1800.0
 10
33620.0
 20
2800.0
 10
31640.0
 20
2800.0
  0
LWPOLYLINE
  5
220
330
17
100
AcDbEntity
  8
FUR
100
AcDbPolyline
 90
4
 70
1
 10
31750.0
 20
1950.0
 10
32110.0
 20
1950.0
 10
32110.0
 20
2650.0
 10
31750.0
 20
2650.0
  0
LINE
  5
221
330
17
100
AcDbEntity
  8
FUR
100
AcDbLine
 10
32867.6
 20
2800.0
 30
0.0
 11
32867.6
 21
1800.0
 31
0.0
  0
LWPOLYLINE
  5
222
330
17
100
AcDbEntity
  8
FUR
100
AcDbPolyline
 90
4
 70
1
 10
36600.0
 20
400.0
 10
37100.0
 20
400.0
 10
37100.0
 20
1600.0
 10
36600.0
 20
1600.0
  0
LWPOLYLINE
  5
223
330
17
100
AcDbEntity
  8
FUR
100
AcDbPolyline
 90
4
 70
1
 10
36640.0
 20
580.0
 10
36710.0
 20
580.0
 10
36710.0
 20
1420.0
 10
36640.0
 20
1420.0
  0
CIRCLE
  5
224
330
17
100
AcDbEntity
  8
FUR
100
AcDbCircle
 10
34170.0
 20
1000.0
 30
0.0
 40
400.0
  0
LWPOLYLINE
  5
225
330
17
100
AcDbEntity
  8
FUR
100
AcDbPolyline
 90
4
 70
1
 10
34720.0
 20
850.0
 10
35120.0
 20
850.0
 10
35120.0
 20
1250.0
 10
34720.0
 20
1250.0
  0
LWPOLYLINE
  5
226
330
17
100
AcDbEntity
  8
FUR
100
AcDbPolyline
 90
4
 70
1
 10
32820.0
 20
850.0
 10
33220.0
 20
850.0
 10
33220.0
 20
1250.0
 10
32820.0
 20
1250.0
  0
LINE
  5
227
330
17
100
AcDbEntity
  8
DOOR
100
AcDbLine
 10
41820.0
 20
7500.0
 30
0.0
 11
41820.0
 21
6600.0
 31
0.0
  0
ARC
  5
228
330
17
100
AcDbEntity
  8
DOOR
100
AcDbCircle
 10
41820.0
 20
7500.0
 30
0.0
 40
900.0
100
AcDbArc
 50
180.0
 51
270.0
  0
LWPOLYLINE
  5
229
330
17
100
AcDbEntity
  8
0CONC
100
AcDbPolyline
 90
4
 70
1
 10
40520.0
 20
5100.0
 10
40620.0
 20
5100.0
 10
40620.0
 20
7500.0
 10
40520.0
 20
7500.0
  0
HATCH
  5
22A
330
17
100
AcDbEntity
  8
해치벽체
 62
8
100
AcDbHatch
 10
0.0
 20
0.0
 30
0.0
210
0.0
220
0.0
230
1.0
  2
ANSI31
 70
0
 71
0
 91
1
 92
3
 72
0
 73
1
 93
4
 10
40520.0
 20
5100.0
 10
40620.0
 20
5100.0
 10
40620.0
 20
7500.0
 10
40520.0
 20
7500.0
 97
0
 75
1
 76
1
 52
0.0
 41
16.0
 77
0
 78
1
 53
45.0
 43
0.0
 44
0.0
 45
-35.9210244848
 46
35.9210244848
 79
0
 98
0
  0
LWPOLYLINE
  5
22B
330
17
100
AcDbEntity
  8
0CONC
100
AcDbPolyline
 90
4
 70
1
 10
37520.0
 20
5100.0
 10
40520.0
 20
5100.0
 10
40520.0
 20
5200.0
 10
37520.0
 20
5200.0
  0
HATCH
  5
22C
330
17
100
AcDbEntity
  8
해치벽체
 62
8
100
AcDbHatch
 10
0.0
 20
0.0
 30
0.0
210
0.0
220
0.0
230
1.0
  2
ANSI31
 70
0
 71
0
 91
1
 92
3
 72
0
 73
1
 93
4
 10
37520.0
 20
5100.0
 10
40520.0
 20
5100.0
 10
40520.0
 20
5200.0
 10
37520.0
 20
5200.0
 97
0
 75
1
 76
1
 52
0.0
 41
16.0
 77
0
 78
1
 53
45.0
 43
0.0
 44
0.0
 45
-35.9210244848
 46
35.9210244848
 79
0
 98
0
  0
LINE
  5
22D
330
17
100
AcDbEntity
  8
DOOR
100
AcDbLine
 10
40520.0
 20
5950.0
 30
0.0
 11
39720.0
 21
5950.0
 31
0.0
  0
ARC
  5
22E
330
17
100
AcDbEntity
  8
DOOR
100
AcDbCircle
 10
40520.0
 20
5950.0
 30
0.0
 40
800.0
100
AcDbArc
 50
180.0
 51
270.0
  0
LWPOLYLINE
  5
22F
330
17
100
AcDbEntity
  8
TOIL
100
AcDbPolyline
 90
4
 70
1
 10
39220.0
 20
6700.0
 10
40370.0
 20
6700.0
 10
40370.0
 20
7350.0
 10
39220.0
 20
7350.0
  0
ELLIPSE
  5
230
330
17
100
AcDbEntity
  8
TOIL
100
AcDbEllipse
 10
39795.0
 20
7025.0
 30
0.0
 11
230.0
 21
0.0
 31
0.0
 40
0.717391304347826
 41
0.0
 42
6.283185307179586
  0
CIRCLE
  5
231
330
17
100
AcDbEntity
  8
TOIL
100
AcDbCircle
 10
39795.0
 20
7275.0
 30
0.0
 40
38.0
  0
LWPOLYLINE
  5
232
330
17
100
AcDbEntity
  8
TOIL
100
AcDbPolyline
 90
4
 70
1
 10
38620.0
 20
7130.0
 10
39020.0
 20
7130.0
 10
39020.0
 20
7350.0
 10
38620.0
 20
7350.0
  0
ELLIPSE
  5
233
330
17
100
AcDbEntity
  8
TOIL
100
AcDbEllipse
 10
38820.0
 20
6830.0
 30
0.0
 11
0.0
 21
270.0
 31
0.0
 40
0.7592592592592593
 41
0.0
 42
6.283185307179586
  0
LWPOLYLINE
  5
234
330
17
100
AcDbEntity
  8
TOIL
100
AcDbPolyline
 90
4
 70
1
 10
37640.0
 20
5220.0
 10
38620.0
 20
5220.0
 10
38620.0
 20
6300.0
 10
37640.0
 20
6300.0
  0
LINE
  5
235
330
17
100
AcDbEntity
  8
TOIL
100
AcDbLine
 10
38620.0
 20
6300.0
 30
0.0
 11
37640.0
 21
5220.0
 31
0.0
  0
LINE
  5
236
330
17
100
AcDbEntity
  8
TOIL
100
AcDbLine
 10
38620.0
 20
5220.0
 30
0.0
 11
37640.0
 21
6300.0
 31
0.0
  0
TEXT
  5
237
330
17
100
AcDbEntity
  8
0TEXT
100
AcDbText
 10
39820.0
 20
5750.0
 30
0.0
 40
195.0
  1
욕실
  7
KOR
 72
1
 11
39820.0
 21
5750.0
 31
0.0
100
AcDbText
 73
2
  0
TEXT
  5
238
330
17
100
AcDbEntity
  8
0TEXT
100
AcDbText
 10
39820.0
 20
4635.0
 30
0.0
 40
225.0
  1
디럭스룸 36타입
  7
KOR
 72
1
 11
39820.0
 21
4635.0
 31
0.0
100
AcDbText
 73
2
  0
TEXT
  5
239
330
17
100
AcDbEntity
  8
0TEXT
 62
9
100
AcDbText
 10
39820.0
 20
4245.0
 30
0.0
 40
185.0
  1
36.7 m²
  7
KOR
 72
1
 11
39820.0
 21
4245.0
 31
0.0
100
AcDbText
 73
2
  0
LWPOLYLINE
  5
23A
330
17
100
AcDbEntity
  8
FUR
100
AcDbPolyline
 90
4
 70
1
 10
41300.0
 20
2400.0
 10
42000.0
 20
2400.0
 10
42000.0
 20
4000.0
 10
41300.0
 20
4000.0
  0
LINE
  5
23B
330
17
100
AcDbEntity
  8
FUR
100
AcDbLine
 10
42000.0
 20
4000.0
 30
0.0
 11
41300.0
 21
2400.0
 31
0.0
  0
LINE
  5
23C
330
17
100
AcDbEntity
  8
FUR
100
AcDbLine
 10
42000.0
 20
3200.0
 30
0.0
 11
41300.0
 21
3200.0
 31
0.0
  0
LWPOLYLINE
  5
23D
330
17
100
AcDbEntity
  8
FUR
100
AcDbPolyline
 90
4
 70
1
 10
37640.0
 20
2400.0
 10
39620.0
 20
2400.0
 10
39620.0
 20
4000.0
 10
37640.0
 20
4000.0
  0
LWPOLYLINE
  5
23E
330
17
100
AcDbEntity
  8
FUR
100
AcDbPolyline
 90
4
 70
1
 10
37750.0
 20
3265.0
 10
38110.0
 20
3265.0
 10
38110.0
 20
3870.0
 10
37750.0
 20
3870.0
  0
LWPOLYLINE
  5
23F
330
17
100
AcDbEntity
  8
FUR
100
AcDbPolyline
 90
4
 70
1
 10
37750.0
 20
2530.0
 10
38110.0
 20
2530.0
 10
38110.0
 20
3135.0
 10
37750.0
 20
3135.0
  0
LINE
  5
240
330
17
100
AcDbEntity
  8
FUR
100
AcDbLine
 10
38867.6
 20
4000.0
 30
0.0
 11
38867.6
 21
2400.0
 31
0.0
  0
LWPOLYLINE
  5
241
330
17
100
AcDbEntity
  8
FUR
100
AcDbPolyline
 90
4
 70
1
 10
37640.0
 20
4100.0
 10
38140.0
 20
4100.0
 10
38140.0
 20
4600.0
 10
37640.0
 20
4600.0
  0
CIRCLE
  5
242
330
17
100
AcDbEntity
  8
FUR
100
AcDbCircle
 10
37890.0
 20
4350.0
 30
0.0
 40
95.0
  0
LWPOLYLINE
  5
243
330
17
100
AcDbEntity
  8
FUR
100
AcDbPolyline
 90
4
 70
1
 10
41500.0
 20
800.0
 10
42000.0
 20
800.0
 10
42000.0
 20
2100.0
 10
41500.0
 20
2100.0
  0
LWPOLYLINE
  5
244
330
17
100
AcDbEntity
  8
FUR
100
AcDbPolyline
 90
4
 70
1
 10
41540.0
 20
980.0
 10
41610.0
 20
980.0
 10
41610.0
 20
1920.0
 10
41540.0
 20
1920.0
  0
LWPOLYLINE
  5
245
330
17
100
AcDbEntity
  8
FUR
100
AcDbPolyline
 90
4
 70
1
 10
37640.0
 20
400.0
 10
39420.0
 20
400.0
 10
39420.0
 20
1200.0
 10
37640.0
 20
1200.0
  0
LWPOLYLINE
  5
246
330
17
100
AcDbEntity
  8
FUR
100
AcDbPolyline
 90
4
 70
1
 10
37640.0
 20
400.0
 10
37790.0
 20
400.0
 10
37790.0
 20
1200.0
 10
37640.0
 20
1200.0
  0
CIRCLE
  5
247
330
17
100
AcDbEntity
  8
FUR
100
AcDbCircle
 10
40120.0
 20
800.0
 30
0.0
 40
320.0
  0
LWPOLYLINE
  5
248
330
17
100
AcDbEntity
  8
0CONC
100
AcDbPolyline
 90
4
 70
1
 10
37220.0
 20
200.0
 10
37320.0
 20
200.0
 10
37320.0
 20
7500.0
 10
37220.0
 20
7500.0
  0
HATCH
  5
249
330
17
100
AcDbEntity
  8
해치벽체
 62
8
100
AcDbHatch
 10
0.0
 20
0.0
 30
0.0
210
0.0
220
0.0
230
1.0
  2
ANSI31
 70
0
 71
0
 91
1
 92
3
 72
0
 73
1
 93
4
 10
37220.0
 20
200.0
 10
37320.0
 20
200.0
 10
37320.0
 20
7500.0
 10
37220.0
 20
7500.0
 97
0
 75
1
 76
1
 52
0.0
 41
16.0
 77
0
 78
1
 53
45.0
 43
0.0
 44
0.0
 45
-35.9210244848
 46
35.9210244848
 79
0
 98
0
  0
TEXT
  5
24A
330
17
100
AcDbEntity
  8
0TEXT
100
AcDbText
 10
-4600.0
 20
13900.0
 30
0.0
 40
2600.0
  1
2F
  7
KOR
 72
1
 11
-4600.0
 21
13900.0
 31
0.0
100
AcDbText
 73
2
  0
TEXT
  5
24B
330
17
100
AcDbEntity
  8
0TEXT
 62
9
100
AcDbText
 10
-4600.0
 20
11900.0
 30
0.0
 40
700.0
  1
466 m²
  7
KOR
 72
1
 11
-4600.0
 21
11900.0
 31
0.0
100
AcDbText
 73
2
  0
TEXT
  5
24C
330
17
100
AcDbEntity
  8
0TEXT
 62
8
100
AcDbText
 10
-1500.0
 20
10100.0
 30
0.0
 40
520.0
  1
단층형
  7
KOR
 72
2
 11
-1500.0
 21
10100.0
 31
0.0
100
AcDbText
  0
TEXT
  5
24D
330
17
100
AcDbEntity
  8
0TEXT
 62
8
100
AcDbText
 10
-1500.0
 20
9100.0
 30
0.0
 40
520.0
  1
6실 (패밀리 4 / 디럭스 2)
  7
KOR
 72
2
 11
-1500.0
 21
9100.0
 31
0.0
100
AcDbText
  0
LWPOLYLINE
  5
24E
330
17
100
AcDbEntity
  8
0CONC
100
AcDbPolyline
 90
4
 70
1
 10
0.0
 20
-9700.0
 10
700.0
 20
-9700.0
 10
700.0
 20
-9500.0
 10
0.0
 20
-9500.0
  0
HATCH
  5
24F
330
17
100
AcDbEntity
  8
해치벽체
 62
8
100
AcDbHatch
 10
0.0
 20
0.0
 30
0.0
210
0.0
220
0.0
230
1.0
  2
ANSI31
 70
0
 71
0
 91
1
 92
3
 72
0
 73
1
 93
4
 10
0.0
 20
-9700.0
 10
700.0
 20
-9700.0
 10
700.0
 20
-9500.0
 10
0.0
 20
-9500.0
 97
0
 75
1
 76
1
 52
0.0
 41
16.0
 77
0
 78
1
 53
45.0
 43
0.0
 44
0.0
 45
-35.9210244848
 46
35.9210244848
 79
0
 98
0
  0
LWPOLYLINE
  5
250
330
17
100
AcDbEntity
  8
0CONC
100
AcDbPolyline
 90
4
 70
1
 10
7100.0
 20
-9700.0
 10
8600.0
 20
-9700.0
 10
8600.0
 20
-9500.0
 10
7100.0
 20
-9500.0
  0
HATCH
  5
251
330
17
100
AcDbEntity
  8
해치벽체
 62
8
100
AcDbHatch
 10
0.0
 20
0.0
 30
0.0
210
0.0
220
0.0
230
1.0
  2
ANSI31
 70
0
 71
0
 91
1
 92
3
 72
0
 73
1
 93
4
 10
7100.0
 20
-9700.0
 10
8600.0
 20
-9700.0
 10
8600.0
 20
-9500.0
 10
7100.0
 20
-9500.0
 97
0
 75
1
 76
1
 52
0.0
 41
16.0
 77
0
 78
1
 53
45.0
 43
0.0
 44
0.0
 45
-35.9210244848
 46
35.9210244848
 79
0
 98
0
  0
LWPOLYLINE
  5
252
330
17
100
AcDbEntity
  8
0CONC
100
AcDbPolyline
 90
4
 70
1
 10
11000.0
 20
-9700.0
 10
21200.0
 20
-9700.0
 10
21200.0
 20
-9500.0
 10
11000.0
 20
-9500.0
  0
HATCH
  5
253
330
17
100
AcDbEntity
  8
해치벽체
 62
8
100
AcDbHatch
 10
0.0
 20
0.0
 30
0.0
210
0.0
220
0.0
230
1.0
  2
ANSI31
 70
0
 71
0
 91
1
 92
3
 72
0
 73
1
 93
4
 10
11000.0
 20
-9700.0
 10
21200.0
 20
-9700.0
 10
21200.0
 20
-9500.0
 10
11000.0
 20
-9500.0
 97
0
 75
1
 76
1
 52
0.0
 41
16.0
 77
0
 78
1
 53
45.0
 43
0.0
 44
0.0
 45
-35.9210244848
 46
35.9210244848
 79
0
 98
0
  0
LWPOLYLINE
  5
254
330
17
100
AcDbEntity
  8
0CONC
100
AcDbPolyline
 90
4
 70
1
 10
26100.0
 20
-9700.0
 10
27200.0
 20
-9700.0
 10
27200.0
 20
-9500.0
 10
26100.0
 20
-9500.0
  0
HATCH
  5
255
330
17
100
AcDbEntity
  8
해치벽체
 62
8
100
AcDbHatch
 10
0.0
 20
0.0
 30
0.0
210
0.0
220
0.0
230
1.0
  2
ANSI31
 70
0
 71
0
 91
1
 92
3
 72
0
 73
1
 93
4
 10
26100.0
 20
-9700.0
 10
27200.0
 20
-9700.0
 10
27200.0
 20
-9500.0
 10
26100.0
 20
-9500.0
 97
0
 75
1
 76
1
 52
0.0
 41
16.0
 77
0
 78
1
 53
45.0
 43
0.0
 44
0.0
 45
-35.9210244848
 46
35.9210244848
 79
0
 98
0
  0
LWPOLYLINE
  5
256
330
17
100
AcDbEntity
  8
0CONC
100
AcDbPolyline
 90
4
 70
1
 10
32100.0
 20
-9700.0
 10
33200.0
 20
-9700.0
 10
33200.0
 20
-9500.0
 10
32100.0
 20
-9500.0
  0
HATCH
  5
257
330
17
100
AcDbEntity
  8
해치벽체
 62
8
100
AcDbHatch
 10
0.0
 20
0.0
 30
0.0
210
0.0
220
0.0
230
1.0
  2
ANSI31
 70
0
 71
0
 91
1
 92
3
 72
0
 73
1
 93
4
 10
32100.0
 20
-9700.0
 10
33200.0
 20
-9700.0
 10
33200.0
 20
-9500.0
 10
32100.0
 20
-9500.0
 97
0
 75
1
 76
1
 52
0.0
 41
16.0
 77
0
 78
1
 53
45.0
 43
0.0
 44
0.0
 45
-35.9210244848
 46
35.9210244848
 79
0
 98
0
  0
LWPOLYLINE
  5
258
330
17
100
AcDbEntity
  8
0CONC
100
AcDbPolyline
 90
4
 70
1
 10
38100.0
 20
-9700.0
 10
42800.0
 20
-9700.0
 10
42800.0
 20
-9500.0
 10
38100.0
 20
-9500.0
  0
HATCH
  5
259
330
17
100
AcDbEntity
  8
해치벽체
 62
8
100
AcDbHatch
 10
0.0
 20
0.0
 30
0.0
210
0.0
220
0.0
230
1.0
  2
ANSI31
 70
0
 71
0
 91
1
 92
3
 72
0
 73
1
 93
4
 10
38100.0
 20
-9700.0
 10
42800.0
 20
-9700.0
 10
42800.0
 20
-9500.0
 10
38100.0
 20
-9500.0
 97
0
 75
1
 76
1
 52
0.0
 41
16.0
 77
0
 78
1
 53
45.0
 43
0.0
 44
0.0
 45
-35.9210244848
 46
35.9210244848
 79
0
 98
0
  0
LWPOLYLINE
  5
25A
330
17
100
AcDbEntity
  8
0CONC
100
AcDbPolyline
 90
4
 70
1
 10
45100.0
 20
-9700.0
 10
45620.0
 20
-9700.0
 10
45620.0
 20
-9500.0
 10
45100.0
 20
-9500.0
  0
HATCH
  5
25B
330
17
100
AcDbEntity
  8
해치벽체
 62
8
100
AcDbHatch
 10
0.0
 20
0.0
 30
0.0
210
0.0
220
0.0
230
1.0
  2
ANSI31
 70
0
 71
0
 91
1
 92
3
 72
0
 73
1
 93
4
 10
45100.0
 20
-9700.0
 10
45620.0
 20
-9700.0
 10
45620.0
 20
-9500.0
 10
45100.0
 20
-9500.0
 97
0
 75
1
 76
1
 52
0.0
 41
16.0
 77
0
 78
1
 53
45.0
 43
0.0
 44
0.0
 45
-35.9210244848
 46
35.9210244848
 79
0
 98
0
  0
LINE
  5
25C
330
17
100
AcDbEntity
  8
0WIN
100
AcDbLine
 10
700.0
 20
-9700.0
 30
0.0
 11
7100.0
 21
-9700.0
 31
0.0
  0
LINE
  5
25D
330
17
100
AcDbEntity
  8
0WIN
100
AcDbLine
 10
700.0
 20
-9633.333333333334
 30
0.0
 11
7100.0
 21
-9633.333333333334
 31
0.0
  0
LINE
  5
25E
330
17
100
AcDbEntity
  8
0WIN
100
AcDbLine
 10
700.0
 20
-9566.666666666668
 30
0.0
 11
7100.0
 21
-9566.666666666668
 31
0.0
  0
LINE
  5
25F
330
17
100
AcDbEntity
  8
0WIN
100
AcDbLine
 10
700.0
 20
-9500.0
 30
0.0
 11
7100.0
 21
-9500.0
 31
0.0
  0
LINE
  5
260
330
17
100
AcDbEntity
  8
0WIN
100
AcDbLine
 10
700.0
 20
-9700.0
 30
0.0
 11
700.0
 21
-9500.0
 31
0.0
  0
LINE
  5
261
330
17
100
AcDbEntity
  8
0WIN
100
AcDbLine
 10
7100.0
 20
-9700.0
 30
0.0
 11
7100.0
 21
-9500.0
 31
0.0
  0
LINE
  5
262
330
17
100
AcDbEntity
  8
0WIN
100
AcDbLine
 10
8600.0
 20
-9700.0
 30
0.0
 11
11000.0
 21
-9700.0
 31
0.0
  0
LINE
  5
263
330
17
100
AcDbEntity
  8
0WIN
100
AcDbLine
 10
8600.0
 20
-9633.333333333334
 30
0.0
 11
11000.0
 21
-9633.333333333334
 31
0.0
  0
LINE
  5
264
330
17
100
AcDbEntity
  8
0WIN
100
AcDbLine
 10
8600.0
 20
-9566.666666666668
 30
0.0
 11
11000.0
 21
-9566.666666666668
 31
0.0
  0
LINE
  5
265
330
17
100
AcDbEntity
  8
0WIN
100
AcDbLine
 10
8600.0
 20
-9500.0
 30
0.0
 11
11000.0
 21
-9500.0
 31
0.0
  0
LINE
  5
266
330
17
100
AcDbEntity
  8
0WIN
100
AcDbLine
 10
8600.0
 20
-9700.0
 30
0.0
 11
8600.0
 21
-9500.0
 31
0.0
  0
LINE
  5
267
330
17
100
AcDbEntity
  8
0WIN
100
AcDbLine
 10
11000.0
 20
-9700.0
 30
0.0
 11
11000.0
 21
-9500.0
 31
0.0
  0
LINE
  5
268
330
17
100
AcDbEntity
  8
0WIN
100
AcDbLine
 10
21200.0
 20
-9700.0
 30
0.0
 11
26100.0
 21
-9700.0
 31
0.0
  0
LINE
  5
269
330
17
100
AcDbEntity
  8
0WIN
100
AcDbLine
 10
21200.0
 20
-9633.333333333334
 30
0.0
 11
26100.0
 21
-9633.333333333334
 31
0.0
  0
LINE
  5
26A
330
17
100
AcDbEntity
  8
0WIN
100
AcDbLine
 10
21200.0
 20
-9566.666666666668
 30
0.0
 11
26100.0
 21
-9566.666666666668
 31
0.0
  0
LINE
  5
26B
330
17
100
AcDbEntity
  8
0WIN
100
AcDbLine
 10
21200.0
 20
-9500.0
 30
0.0
 11
26100.0
 21
-9500.0
 31
0.0
  0
LINE
  5
26C
330
17
100
AcDbEntity
  8
0WIN
100
AcDbLine
 10
21200.0
 20
-9700.0
 30
0.0
 11
21200.0
 21
-9500.0
 31
0.0
  0
LINE
  5
26D
330
17
100
AcDbEntity
  8
0WIN
100
AcDbLine
 10
26100.0
 20
-9700.0
 30
0.0
 11
26100.0
 21
-9500.0
 31
0.0
  0
LINE
  5
26E
330
17
100
AcDbEntity
  8
0WIN
100
AcDbLine
 10
27200.0
 20
-9700.0
 30
0.0
 11
32100.0
 21
-9700.0
 31
0.0
  0
LINE
  5
26F
330
17
100
AcDbEntity
  8
0WIN
100
AcDbLine
 10
27200.0
 20
-9633.333333333334
 30
0.0
 11
32100.0
 21
-9633.333333333334
 31
0.0
  0
LINE
  5
270
330
17
100
AcDbEntity
  8
0WIN
100
AcDbLine
 10
27200.0
 20
-9566.666666666668
 30
0.0
 11
32100.0
 21
-9566.666666666668
 31
0.0
  0
LINE
  5
271
330
17
100
AcDbEntity
  8
0WIN
100
AcDbLine
 10
27200.0
 20
-9500.0
 30
0.0
 11
32100.0
 21
-9500.0
 31
0.0
  0
LINE
  5
272
330
17
100
AcDbEntity
  8
0WIN
100
AcDbLine
 10
27200.0
 20
-9700.0
 30
0.0
 11
27200.0
 21
-9500.0
 31
0.0
  0
LINE
  5
273
330
17
100
AcDbEntity
  8
0WIN
100
AcDbLine
 10
32100.0
 20
-9700.0
 30
0.0
 11
32100.0
 21
-9500.0
 31
0.0
  0
LINE
  5
274
330
17
100
AcDbEntity
  8
0WIN
100
AcDbLine
 10
33200.0
 20
-9700.0
 30
0.0
 11
38100.0
 21
-9700.0
 31
0.0
  0
LINE
  5
275
330
17
100
AcDbEntity
  8
0WIN
100
AcDbLine
 10
33200.0
 20
-9633.333333333334
 30
0.0
 11
38100.0
 21
-9633.333333333334
 31
0.0
  0
LINE
  5
276
330
17
100
AcDbEntity
  8
0WIN
100
AcDbLine
 10
33200.0
 20
-9566.666666666668
 30
0.0
 11
38100.0
 21
-9566.666666666668
 31
0.0
  0
LINE
  5
277
330
17
100
AcDbEntity
  8
0WIN
100
AcDbLine
 10
33200.0
 20
-9500.0
 30
0.0
 11
38100.0
 21
-9500.0
 31
0.0
  0
LINE
  5
278
330
17
100
AcDbEntity
  8
0WIN
100
AcDbLine
 10
33200.0
 20
-9700.0
 30
0.0
 11
33200.0
 21
-9500.0
 31
0.0
  0
LINE
  5
279
330
17
100
AcDbEntity
  8
0WIN
100
AcDbLine
 10
38100.0
 20
-9700.0
 30
0.0
 11
38100.0
 21
-9500.0
 31
0.0
  0
LINE
  5
27A
330
17
100
AcDbEntity
  8
0WIN
100
AcDbLine
 10
42800.0
 20
-9700.0
 30
0.0
 11
45100.0
 21
-9700.0
 31
0.0
  0
LINE
  5
27B
330
17
100
AcDbEntity
  8
0WIN
100
AcDbLine
 10
42800.0
 20
-9633.333333333334
 30
0.0
 11
45100.0
 21
-9633.333333333334
 31
0.0
  0
LINE
  5
27C
330
17
100
AcDbEntity
  8
0WIN
100
AcDbLine
 10
42800.0
 20
-9566.666666666668
 30
0.0
 11
45100.0
 21
-9566.666666666668
 31
0.0
  0
LINE
  5
27D
330
17
100
AcDbEntity
  8
0WIN
100
AcDbLine
 10
42800.0
 20
-9500.0
 30
0.0
 11
45100.0
 21
-9500.0
 31
0.0
  0
LINE
  5
27E
330
17
100
AcDbEntity
  8
0WIN
100
AcDbLine
 10
42800.0
 20
-9700.0
 30
0.0
 11
42800.0
 21
-9500.0
 31
0.0
  0
LINE
  5
27F
330
17
100
AcDbEntity
  8
0WIN
100
AcDbLine
 10
45100.0
 20
-9700.0
 30
0.0
 11
45100.0
 21
-9500.0
 31
0.0
  0
LWPOLYLINE
  5
280
330
17
100
AcDbEntity
  8
0CONC
100
AcDbPolyline
 90
4
 70
1
 10
0.0
 20
-18500.0
 10
700.0
 20
-18500.0
 10
700.0
 20
-18300.0
 10
0.0
 20
-18300.0
  0
HATCH
  5
281
330
17
100
AcDbEntity
  8
해치벽체
 62
8
100
AcDbHatch
 10
0.0
 20
0.0
 30
0.0
210
0.0
220
0.0
230
1.0
  2
ANSI31
 70
0
 71
0
 91
1
 92
3
 72
0
 73
1
 93
4
 10
0.0
 20
-18500.0
 10
700.0
 20
-18500.0
 10
700.0
 20
-18300.0
 10
0.0
 20
-18300.0
 97
0
 75
1
 76
1
 52
0.0
 41
16.0
 77
0
 78
1
 53
45.0
 43
0.0
 44
0.0
 45
-35.9210244848
 46
35.9210244848
 79
0
 98
0
  0
LWPOLYLINE
  5
282
330
17
100
AcDbEntity
  8
0CONC
100
AcDbPolyline
 90
4
 70
1
 10
7100.0
 20
-18500.0
 10
12600.0
 20
-18500.0
 10
12600.0
 20
-18300.0
 10
7100.0
 20
-18300.0
  0
HATCH
  5
283
330
17
100
AcDbEntity
  8
해치벽체
 62
8
100
AcDbHatch
 10
0.0
 20
0.0
 30
0.0
210
0.0
220
0.0
230
1.0
  2
ANSI31
 70
0
 71
0
 91
1
 92
3
 72
0
 73
1
 93
4
 10
7100.0
 20
-18500.0
 10
12600.0
 20
-18500.0
 10
12600.0
 20
-18300.0
 10
7100.0
 20
-18300.0
 97
0
 75
1
 76
1
 52
0.0
 41
16.0
 77
0
 78
1
 53
45.0
 43
0.0
 44
0.0
 45
-35.9210244848
 46
35.9210244848
 79
0
 98
0
  0
LWPOLYLINE
  5
284
330
17
100
AcDbEntity
  8
0CONC
100
AcDbPolyline
 90
4
 70
1
 10
17200.0
 20
-18500.0
 10
22200.0
 20
-18500.0
 10
22200.0
 20
-18300.0
 10
17200.0
 20
-18300.0
  0
HATCH
  5
285
330
17
100
AcDbEntity
  8
해치벽체
 62
8
100
AcDbHatch
 10
0.0
 20
0.0
 30
0.0
210
0.0
220
0.0
230
1.0
  2
ANSI31
 70
0
 71
0
 91
1
 92
3
 72
0
 73
1
 93
4
 10
17200.0
 20
-18500.0
 10
22200.0
 20
-18500.0
 10
22200.0
 20
-18300.0
 10
17200.0
 20
-18300.0
 97
0
 75
1
 76
1
 52
0.0
 41
16.0
 77
0
 78
1
 53
45.0
 43
0.0
 44
0.0
 45
-35.9210244848
 46
35.9210244848
 79
0
 98
0
  0
LWPOLYLINE
  5
286
330
17
100
AcDbEntity
  8
0CONC
100
AcDbPolyline
 90
4
 70
1
 10
29000.0
 20
-18500.0
 10
31320.0
 20
-18500.0
 10
31320.0
 20
-18300.0
 10
29000.0
 20
-18300.0
  0
HATCH
  5
287
330
17
100
AcDbEntity
  8
해치벽체
 62
8
100
AcDbHatch
 10
0.0
 20
0.0
 30
0.0
210
0.0
220
0.0
230
1.0
  2
ANSI31
 70
0
 71
0
 91
1
 92
3
 72
0
 73
1
 93
4
 10
29000.0
 20
-18500.0
 10
31320.0
 20
-18500.0
 10
31320.0
 20
-18300.0
 10
29000.0
 20
-18300.0
 97
0
 75
1
 76
1
 52
0.0
 41
16.0
 77
0
 78
1
 53
45.0
 43
0.0
 44
0.0
 45
-35.9210244848
 46
35.9210244848
 79
0
 98
0
  0
LINE
  5
288
330
17
100
AcDbEntity
  8
0WIN
100
AcDbLine
 10
700.0
 20
-18500.0
 30
0.0
 11
7100.0
 21
-18500.0
 31
0.0
  0
LINE
  5
289
330
17
100
AcDbEntity
  8
0WIN
100
AcDbLine
 10
700.0
 20
-18433.333333333332
 30
0.0
 11
7100.0
 21
-18433.333333333332
 31
0.0
  0
LINE
  5
28A
330
17
100
AcDbEntity
  8
0WIN
100
AcDbLine
 10
700.0
 20
-18366.666666666668
 30
0.0
 11
7100.0
 21
-18366.666666666668
 31
0.0
  0
LINE
  5
28B
330
17
100
AcDbEntity
  8
0WIN
100
AcDbLine
 10
700.0
 20
-18300.0
 30
0.0
 11
7100.0
 21
-18300.0
 31
0.0
  0
LINE
  5
28C
330
17
100
AcDbEntity
  8
0WIN
100
AcDbLine
 10
700.0
 20
-18500.0
 30
0.0
 11
700.0
 21
-18300.0
 31
0.0
  0
LINE
  5
28D
330
17
100
AcDbEntity
  8
0WIN
100
AcDbLine
 10
7100.0
 20
-18500.0
 30
0.0
 11
7100.0
 21
-18300.0
 31
0.0
  0
LINE
  5
28E
330
17
100
AcDbEntity
  8
0WIN
100
AcDbLine
 10
12600.0
 20
-18500.0
 30
0.0
 11
17200.0
 21
-18500.0
 31
0.0
  0
LINE
  5
28F
330
17
100
AcDbEntity
  8
0WIN
100
AcDbLine
 10
12600.0
 20
-18433.333333333332
 30
0.0
 11
17200.0
 21
-18433.333333333332
 31
0.0
  0
LINE
  5
290
330
17
100
AcDbEntity
  8
0WIN
100
AcDbLine
 10
12600.0
 20
-18366.666666666668
 30
0.0
 11
17200.0
 21
-18366.666666666668
 31
0.0
  0
LINE
  5
291
330
17
100
AcDbEntity
  8
0WIN
100
AcDbLine
 10
12600.0
 20
-18300.0
 30
0.0
 11
17200.0
 21
-18300.0
 31
0.0
  0
LINE
  5
292
330
17
100
AcDbEntity
  8
0WIN
100
AcDbLine
 10
12600.0
 20
-18500.0
 30
0.0
 11
12600.0
 21
-18300.0
 31
0.0
  0
LINE
  5
293
330
17
100
AcDbEntity
  8
0WIN
100
AcDbLine
 10
17200.0
 20
-18500.0
 30
0.0
 11
17200.0
 21
-18300.0
 31
0.0
  0
LINE
  5
294
330
17
100
AcDbEntity
  8
0WIN
100
AcDbLine
 10
22200.0
 20
-18500.0
 30
0.0
 11
29000.0
 21
-18500.0
 31
0.0
  0
LINE
  5
295
330
17
100
AcDbEntity
  8
0WIN
100
AcDbLine
 10
22200.0
 20
-18433.333333333332
 30
0.0
 11
29000.0
 21
-18433.333333333332
 31
0.0
  0
LINE
  5
296
330
17
100
AcDbEntity
  8
0WIN
100
AcDbLine
 10
22200.0
 20
-18366.666666666668
 30
0.0
 11
29000.0
 21
-18366.666666666668
 31
0.0
  0
LINE
  5
297
330
17
100
AcDbEntity
  8
0WIN
100
AcDbLine
 10
22200.0
 20
-18300.0
 30
0.0
 11
29000.0
 21
-18300.0
 31
0.0
  0
LINE
  5
298
330
17
100
AcDbEntity
  8
0WIN
100
AcDbLine
 10
22200.0
 20
-18500.0
 30
0.0
 11
22200.0
 21
-18300.0
 31
0.0
  0
LINE
  5
299
330
17
100
AcDbEntity
  8
0WIN
100
AcDbLine
 10
29000.0
 20
-18500.0
 30
0.0
 11
29000.0
 21
-18300.0
 31
0.0
  0
LWPOLYLINE
  5
29A
330
17
100
AcDbEntity
  8
0CONC
100
AcDbPolyline
 90
4
 70
1
 10
42220.0
 20
-18500.0
 10
45620.0
 20
-18500.0
 10
45620.0
 20
-18300.0
 10
42220.0
 20
-18300.0
  0
HATCH
  5
29B
330
17
100
AcDbEntity
  8
해치벽체
 62
8
100
AcDbHatch
 10
0.0
 20
0.0
 30
0.0
210
0.0
220
0.0
230
1.0
  2
ANSI31
 70
0
 71
0
 91
1
 92
3
 72
0
 73
1
 93
4
 10
42220.0
 20
-18500.0
 10
45620.0
 20
-18500.0
 10
45620.0
 20
-18300.0
 10
42220.0
 20
-18300.0
 97
0
 75
1
 76
1
 52
0.0
 41
16.0
 77
0
 78
1
 53
45.0
 43
0.0
 44
0.0
 45
-35.9210244848
 46
35.9210244848
 79
0
 98
0
  0
LWPOLYLINE
  5
29C
330
17
100
AcDbEntity
  8
0CONC
100
AcDbPolyline
 90
4
 70
1
 10
0.0
 20
-18500.0
 10
200.0
 20
-18500.0
 10
200.0
 20
-17800.0
 10
0.0
 20
-17800.0
  0
HATCH
  5
29D
330
17
100
AcDbEntity
  8
해치벽체
 62
8
100
AcDbHatch
 10
0.0
 20
0.0
 30
0.0
210
0.0
220
0.0
230
1.0
  2
ANSI31
 70
0
 71
0
 91
1
 92
3
 72
0
 73
1
 93
4
 10
0.0
 20
-18500.0
 10
200.0
 20
-18500.0
 10
200.0
 20
-17800.0
 10
0.0
 20
-17800.0
 97
0
 75
1
 76
1
 52
0.0
 41
16.0
 77
0
 78
1
 53
45.0
 43
0.0
 44
0.0
 45
-35.9210244848
 46
35.9210244848
 79
0
 98
0
  0
LWPOLYLINE
  5
29E
330
17
100
AcDbEntity
  8
0CONC
100
AcDbPolyline
 90
4
 70
1
 10
0.0
 20
-14600.0
 10
200.0
 20
-14600.0
 10
200.0
 20
-13600.0
 10
0.0
 20
-13600.0
  0
HATCH
  5
29F
330
17
100
AcDbEntity
  8
해치벽체
 62
8
100
AcDbHatch
 10
0.0
 20
0.0
 30
0.0
210
0.0
220
0.0
230
1.0
  2
ANSI31
 70
0
 71
0
 91
1
 92
3
 72
0
 73
1
 93
4
 10
0.0
 20
-14600.0
 10
200.0
 20
-14600.0
 10
200.0
 20
-13600.0
 10
0.0
 20
-13600.0
 97
0
 75
1
 76
1
 52
0.0
 41
16.0
 77
0
 78
1
 53
45.0
 43
0.0
 44
0.0
 45
-35.9210244848
 46
35.9210244848
 79
0
 98
0
  0
LWPOLYLINE
  5
2A0
330
17
100
AcDbEntity
  8
0CONC
100
AcDbPolyline
 90
4
 70
1
 10
0.0
 20
-10200.0
 10
200.0
 20
-10200.0
 10
200.0
 20
-9500.0
 10
0.0
 20
-9500.0
  0
HATCH
  5
2A1
330
17
100
AcDbEntity
  8
해치벽체
 62
8
100
AcDbHatch
 10
0.0
 20
0.0
 30
0.0
210
0.0
220
0.0
230
1.0
  2
ANSI31
 70
0
 71
0
 91
1
 92
3
 72
0
 73
1
 93
4
 10
0.0
 20
-10200.0
 10
200.0
 20
-10200.0
 10
200.0
 20
-9500.0
 10
0.0
 20
-9500.0
 97
0
 75
1
 76
1
 52
0.0
 41
16.0
 77
0
 78
1
 53
45.0
 43
0.0
 44
0.0
 45
-35.9210244848
 46
35.9210244848
 79
0
 98
0
  0
LINE
  5
2A2
330
17
100
AcDbEntity
  8
0WIN
100
AcDbLine
 10
0.0
 20
-17800.0
 30
0.0
 11
0.0
 21
-14600.0
 31
0.0
  0
LINE
  5
2A3
330
17
100
AcDbEntity
  8
0WIN
100
AcDbLine
 10
66.66666666666666
 20
-17800.0
 30
0.0
 11
66.66666666666666
 21
-14600.0
 31
0.0
  0
LINE
  5
2A4
330
17
100
AcDbEntity
  8
0WIN
100
AcDbLine
 10
133.33333333333331
 20
-17800.0
 30
0.0
 11
133.33333333333331
 21
-14600.0
 31
0.0
  0
LINE
  5
2A5
330
17
100
AcDbEntity
  8
0WIN
100
AcDbLine
 10
200.0
 20
-17800.0
 30
0.0
 11
200.0
 21
-14600.0
 31
0.0
  0
LINE
  5
2A6
330
17
100
AcDbEntity
  8
0WIN
100
AcDbLine
 10
0.0
 20
-17800.0
 30
0.0
 11
200.0
 21
-17800.0
 31
0.0
  0
LINE
  5
2A7
330
17
100
AcDbEntity
  8
0WIN
100
AcDbLine
 10
0.0
 20
-14600.0
 30
0.0
 11
200.0
 21
-14600.0
 31
0.0
  0
LINE
  5
2A8
330
17
100
AcDbEntity
  8
0WIN
100
AcDbLine
 10
0.0
 20
-13600.0
 30
0.0
 11
0.0
 21
-10200.0
 31
0.0
  0
LINE
  5
2A9
330
17
100
AcDbEntity
  8
0WIN
100
AcDbLine
 10
66.66666666666666
 20
-13600.0
 30
0.0
 11
66.66666666666666
 21
-10200.0
 31
0.0
  0
LINE
  5
2AA
330
17
100
AcDbEntity
  8
0WIN
100
AcDbLine
 10
133.33333333333331
 20
-13600.0
 30
0.0
 11
133.33333333333331
 21
-10200.0
 31
0.0
  0
LINE
  5
2AB
330
17
100
AcDbEntity
  8
0WIN
100
AcDbLine
 10
200.0
 20
-13600.0
 30
0.0
 11
200.0
 21
-10200.0
 31
0.0
  0
LINE
  5
2AC
330
17
100
AcDbEntity
  8
0WIN
100
AcDbLine
 10
0.0
 20
-13600.0
 30
0.0
 11
200.0
 21
-13600.0
 31
0.0
  0
LINE
  5
2AD
330
17
100
AcDbEntity
  8
0WIN
100
AcDbLine
 10
0.0
 20
-10200.0
 30
0.0
 11
200.0
 21
-10200.0
 31
0.0
  0
LWPOLYLINE
  5
2AE
330
17
100
AcDbEntity
  8
0CONC
100
AcDbPolyline
 90
4
 70
1
 10
45420.0
 20
-18500.0
 10
45620.0
 20
-18500.0
 10
45620.0
 20
-9500.0
 10
45420.0
 20
-9500.0
  0
HATCH
  5
2AF
330
17
100
AcDbEntity
  8
해치벽체
 62
8
100
AcDbHatch
 10
0.0
 20
0.0
 30
0.0
210
0.0
220
0.0
230
1.0
  2
ANSI31
 70
0
 71
0
 91
1
 92
3
 72
0
 73
1
 93
4
 10
45420.0
 20
-18500.0
 10
45620.0
 20
-18500.0
 10
45620.0
 20
-9500.0
 10
45420.0
 20
-9500.0
 97
0
 75
1
 76
1
 52
0.0
 41
16.0
 77
0
 78
1
 53
45.0
 43
0.0
 44
0.0
 45
-35.9210244848
 46
35.9210244848
 79
0
 98
0
  0
LWPOLYLINE
  5
2B0
330
17
100
AcDbEntity
  8
0CONC
100
AcDbPolyline
 90
4
 70
1
 10
31320.0
 20
-26000.0
 10
31520.0
 20
-26000.0
 10
31520.0
 20
-18500.0
 10
31320.0
 20
-18500.0
  0
HATCH
  5
2B1
330
17
100
AcDbEntity
  8
해치벽체
 62
8
100
AcDbHatch
 10
0.0
 20
0.0
 30
0.0
210
0.0
220
0.0
230
1.0
  2
ANSI31
 70
0
 71
0
 91
1
 92
3
 72
0
 73
1
 93
4
 10
31320.0
 20
-26000.0
 10
31520.0
 20
-26000.0
 10
31520.0
 20
-18500.0
 10
31320.0
 20
-18500.0
 97
0
 75
1
 76
1
 52
0.0
 41
16.0
 77
0
 78
1
 53
45.0
 43
0.0
 44
0.0
 45
-35.9210244848
 46
35.9210244848
 79
0
 98
0
  0
LWPOLYLINE
  5
2B2
330
17
100
AcDbEntity
  8
0CONC
100
AcDbPolyline
 90
4
 70
1
 10
42020.0
 20
-26000.0
 10
42220.0
 20
-26000.0
 10
42220.0
 20
-18500.0
 10
42020.0
 20
-18500.0
  0
HATCH
  5
2B3
330
17
100
AcDbEntity
  8
해치벽체
 62
8
100
AcDbHatch
 10
0.0
 20
0.0
 30
0.0
210
0.0
220
0.0
230
1.0
  2
ANSI31
 70
0
 71
0
 91
1
 92
3
 72
0
 73
1
 93
4
 10
42020.0
 20
-26000.0
 10
42220.0
 20
-26000.0
 10
42220.0
 20
-18500.0
 10
42020.0
 20
-18500.0
 97
0
 75
1
 76
1
 52
0.0
 41
16.0
 77
0
 78
1
 53
45.0
 43
0.0
 44
0.0
 45
-35.9210244848
 46
35.9210244848
 79
0
 98
0
  0
LWPOLYLINE
  5
2B4
330
17
100
AcDbEntity
  8
0CONC
100
AcDbPolyline
 90
4
 70
1
 10
31320.0
 20
-26000.0
 10
32620.0
 20
-26000.0
 10
32620.0
 20
-25800.0
 10
31320.0
 20
-25800.0
  0
HATCH
  5
2B5
330
17
100
AcDbEntity
  8
해치벽체
 62
8
100
AcDbHatch
 10
0.0
 20
0.0
 30
0.0
210
0.0
220
0.0
230
1.0
  2
ANSI31
 70
0
 71
0
 91
1
 92
3
 72
0
 73
1
 93
4
 10
31320.0
 20
-26000.0
 10
32620.0
 20
-26000.0
 10
32620.0
 20
-25800.0
 10
31320.0
 20
-25800.0
 97
0
 75
1
 76
1
 52
0.0
 41
16.0
 77
0
 78
1
 53
45.0
 43
0.0
 44
0.0
 45
-35.9210244848
 46
35.9210244848
 79
0
 98
0
  0
LWPOLYLINE
  5
2B6
330
17
100
AcDbEntity
  8
0CONC
100
AcDbPolyline
 90
4
 70
1
 10
40920.0
 20
-26000.0
 10
42220.0
 20
-26000.0
 10
42220.0
 20
-25800.0
 10
40920.0
 20
-25800.0
  0
HATCH
  5
2B7
330
17
100
AcDbEntity
  8
해치벽체
 62
8
100
AcDbHatch
 10
0.0
 20
0.0
 30
0.0
210
0.0
220
0.0
230
1.0
  2
ANSI31
 70
0
 71
0
 91
1
 92
3
 72
0
 73
1
 93
4
 10
40920.0
 20
-26000.0
 10
42220.0
 20
-26000.0
 10
42220.0
 20
-25800.0
 10
40920.0
 20
-25800.0
 97
0
 75
1
 76
1
 52
0.0
 41
16.0
 77
0
 78
1
 53
45.0
 43
0.0
 44
0.0
 45
-35.9210244848
 46
35.9210244848
 79
0
 98
0
  0
LINE
  5
2B8
330
17
100
AcDbEntity
  8
0WIN
100
AcDbLine
 10
32620.0
 20
-26000.0
 30
0.0
 11
40920.0
 21
-26000.0
 31
0.0
  0
LINE
  5
2B9
330
17
100
AcDbEntity
  8
0WIN
100
AcDbLine
 10
32620.0
 20
-25933.333333333332
 30
0.0
 11
40920.0
 21
-25933.333333333332
 31
0.0
  0
LINE
  5
2BA
330
17
100
AcDbEntity
  8
0WIN
100
AcDbLine
 10
32620.0
 20
-25866.666666666668
 30
0.0
 11
40920.0
 21
-25866.666666666668
 31
0.0
  0
LINE
  5
2BB
330
17
100
AcDbEntity
  8
0WIN
100
AcDbLine
 10
32620.0
 20
-25800.0
 30
0.0
 11
40920.0
 21
-25800.0
 31
0.0
  0
LINE
  5
2BC
330
17
100
AcDbEntity
  8
0WIN
100
AcDbLine
 10
32620.0
 20
-26000.0
 30
0.0
 11
32620.0
 21
-25800.0
 31
0.0
  0
LINE
  5
2BD
330
17
100
AcDbEntity
  8
0WIN
100
AcDbLine
 10
40920.0
 20
-26000.0
 30
0.0
 11
40920.0
 21
-25800.0
 31
0.0
  0
LWPOLYLINE
  5
2BE
330
17
100
AcDbEntity
  8
0CONC
100
AcDbPolyline
 90
4
 70
1
 10
38720.0
 20
-17000.0
 10
38920.0
 20
-17000.0
 10
38920.0
 20
-9500.0
 10
38720.0
 20
-9500.0
  0
HATCH
  5
2BF
330
17
100
AcDbEntity
  8
해치벽체
 62
8
100
AcDbHatch
 10
0.0
 20
0.0
 30
0.0
210
0.0
220
0.0
230
1.0
  2
ANSI31
 70
0
 71
0
 91
1
 92
3
 72
0
 73
1
 93
4
 10
38720.0
 20
-17000.0
 10
38920.0
 20
-17000.0
 10
38920.0
 20
-9500.0
 10
38720.0
 20
-9500.0
 97
0
 75
1
 76
1
 52
0.0
 41
16.0
 77
0
 78
1
 53
45.0
 43
0.0
 44
0.0
 45
-35.9210244848
 46
35.9210244848
 79
0
 98
0
  0
LWPOLYLINE
  5
2C0
330
17
100
AcDbEntity
  8
0CONC
100
AcDbPolyline
 90
4
 70
1
 10
42020.0
 20
-17000.0
 10
42220.0
 20
-17000.0
 10
42220.0
 20
-9500.0
 10
42020.0
 20
-9500.0
  0
HATCH
  5
2C1
330
17
100
AcDbEntity
  8
해치벽체
 62
8
100
AcDbHatch
 10
0.0
 20
0.0
 30
0.0
210
0.0
220
0.0
230
1.0
  2
ANSI31
 70
0
 71
0
 91
1
 92
3
 72
0
 73
1
 93
4
 10
42020.0
 20
-17000.0
 10
42220.0
 20
-17000.0
 10
42220.0
 20
-9500.0
 10
42020.0
 20
-9500.0
 97
0
 75
1
 76
1
 52
0.0
 41
16.0
 77
0
 78
1
 53
45.0
 43
0.0
 44
0.0
 45
-35.9210244848
 46
35.9210244848
 79
0
 98
0
  0
LWPOLYLINE
  5
2C2
330
17
100
AcDbEntity
  8
0CONC
100
AcDbPolyline
 90
4
 70
1
 10
38720.0
 20
-17000.0
 10
42220.0
 20
-17000.0
 10
42220.0
 20
-16800.0
 10
38720.0
 20
-16800.0
  0
HATCH
  5
2C3
330
17
100
AcDbEntity
  8
해치벽체
 62
8
100
AcDbHatch
 10
0.0
 20
0.0
 30
0.0
210
0.0
220
0.0
230
1.0
  2
ANSI31
 70
0
 71
0
 91
1
 92
3
 72
0
 73
1
 93
4
 10
38720.0
 20
-17000.0
 10
42220.0
 20
-17000.0
 10
42220.0
 20
-16800.0
 10
38720.0
 20
-16800.0
 97
0
 75
1
 76
1
 52
0.0
 41
16.0
 77
0
 78
1
 53
45.0
 43
0.0
 44
0.0
 45
-35.9210244848
 46
35.9210244848
 79
0
 98
0
  0
LWPOLYLINE
  5
2C4
330
17
100
AcDbEntity
  8
0OTB
100
AcDbPolyline
 90
4
 70
1
 10
38920.0
 20
-16800.0
 10
42020.0
 20
-16800.0
 10
42020.0
 20
-9700.0
 10
38920.0
 20
-9700.0
  0
LINE
  5
2C5
330
17
100
AcDbEntity
  8
0OTB
100
AcDbLine
 10
39620.0
 20
-16800.0
 30
0.0
 11
38920.0
 21
-16100.0
 31
0.0
  0
LINE
  5
2C6
330
17
100
AcDbEntity
  8
0OTB
100
AcDbLine
 10
40320.0
 20
-16800.0
 30
0.0
 11
38920.0
 21
-15400.0
 31
0.0
  0
LINE
  5
2C7
330
17
100
AcDbEntity
  8
0OTB
100
AcDbLine
 10
41020.0
 20
-16800.0
 30
0.0
 11
38920.0
 21
-14700.0
 31
0.0
  0
LINE
  5
2C8
330
17
100
AcDbEntity
  8
0OTB
100
AcDbLine
 10
41720.0
 20
-16800.0
 30
0.0
 11
38920.0
 21
-14000.0
 31
0.0
  0
LINE
  5
2C9
330
17
100
AcDbEntity
  8
0OTB
100
AcDbLine
 10
42020.0
 20
-16400.0
 30
0.0
 11
38920.0
 21
-13300.0
 31
0.0
  0
LINE
  5
2CA
330
17
100
AcDbEntity
  8
0OTB
100
AcDbLine
 10
42020.0
 20
-15700.0
 30
0.0
 11
38920.0
 21
-12600.0
 31
0.0
  0
LINE
  5
2CB
330
17
100
AcDbEntity
  8
0OTB
100
AcDbLine
 10
42020.0
 20
-15000.0
 30
0.0
 11
38920.0
 21
-11900.0
 31
0.0
  0
LINE
  5
2CC
330
17
100
AcDbEntity
  8
0OTB
100
AcDbLine
 10
42020.0
 20
-14300.0
 30
0.0
 11
38920.0
 21
-11200.0
 31
0.0
  0
LINE
  5
2CD
330
17
100
AcDbEntity
  8
0OTB
100
AcDbLine
 10
42020.0
 20
-13600.0
 30
0.0
 11
38920.0
 21
-10500.0
 31
0.0
  0
LINE
  5
2CE
330
17
100
AcDbEntity
  8
0OTB
100
AcDbLine
 10
42020.0
 20
-12900.0
 30
0.0
 11
38920.0
 21
-9800.0
 31
0.0
  0
LINE
  5
2CF
330
17
100
AcDbEntity
  8
0OTB
100
AcDbLine
 10
42020.0
 20
-12200.0
 30
0.0
 11
39520.0
 21
-9700.0
 31
0.0
  0
LINE
  5
2D0
330
17
100
AcDbEntity
  8
0OTB
100
AcDbLine
 10
42020.0
 20
-11500.0
 30
0.0
 11
40220.0
 21
-9700.0
 31
0.0
  0
LINE
  5
2D1
330
17
100
AcDbEntity
  8
0OTB
100
AcDbLine
 10
42020.0
 20
-10800.0
 30
0.0
 11
40920.0
 21
-9700.0
 31
0.0
  0
TEXT
  5
2D2
330
17
100
AcDbEntity
  8
0TEXT
 62
9
100
AcDbText
 10
40470.0
 20
-13250.0
 30
0.0
 40
215.0
  1
창고 상부(보이드)
  7
KOR
 72
1
 11
40470.0
 21
-13250.0
 31
0.0
100
AcDbText
 73
2
  0
LWPOLYLINE
  5
2D3
330
17
100
AcDbEntity
  8
0CONC
100
AcDbPolyline
 90
4
 70
1
 10
11570.0
 20
-15800.0
 10
18170.0
 20
-15800.0
 10
18170.0
 20
-15600.0
 10
11570.0
 20
-15600.0
  0
HATCH
  5
2D4
330
17
100
AcDbEntity
  8
해치벽체
 62
8
100
AcDbHatch
 10
0.0
 20
0.0
 30
0.0
210
0.0
220
0.0
230
1.0
  2
ANSI31
 70
0
 71
0
 91
1
 92
3
 72
0
 73
1
 93
4
 10
11570.0
 20
-15800.0
 10
18170.0
 20
-15800.0
 10
18170.0
 20
-15600.0
 10
11570.0
 20
-15600.0
 97
0
 75
1
 76
1
 52
0.0
 41
16.0
 77
0
 78
1
 53
45.0
 43
0.0
 44
0.0
 45
-35.9210244848
 46
35.9210244848
 79
0
 98
0
  0
LWPOLYLINE
  5
2D5
330
17
100
AcDbEntity
  8
0CONC
100
AcDbPolyline
 90
4
 70
1
 10
11570.0
 20
-15800.0
 10
11770.0
 20
-15800.0
 10
11770.0
 20
-9500.0
 10
11570.0
 20
-9500.0
  0
HATCH
  5
2D6
330
17
100
AcDbEntity
  8
해치벽체
 62
8
100
AcDbHatch
 10
0.0
 20
0.0
 30
0.0
210
0.0
220
0.0
230
1.0
  2
ANSI31
 70
0
 71
0
 91
1
 92
3
 72
0
 73
1
 93
4
 10
11570.0
 20
-15800.0
 10
11770.0
 20
-15800.0
 10
11770.0
 20
-9500.0
 10
11570.0
 20
-9500.0
 97
0
 75
1
 76
1
 52
0.0
 41
16.0
 77
0
 78
1
 53
45.0
 43
0.0
 44
0.0
 45
-35.9210244848
 46
35.9210244848
 79
0
 98
0
  0
LWPOLYLINE
  5
2D7
330
17
100
AcDbEntity
  8
0CONC
100
AcDbPolyline
 90
4
 70
1
 10
17970.0
 20
-15800.0
 10
18170.0
 20
-15800.0
 10
18170.0
 20
-9500.0
 10
17970.0
 20
-9500.0
  0
HATCH
  5
2D8
330
17
100
AcDbEntity
  8
해치벽체
 62
8
100
AcDbHatch
 10
0.0
 20
0.0
 30
0.0
210
0.0
220
0.0
230
1.0
  2
ANSI31
 70
0
 71
0
 91
1
 92
3
 72
0
 73
1
 93
4
 10
17970.0
 20
-15800.0
 10
18170.0
 20
-15800.0
 10
18170.0
 20
-9500.0
 10
17970.0
 20
-9500.0
 97
0
 75
1
 76
1
 52
0.0
 41
16.0
 77
0
 78
1
 53
45.0
 43
0.0
 44
0.0
 45
-35.9210244848
 46
35.9210244848
 79
0
 98
0
  0
LWPOLYLINE
  5
2D9
330
17
100
AcDbEntity
  8
0CONC
100
AcDbPolyline
 90
4
 70
1
 10
14570.0
 20
-15600.0
 10
14770.0
 20
-15600.0
 10
14770.0
 20
-9500.0
 10
14570.0
 20
-9500.0
  0
HATCH
  5
2DA
330
17
100
AcDbEntity
  8
해치벽체
 62
8
100
AcDbHatch
 10
0.0
 20
0.0
 30
0.0
210
0.0
220
0.0
230
1.0
  2
ANSI31
 70
0
 71
0
 91
1
 92
3
 72
0
 73
1
 93
4
 10
14570.0
 20
-15600.0
 10
14770.0
 20
-15600.0
 10
14770.0
 20
-9500.0
 10
14570.0
 20
-9500.0
 97
0
 75
1
 76
1
 52
0.0
 41
16.0
 77
0
 78
1
 53
45.0
 43
0.0
 44
0.0
 45
-35.9210244848
 46
35.9210244848
 79
0
 98
0
  0
LWPOLYLINE
  5
2DB
330
17
100
AcDbEntity
  8
FUR
100
AcDbPolyline
 90
4
 70
1
 10
11970.0
 20
-15350.0
 10
14370.0
 20
-15350.0
 10
14370.0
 20
-13050.0
 10
11970.0
 20
-13050.0
  0
LINE
  5
2DC
330
17
100
AcDbEntity
  8
FUR
100
AcDbLine
 10
11970.0
 20
-15350.0
 30
0.0
 11
14370.0
 21
-13050.0
 31
0.0
  0
LINE
  5
2DD
330
17
100
AcDbEntity
  8
FUR
100
AcDbLine
 10
11970.0
 20
-13050.0
 30
0.0
 11
14370.0
 21
-15350.0
 31
0.0
  0
TEXT
  5
2DE
330
17
100
AcDbEntity
  8
0TEXT
100
AcDbText
 10
13170.0
 20
-14200.0
 30
0.0
 40
270.0
  1
EV
  7
KOR
 72
1
 11
13170.0
 21
-14200.0
 31
0.0
100
AcDbText
 73
2
  0
LWPOLYLINE
  5
2DF
330
17
100
AcDbEntity
  8
FUR
100
AcDbPolyline
 90
4
 70
1
 10
11970.0
 20
-12750.0
 10
14370.0
 20
-12750.0
 10
14370.0
 20
-10450.0
 10
11970.0
 20
-10450.0
  0
LINE
  5
2E0
330
17
100
AcDbEntity
  8
FUR
100
AcDbLine
 10
11970.0
 20
-12750.0
 30
0.0
 11
14370.0
 21
-10450.0
 31
0.0
  0
LINE
  5
2E1
330
17
100
AcDbEntity
  8
FUR
100
AcDbLine
 10
11970.0
 20
-10450.0
 30
0.0
 11
14370.0
 21
-12750.0
 31
0.0
  0
TEXT
  5
2E2
330
17
100
AcDbEntity
  8
0TEXT
100
AcDbText
 10
13170.0
 20
-11600.0
 30
0.0
 40
270.0
  1
EV
  7
KOR
 72
1
 11
13170.0
 21
-11600.0
 31
0.0
100
AcDbText
 73
2
  0
LWPOLYLINE
  5
2E3
330
17
100
AcDbEntity
  8
STAIR
100
AcDbPolyline
 90
4
 70
1
 10
14970.0
 20
-15350.0
 10
17770.0
 20
-15350.0
 10
17770.0
 20
-10450.0
 10
14970.0
 20
-10450.0
  0
LINE
  5
2E4
330
17
100
AcDbEntity
  8
STAIR
100
AcDbLine
 10
14970.0
 20
-14860.0
 30
0.0
 11
17770.0
 21
-14860.0
 31
0.0
  0
LINE
  5
2E5
330
17
100
AcDbEntity
  8
STAIR
100
AcDbLine
 10
14970.0
 20
-14370.0
 30
0.0
 11
17770.0
 21
-14370.0
 31
0.0
  0
LINE
  5
2E6
330
17
100
AcDbEntity
  8
STAIR
100
AcDbLine
 10
14970.0
 20
-13880.0
 30
0.0
 11
17770.0
 21
-13880.0
 31
0.0
  0
LINE
  5
2E7
330
17
100
AcDbEntity
  8
STAIR
100
AcDbLine
 10
14970.0
 20
-13390.0
 30
0.0
 11
17770.0
 21
-13390.0
 31
0.0
  0
LINE
  5
2E8
330
17
100
AcDbEntity
  8
STAIR
100
AcDbLine
 10
14970.0
 20
-12900.0
 30
0.0
 11
17770.0
 21
-12900.0
 31
0.0
  0
LINE
  5
2E9
330
17
100
AcDbEntity
  8
STAIR
100
AcDbLine
 10
14970.0
 20
-12410.0
 30
0.0
 11
17770.0
 21
-12410.0
 31
0.0
  0
LINE
  5
2EA
330
17
100
AcDbEntity
  8
STAIR
100
AcDbLine
 10
14970.0
 20
-11920.0
 30
0.0
 11
17770.0
 21
-11920.0
 31
0.0
  0
LINE
  5
2EB
330
17
100
AcDbEntity
  8
STAIR
100
AcDbLine
 10
14970.0
 20
-11430.0
 30
0.0
 11
17770.0
 21
-11430.0
 31
0.0
  0
LINE
  5
2EC
330
17
100
AcDbEntity
  8
STAIR
100
AcDbLine
 10
14970.0
 20
-10940.0
 30
0.0
 11
17770.0
 21
-10940.0
 31
0.0
  0
TEXT
  5
2ED
330
17
100
AcDbEntity
  8
0TEXT
100
AcDbText
 10
16470.0
 20
-10000.0
 30
0.0
 40
215.0
  1
계단실 1
  7
KOR
 72
1
 11
16470.0
 21
-10000.0
 31
0.0
100
AcDbText
 73
2
  0
LWPOLYLINE
  5
2EE
330
17
100
AcDbEntity
  8
0CONC
100
AcDbPolyline
 90
4
 70
1
 10
42220.0
 20
-18500.0
 10
42420.0
 20
-18500.0
 10
42420.0
 20
-9500.0
 10
42220.0
 20
-9500.0
  0
HATCH
  5
2EF
330
17
100
AcDbEntity
  8
해치벽체
 62
8
100
AcDbHatch
 10
0.0
 20
0.0
 30
0.0
210
0.0
220
0.0
230
1.0
  2
ANSI31
 70
0
 71
0
 91
1
 92
3
 72
0
 73
1
 93
4
 10
42220.0
 20
-18500.0
 10
42420.0
 20
-18500.0
 10
42420.0
 20
-9500.0
 10
42220.0
 20
-9500.0
 97
0
 75
1
 76
1
 52
0.0
 41
16.0
 77
0
 78
1
 53
45.0
 43
0.0
 44
0.0
 45
-35.9210244848
 46
35.9210244848
 79
0
 98
0
  0
LWPOLYLINE
  5
2F0
330
17
100
AcDbEntity
  8
STAIR
100
AcDbPolyline
 90
4
 70
1
 10
42820.0
 20
-17500.0
 10
45120.0
 20
-17500.0
 10
45120.0
 20
-10500.0
 10
42820.0
 20
-10500.0
  0
LINE
  5
2F1
330
17
100
AcDbEntity
  8
STAIR
100
AcDbLine
 10
42820.0
 20
-16800.0
 30
0.0
 11
45120.0
 21
-16800.0
 31
0.0
  0
LINE
  5
2F2
330
17
100
AcDbEntity
  8
STAIR
100
AcDbLine
 10
42820.0
 20
-16100.0
 30
0.0
 11
45120.0
 21
-16100.0
 31
0.0
  0
LINE
  5
2F3
330
17
100
AcDbEntity
  8
STAIR
100
AcDbLine
 10
42820.0
 20
-15400.0
 30
0.0
 11
45120.0
 21
-15400.0
 31
0.0
  0
LINE
  5
2F4
330
17
100
AcDbEntity
  8
STAIR
100
AcDbLine
 10
42820.0
 20
-14700.0
 30
0.0
 11
45120.0
 21
-14700.0
 31
0.0
  0
LINE
  5
2F5
330
17
100
AcDbEntity
  8
STAIR
100
AcDbLine
 10
42820.0
 20
-14000.0
 30
0.0
 11
45120.0
 21
-14000.0
 31
0.0
  0
LINE
  5
2F6
330
17
100
AcDbEntity
  8
STAIR
100
AcDbLine
 10
42820.0
 20
-13300.0
 30
0.0
 11
45120.0
 21
-13300.0
 31
0.0
  0
LINE
  5
2F7
330
17
100
AcDbEntity
  8
STAIR
100
AcDbLine
 10
42820.0
 20
-12600.0
 30
0.0
 11
45120.0
 21
-12600.0
 31
0.0
  0
LINE
  5
2F8
330
17
100
AcDbEntity
  8
STAIR
100
AcDbLine
 10
42820.0
 20
-11900.0
 30
0.0
 11
45120.0
 21
-11900.0
 31
0.0
  0
LINE
  5
2F9
330
17
100
AcDbEntity
  8
STAIR
100
AcDbLine
 10
42820.0
 20
-11200.0
 30
0.0
 11
45120.0
 21
-11200.0
 31
0.0
  0
TEXT
  5
2FA
330
17
100
AcDbEntity
  8
0TEXT
100
AcDbText
 10
43920.0
 20
-17900.0
 30
0.0
 40
215.0
  1
계단실 2
  7
KOR
 72
1
 11
43920.0
 21
-17900.0
 31
0.0
100
AcDbText
 73
2
  0
TEXT
  5
2FB
330
17
100
AcDbEntity
  8
0TEXT
 62
9
100
AcDbText
 10
24800.0
 20
-17740.0
 30
0.0
 40
260.0
  1
복    도    (유효 1.5m)
  7
KOR
 72
1
 11
24800.0
 21
-17740.0
 31
0.0
100
AcDbText
 73
2
  0
LWPOLYLINE
  5
2FC
330
17
100
AcDbEntity
  8
0CONC
100
AcDbPolyline
 90
4
 70
1
 10
7701.0
 20
-18500.0
 10
7901.0
 20
-18500.0
 10
7901.0
 20
-9500.0
 10
7701.0
 20
-9500.0
  0
HATCH
  5
2FD
330
17
100
AcDbEntity
  8
해치벽체
 62
8
100
AcDbHatch
 10
0.0
 20
0.0
 30
0.0
210
0.0
220
0.0
230
1.0
  2
ANSI31
 70
0
 71
0
 91
1
 92
3
 72
0
 73
1
 93
4
 10
7701.0
 20
-18500.0
 10
7901.0
 20
-18500.0
 10
7901.0
 20
-9500.0
 10
7701.0
 20
-9500.0
 97
0
 75
1
 76
1
 52
0.0
 41
16.0
 77
0
 78
1
 53
45.0
 43
0.0
 44
0.0
 45
-35.9210244848
 46
35.9210244848
 79
0
 98
0
  0
LWPOLYLINE
  5
2FE
330
17
100
AcDbEntity
  8
0CONC
100
AcDbPolyline
 90
4
 70
1
 10
200.0
 20
-14200.0
 10
7701.0
 20
-14200.0
 10
7701.0
 20
-14100.0
 10
200.0
 20
-14100.0
  0
HATCH
  5
2FF
330
17
100
AcDbEntity
  8
해치벽체
 62
8
100
AcDbHatch
 10
0.0
 20
0.0
 30
0.0
210
0.0
220
0.0
230
1.0
  2
ANSI31
 70
0
 71
0
 91
1
 92
3
 72
0
 73
1
 93
4
 10
200.0
 20
-14200.0
 10
7701.0
 20
-14200.0
 10
7701.0
 20
-14100.0
 10
200.0
 20
-14100.0
 97
0
 75
1
 76
1
 52
0.0
 41
16.0
 77
0
 78
1
 53
45.0
 43
0.0
 44
0.0
 45
-35.9210244848
 46
35.9210244848
 79
0
 98
0
  0
LINE
  5
300
330
17
100
AcDbEntity
  8
DOOR
100
AcDbLine
 10
7701.0
 20
-13800.0
 30
0.0
 11
6801.0
 21
-13800.0
 31
0.0
  0
ARC
  5
301
330
17
100
AcDbEntity
  8
DOOR
100
AcDbCircle
 10
7701.0
 20
-13800.0
 30
0.0
 40
900.0
100
AcDbArc
 50
90.0
 51
180.0
  0
LWPOLYLINE
  5
302
330
17
100
AcDbEntity
  8
0CONC
100
AcDbPolyline
 90
4
 70
1
 10
5301.0
 20
-12600.0
 10
7701.0
 20
-12600.0
 10
7701.0
 20
-12500.0
 10
5301.0
 20
-12500.0
  0
HATCH
  5
303
330
17
100
AcDbEntity
  8
해치벽체
 62
8
100
AcDbHatch
 10
0.0
 20
0.0
 30
0.0
210
0.0
220
0.0
230
1.0
  2
ANSI31
 70
0
 71
0
 91
1
 92
3
 72
0
 73
1
 93
4
 10
5301.0
 20
-12600.0
 10
7701.0
 20
-12600.0
 10
7701.0
 20
-12500.0
 10
5301.0
 20
-12500.0
 97
0
 75
1
 76
1
 52
0.0
 41
16.0
 77
0
 78
1
 53
45.0
 43
0.0
 44
0.0
 45
-35.9210244848
 46
35.9210244848
 79
0
 98
0
  0
LWPOLYLINE
  5
304
330
17
100
AcDbEntity
  8
0CONC
100
AcDbPolyline
 90
4
 70
1
 10
5301.0
 20
-12500.0
 10
5401.0
 20
-12500.0
 10
5401.0
 20
-9700.0
 10
5301.0
 20
-9700.0
  0
HATCH
  5
305
330
17
100
AcDbEntity
  8
해치벽체
 62
8
100
AcDbHatch
 10
0.0
 20
0.0
 30
0.0
210
0.0
220
0.0
230
1.0
  2
ANSI31
 70
0
 71
0
 91
1
 92
3
 72
0
 73
1
 93
4
 10
5301.0
 20
-12500.0
 10
5401.0
 20
-12500.0
 10
5401.0
 20
-9700.0
 10
5301.0
 20
-9700.0
 97
0
 75
1
 76
1
 52
0.0
 41
16.0
 77
0
 78
1
 53
45.0
 43
0.0
 44
0.0
 45
-35.9210244848
 46
35.9210244848
 79
0
 98
0
  0
LINE
  5
306
330
17
100
AcDbEntity
  8
DOOR
100
AcDbLine
 10
6151.0
 20
-12500.0
 30
0.0
 11
6151.0
 21
-11700.0
 31
0.0
  0
ARC
  5
307
330
17
100
AcDbEntity
  8
DOOR
100
AcDbCircle
 10
6151.0
 20
-12500.0
 30
0.0
 40
800.0
100
AcDbArc
 50
90.0
 51
180.0
  0
LWPOLYLINE
  5
308
330
17
100
AcDbEntity
  8
TOIL
100
AcDbPolyline
 90
4
 70
1
 10
6901.0
 20
-12350.0
 10
7551.0
 20
-12350.0
 10
7551.0
 20
-11200.0
 10
6901.0
 20
-11200.0
  0
ELLIPSE
  5
309
330
17
100
AcDbEntity
  8
TOIL
100
AcDbEllipse
 10
7226.0
 20
-11775.0
 30
0.0
 11
0.0
 21
230.0
 31
0.0
 40
0.717391304347826
 41
0.0
 42
6.283185307179586
  0
CIRCLE
  5
30A
330
17
100
AcDbEntity
  8
TOIL
100
AcDbCircle
 10
7476.0
 20
-11775.0
 30
0.0
 40
38.0
  0
LWPOLYLINE
  5
30B
330
17
100
AcDbEntity
  8
TOIL
100
AcDbPolyline
 90
4
 70
1
 10
7331.0
 20
-11000.0
 10
7551.0
 20
-11000.0
 10
7551.0
 20
-10600.0
 10
7331.0
 20
-10600.0
  0
ELLIPSE
  5
30C
330
17
100
AcDbEntity
  8
TOIL
100
AcDbEllipse
 10
7031.0
 20
-10800.0
 30
0.0
 11
270.0
 21
0.0
 31
0.0
 40
0.7592592592592593
 41
0.0
 42
6.283185307179586
  0
LWPOLYLINE
  5
30D
330
17
100
AcDbEntity
  8
TOIL
100
AcDbPolyline
 90
4
 70
1
 10
5421.0
 20
-10800.0
 10
6501.0
 20
-10800.0
 10
6501.0
 20
-9820.0
 10
5421.0
 20
-9820.0
  0
LINE
  5
30E
330
17
100
AcDbEntity
  8
TOIL
100
AcDbLine
 10
6501.0
 20
-10800.0
 30
0.0
 11
5421.0
 21
-9820.0
 31
0.0
  0
LINE
  5
30F
330
17
100
AcDbEntity
  8
TOIL
100
AcDbLine
 10
5421.0
 20
-10800.0
 30
0.0
 11
6501.0
 21
-9820.0
 31
0.0
  0
TEXT
  5
310
330
17
100
AcDbEntity
  8
0TEXT
100
AcDbText
 10
5951.0
 20
-11800.0
 30
0.0
 40
195.0
  1
욕실
  7
KOR
 72
1
 11
5951.0
 21
-11800.0
 31
0.0
100
AcDbText
 73
2
  0
TEXT
  5
311
330
17
100
AcDbEntity
  8
0TEXT
100
AcDbText
 10
4446.0
 20
-11900.0
 30
0.0
 40
225.0
  1
디럭스룸 34타입
 50
90.0
  7
KOR
 72
1
 11
4446.0
 21
-11900.0
 31
0.0
100
AcDbText
 73
2
  0
TEXT
  5
312
330
17
100
AcDbEntity
  8
0TEXT
 62
9
100
AcDbText
 10
4836.0
 20
-11900.0
 30
0.0
 40
185.0
  1
34.6 m²
 50
90.0
  7
KOR
 72
1
 11
4836.0
 21
-11900.0
 31
0.0
100
AcDbText
 73
2
  0
LWPOLYLINE
  5
313
330
17
100
AcDbEntity
  8
FUR
100
AcDbPolyline
 90
4
 70
1
 10
2601.0
 20
-13980.0
 10
4201.0
 20
-13980.0
 10
4201.0
 20
-13280.0
 10
2601.0
 20
-13280.0
  0
LINE
  5
314
330
17
100
AcDbEntity
  8
FUR
100
AcDbLine
 10
4201.0
 20
-13980.0
 30
0.0
 11
2601.0
 21
-13280.0
 31
0.0
  0
LINE
  5
315
330
17
100
AcDbEntity
  8
FUR
100
AcDbLine
 10
3401.0
 20
-13980.0
 30
0.0
 11
3401.0
 21
-13280.0
 31
0.0
  0
LWPOLYLINE
  5
316
330
17
100
AcDbEntity
  8
FUR
100
AcDbPolyline
 90
4
 70
1
 10
2601.0
 20
-11800.0
 10
4201.0
 20
-11800.0
 10
4201.0
 20
-9820.0
 10
2601.0
 20
-9820.0
  0
LWPOLYLINE
  5
317
330
17
100
AcDbEntity
  8
FUR
100
AcDbPolyline
 90
4
 70
1
 10
3466.0
 20
-10290.0
 10
4071.0
 20
-10290.0
 10
4071.0
 20
-9930.0
 10
3466.0
 20
-9930.0
  0
LWPOLYLINE
  5
318
330
17
100
AcDbEntity
  8
FUR
100
AcDbPolyline
 90
4
 70
1
 10
2731.0
 20
-10290.0
 10
3336.0
 20
-10290.0
 10
3336.0
 20
-9930.0
 10
2731.0
 20
-9930.0
  0
LINE
  5
319
330
17
100
AcDbEntity
  8
FUR
100
AcDbLine
 10
4201.0
 20
-11047.6
 30
0.0
 11
2601.0
 21
-11047.6
 31
0.0
  0
LWPOLYLINE
  5
31A
330
17
100
AcDbEntity
  8
FUR
100
AcDbPolyline
 90
4
 70
1
 10
4301.0
 20
-10320.0
 10
4801.0
 20
-10320.0
 10
4801.0
 20
-9820.0
 10
4301.0
 20
-9820.0
  0
CIRCLE
  5
31B
330
17
100
AcDbEntity
  8
FUR
100
AcDbCircle
 10
4551.0
 20
-10070.0
 30
0.0
 40
95.0
  0
LWPOLYLINE
  5
31C
330
17
100
AcDbEntity
  8
FUR
100
AcDbPolyline
 90
4
 70
1
 10
1001.0
 20
-13980.0
 10
2301.0
 20
-13980.0
 10
2301.0
 20
-13480.0
 10
1001.0
 20
-13480.0
  0
LWPOLYLINE
  5
31D
330
17
100
AcDbEntity
  8
FUR
100
AcDbPolyline
 90
4
 70
1
 10
1181.0
 20
-13590.0
 10
2121.0
 20
-13590.0
 10
2121.0
 20
-13520.0
 10
1181.0
 20
-13520.0
  0
LWPOLYLINE
  5
31E
330
17
100
AcDbEntity
  8
FUR
100
AcDbPolyline
 90
4
 70
1
 10
601.0
 20
-11600.0
 10
1401.0
 20
-11600.0
 10
1401.0
 20
-9820.0
 10
601.0
 20
-9820.0
  0
LWPOLYLINE
  5
31F
330
17
100
AcDbEntity
  8
FUR
100
AcDbPolyline
 90
4
 70
1
 10
601.0
 20
-9970.0
 10
1401.0
 20
-9970.0
 10
1401.0
 20
-9820.0
 10
601.0
 20
-9820.0
  0
CIRCLE
  5
320
330
17
100
AcDbEntity
  8
FUR
100
AcDbCircle
 10
1001.0
 20
-12300.0
 30
0.0
 40
320.0
  0
LINE
  5
321
330
17
100
AcDbEntity
  8
DOOR
100
AcDbLine
 10
7701.0
 20
-18000.0
 30
0.0
 11
6801.0
 21
-18000.0
 31
0.0
  0
ARC
  5
322
330
17
100
AcDbEntity
  8
DOOR
100
AcDbCircle
 10
7701.0
 20
-18000.0
 30
0.0
 40
900.0
100
AcDbArc
 50
90.0
 51
180.0
  0
LWPOLYLINE
  5
323
330
17
100
AcDbEntity
  8
0CONC
100
AcDbPolyline
 90
4
 70
1
 10
5301.0
 20
-16800.0
 10
7701.0
 20
-16800.0
 10
7701.0
 20
-16700.0
 10
5301.0
 20
-16700.0
  0
HATCH
  5
324
330
17
100
AcDbEntity
  8
해치벽체
 62
8
100
AcDbHatch
 10
0.0
 20
0.0
 30
0.0
210
0.0
220
0.0
230
1.0
  2
ANSI31
 70
0
 71
0
 91
1
 92
3
 72
0
 73
1
 93
4
 10
5301.0
 20
-16800.0
 10
7701.0
 20
-16800.0
 10
7701.0
 20
-16700.0
 10
5301.0
 20
-16700.0
 97
0
 75
1
 76
1
 52
0.0
 41
16.0
 77
0
 78
1
 53
45.0
 43
0.0
 44
0.0
 45
-35.9210244848
 46
35.9210244848
 79
0
 98
0
  0
LWPOLYLINE
  5
325
330
17
100
AcDbEntity
  8
0CONC
100
AcDbPolyline
 90
4
 70
1
 10
5301.0
 20
-16700.0
 10
5401.0
 20
-16700.0
 10
5401.0
 20
-14200.0
 10
5301.0
 20
-14200.0
  0
HATCH
  5
326
330
17
100
AcDbEntity
  8
해치벽체
 62
8
100
AcDbHatch
 10
0.0
 20
0.0
 30
0.0
210
0.0
220
0.0
230
1.0
  2
ANSI31
 70
0
 71
0
 91
1
 92
3
 72
0
 73
1
 93
4
 10
5301.0
 20
-16700.0
 10
5401.0
 20
-16700.0
 10
5401.0
 20
-14200.0
 10
5301.0
 20
-14200.0
 97
0
 75
1
 76
1
 52
0.0
 41
16.0
 77
0
 78
1
 53
45.0
 43
0.0
 44
0.0
 45
-35.9210244848
 46
35.9210244848
 79
0
 98
0
  0
LINE
  5
327
330
17
100
AcDbEntity
  8
DOOR
100
AcDbLine
 10
6151.0
 20
-16700.0
 30
0.0
 11
6151.0
 21
-15900.0
 31
0.0
  0
ARC
  5
328
330
17
100
AcDbEntity
  8
DOOR
100
AcDbCircle
 10
6151.0
 20
-16700.0
 30
0.0
 40
800.0
100
AcDbArc
 50
90.0
 51
180.0
  0
LWPOLYLINE
  5
329
330
17
100
AcDbEntity
  8
TOIL
100
AcDbPolyline
 90
4
 70
1
 10
6901.0
 20
-16550.0
 10
7551.0
 20
-16550.0
 10
7551.0
 20
-15400.0
 10
6901.0
 20
-15400.0
  0
ELLIPSE
  5
32A
330
17
100
AcDbEntity
  8
TOIL
100
AcDbEllipse
 10
7226.0
 20
-15975.0
 30
0.0
 11
0.0
 21
230.0
 31
0.0
 40
0.717391304347826
 41
0.0
 42
6.283185307179586
  0
CIRCLE
  5
32B
330
17
100
AcDbEntity
  8
TOIL
100
AcDbCircle
 10
7476.0
 20
-15975.0
 30
0.0
 40
38.0
  0
LWPOLYLINE
  5
32C
330
17
100
AcDbEntity
  8
TOIL
100
AcDbPolyline
 90
4
 70
1
 10
7331.0
 20
-15200.0
 10
7551.0
 20
-15200.0
 10
7551.0
 20
-14800.0
 10
7331.0
 20
-14800.0
  0
ELLIPSE
  5
32D
330
17
100
AcDbEntity
  8
TOIL
100
AcDbEllipse
 10
7031.0
 20
-15000.0
 30
0.0
 11
270.0
 21
0.0
 31
0.0
 40
0.7592592592592593
 41
0.0
 42
6.283185307179586
  0
LWPOLYLINE
  5
32E
330
17
100
AcDbEntity
  8
TOIL
100
AcDbPolyline
 90
4
 70
1
 10
5421.0
 20
-15300.0
 10
6501.0
 20
-15300.0
 10
6501.0
 20
-14320.0
 10
5421.0
 20
-14320.0
  0
LINE
  5
32F
330
17
100
AcDbEntity
  8
TOIL
100
AcDbLine
 10
6501.0
 20
-15300.0
 30
0.0
 11
5421.0
 21
-14320.0
 31
0.0
  0
LINE
  5
330
330
17
100
AcDbEntity
  8
TOIL
100
AcDbLine
 10
5421.0
 20
-15300.0
 30
0.0
 11
6501.0
 21
-14320.0
 31
0.0
  0
TEXT
  5
331
330
17
100
AcDbEntity
  8
0TEXT
100
AcDbText
 10
5951.0
 20
-16000.0
 30
0.0
 40
195.0
  1
욕실
  7
KOR
 72
1
 11
5951.0
 21
-16000.0
 31
0.0
100
AcDbText
 73
2
  0
TEXT
  5
332
330
17
100
AcDbEntity
  8
0TEXT
100
AcDbText
 10
4446.0
 20
-16250.0
 30
0.0
 40
225.0
  1
디럭스룸 34타입
 50
90.0
  7
KOR
 72
1
 11
4446.0
 21
-16250.0
 31
0.0
100
AcDbText
 73
2
  0
TEXT
  5
333
330
17
100
AcDbEntity
  8
0TEXT
 62
9
100
AcDbText
 10
4836.0
 20
-16250.0
 30
0.0
 40
185.0
  1
34.6 m²
 50
90.0
  7
KOR
 72
1
 11
4836.0
 21
-16250.0
 31
0.0
100
AcDbText
 73
2
  0
LWPOLYLINE
  5
334
330
17
100
AcDbEntity
  8
FUR
100
AcDbPolyline
 90
4
 70
1
 10
2601.0
 20
-18180.0
 10
4201.0
 20
-18180.0
 10
4201.0
 20
-17480.0
 10
2601.0
 20
-17480.0
  0
LINE
  5
335
330
17
100
AcDbEntity
  8
FUR
100
AcDbLine
 10
4201.0
 20
-18180.0
 30
0.0
 11
2601.0
 21
-17480.0
 31
0.0
  0
LINE
  5
336
330
17
100
AcDbEntity
  8
FUR
100
AcDbLine
 10
3401.0
 20
-18180.0
 30
0.0
 11
3401.0
 21
-17480.0
 31
0.0
  0
LWPOLYLINE
  5
337
330
17
100
AcDbEntity
  8
FUR
100
AcDbPolyline
 90
4
 70
1
 10
2601.0
 20
-16300.0
 10
4201.0
 20
-16300.0
 10
4201.0
 20
-14320.0
 10
2601.0
 20
-14320.0
  0
LWPOLYLINE
  5
338
330
17
100
AcDbEntity
  8
FUR
100
AcDbPolyline
 90
4
 70
1
 10
3466.0
 20
-14790.0
 10
4071.0
 20
-14790.0
 10
4071.0
 20
-14430.0
 10
3466.0
 20
-14430.0
  0
LWPOLYLINE
  5
339
330
17
100
AcDbEntity
  8
FUR
100
AcDbPolyline
 90
4
 70
1
 10
2731.0
 20
-14790.0
 10
3336.0
 20
-14790.0
 10
3336.0
 20
-14430.0
 10
2731.0
 20
-14430.0
  0
LINE
  5
33A
330
17
100
AcDbEntity
  8
FUR
100
AcDbLine
 10
4201.0
 20
-15547.6
 30
0.0
 11
2601.0
 21
-15547.6
 31
0.0
  0
LWPOLYLINE
  5
33B
330
17
100
AcDbEntity
  8
FUR
100
AcDbPolyline
 90
4
 70
1
 10
4301.0
 20
-14820.0
 10
4801.0
 20
-14820.0
 10
4801.0
 20
-14320.0
 10
4301.0
 20
-14320.0
  0
CIRCLE
  5
33C
330
17
100
AcDbEntity
  8
FUR
100
AcDbCircle
 10
4551.0
 20
-14570.0
 30
0.0
 40
95.0
  0
LWPOLYLINE
  5
33D
330
17
100
AcDbEntity
  8
FUR
100
AcDbPolyline
 90
4
 70
1
 10
1001.0
 20
-18180.0
 10
2301.0
 20
-18180.0
 10
2301.0
 20
-17680.0
 10
1001.0
 20
-17680.0
  0
LWPOLYLINE
  5
33E
330
17
100
AcDbEntity
  8
FUR
100
AcDbPolyline
 90
4
 70
1
 10
1181.0
 20
-17790.0
 10
2121.0
 20
-17790.0
 10
2121.0
 20
-17720.0
 10
1181.0
 20
-17720.0
  0
LWPOLYLINE
  5
33F
330
17
100
AcDbEntity
  8
FUR
100
AcDbPolyline
 90
4
 70
1
 10
601.0
 20
-16100.0
 10
1401.0
 20
-16100.0
 10
1401.0
 20
-14320.0
 10
601.0
 20
-14320.0
  0
LWPOLYLINE
  5
340
330
17
100
AcDbEntity
  8
FUR
100
AcDbPolyline
 90
4
 70
1
 10
601.0
 20
-14470.0
 10
1401.0
 20
-14470.0
 10
1401.0
 20
-14320.0
 10
601.0
 20
-14320.0
  0
CIRCLE
  5
341
330
17
100
AcDbEntity
  8
FUR
100
AcDbCircle
 10
1001.0
 20
-16800.0
 30
0.0
 40
320.0
  0
TEXT
  5
342
330
17
100
AcDbEntity
  8
0TEXT
100
AcDbText
 10
9735.5
 20
-13900.0
 30
0.0
 40
300.0
  1
홀
  7
KOR
 72
1
 11
9735.5
 21
-13900.0
 31
0.0
100
AcDbText
 73
2
  0
CIRCLE
  5
343
330
17
100
AcDbEntity
  8
FUR
100
AcDbCircle
 10
9735.5
 20
-16000.0
 30
0.0
 40
430.0
  0
LWPOLYLINE
  5
344
330
17
100
AcDbEntity
  8
FUR
100
AcDbPolyline
 90
4
 70
1
 10
10345.5
 20
-16270.0
 10
10885.5
 20
-16270.0
 10
10885.5
 20
-15730.0
 10
10345.5
 20
-15730.0
  0
LWPOLYLINE
  5
345
330
17
100
AcDbEntity
  8
FUR
100
AcDbPolyline
 90
4
 70
1
 10
9465.5
 20
-15390.0
 10
10005.5
 20
-15390.0
 10
10005.5
 20
-14850.0
 10
9465.5
 20
-14850.0
  0
LWPOLYLINE
  5
346
330
17
100
AcDbEntity
  8
FUR
100
AcDbPolyline
 90
4
 70
1
 10
8585.5
 20
-16270.0
 10
9125.5
 20
-16270.0
 10
9125.5
 20
-15730.0
 10
8585.5
 20
-15730.0
  0
LWPOLYLINE
  5
347
330
17
100
AcDbEntity
  8
FUR
100
AcDbPolyline
 90
4
 70
1
 10
9465.5
 20
-17150.0
 10
10005.5
 20
-17150.0
 10
10005.5
 20
-16610.0
 10
9465.5
 20
-16610.0
  0
LWPOLYLINE
  5
348
330
17
100
AcDbEntity
  8
0CONC
100
AcDbPolyline
 90
4
 70
1
 10
18200.0
 20
-17000.0
 10
18300.0
 20
-17000.0
 10
18300.0
 20
-9500.0
 10
18200.0
 20
-9500.0
  0
HATCH
  5
349
330
17
100
AcDbEntity
  8
해치벽체
 62
8
100
AcDbHatch
 10
0.0
 20
0.0
 30
0.0
210
0.0
220
0.0
230
1.0
  2
ANSI31
 70
0
 71
0
 91
1
 92
3
 72
0
 73
1
 93
4
 10
18200.0
 20
-17000.0
 10
18300.0
 20
-17000.0
 10
18300.0
 20
-9500.0
 10
18200.0
 20
-9500.0
 97
0
 75
1
 76
1
 52
0.0
 41
16.0
 77
0
 78
1
 53
45.0
 43
0.0
 44
0.0
 45
-35.9210244848
 46
35.9210244848
 79
0
 98
0
  0
LWPOLYLINE
  5
34A
330
17
100
AcDbEntity
  8
0CONC
100
AcDbPolyline
 90
4
 70
1
 10
20610.0
 20
-17000.0
 10
20710.0
 20
-17000.0
 10
20710.0
 20
-9500.0
 10
20610.0
 20
-9500.0
  0
HATCH
  5
34B
330
17
100
AcDbEntity
  8
해치벽체
 62
8
100
AcDbHatch
 10
0.0
 20
0.0
 30
0.0
210
0.0
220
0.0
230
1.0
  2
ANSI31
 70
0
 71
0
 91
1
 92
3
 72
0
 73
1
 93
4
 10
20610.0
 20
-17000.0
 10
20710.0
 20
-17000.0
 10
20710.0
 20
-9500.0
 10
20610.0
 20
-9500.0
 97
0
 75
1
 76
1
 52
0.0
 41
16.0
 77
0
 78
1
 53
45.0
 43
0.0
 44
0.0
 45
-35.9210244848
 46
35.9210244848
 79
0
 98
0
  0
LWPOLYLINE
  5
34C
330
17
100
AcDbEntity
  8
FUR
100
AcDbPolyline
 90
4
 70
1
 10
18450.0
 20
-11800.0
 10
20460.0
 20
-11800.0
 10
20460.0
 20
-9900.0
 10
18450.0
 20
-9900.0
  0
LINE
  5
34D
330
17
100
AcDbEntity
  8
FUR
100
AcDbLine
 10
18450.0
 20
-10850.0
 30
0.0
 11
20460.0
 21
-10850.0
 31
0.0
  0
LWPOLYLINE
  5
34E
330
17
100
AcDbEntity
  8
FUR
100
AcDbPolyline
 90
4
 70
1
 10
18450.0
 20
-15500.0
 10
20460.0
 20
-15500.0
 10
20460.0
 20
-14300.0
 10
18450.0
 20
-14300.0
  0
LINE
  5
34F
330
17
100
AcDbEntity
  8
DOOR
100
AcDbLine
 10
19055.0
 20
-17000.0
 30
0.0
 11
19055.0
 21
-16200.0
 31
0.0
  0
ARC
  5
350
330
17
100
AcDbEntity
  8
DOOR
100
AcDbCircle
 10
19055.0
 20
-17000.0
 30
0.0
 40
800.0
100
AcDbArc
 50
0.0
 51
90.0
  0
TEXT
  5
351
330
17
100
AcDbEntity
  8
0TEXT
100
AcDbText
 10
19455.0
 20
-12900.0
 30
0.0
 40
225.0
  1
리넨실
  7
KOR
 72
1
 11
19455.0
 21
-12900.0
 31
0.0
100
AcDbText
 73
2
  0
TEXT
  5
352
330
17
100
AcDbEntity
  8
0TEXT
 62
9
100
AcDbText
 10
19455.0
 20
-13250.0
 30
0.0
 40
180.0
  1
18.8 m²
  7
KOR
 72
1
 11
19455.0
 21
-13250.0
 31
0.0
100
AcDbText
 73
2
  0
LWPOLYLINE
  5
353
330
17
100
AcDbEntity
  8
0CONC
100
AcDbPolyline
 90
4
 70
1
 10
20710.0
 20
-17000.0
 10
20810.0
 20
-17000.0
 10
20810.0
 20
-9500.0
 10
20710.0
 20
-9500.0
  0
HATCH
  5
354
330
17
100
AcDbEntity
  8
해치벽체
 62
8
100
AcDbHatch
 10
0.0
 20
0.0
 30
0.0
210
0.0
220
0.0
230
1.0
  2
ANSI31
 70
0
 71
0
 91
1
 92
3
 72
0
 73
1
 93
4
 10
20710.0
 20
-17000.0
 10
20810.0
 20
-17000.0
 10
20810.0
 20
-9500.0
 10
20710.0
 20
-9500.0
 97
0
 75
1
 76
1
 52
0.0
 41
16.0
 77
0
 78
1
 53
45.0
 43
0.0
 44
0.0
 45
-35.9210244848
 46
35.9210244848
 79
0
 98
0
  0
LINE
  5
355
330
17
100
AcDbEntity
  8
DOOR
100
AcDbLine
 10
26410.0
 20
-16900.0
 30
0.0
 11
26410.0
 21
-16000.0
 31
0.0
  0
ARC
  5
356
330
17
100
AcDbEntity
  8
DOOR
100
AcDbCircle
 10
26410.0
 20
-16900.0
 30
0.0
 40
900.0
100
AcDbArc
 50
90.0
 51
180.0
  0
LWPOLYLINE
  5
357
330
17
100
AcDbEntity
  8
0CONC
100
AcDbPolyline
 90
4
 70
1
 10
23210.0
 20
-16900.0
 10
23310.0
 20
-16900.0
 10
23310.0
 20
-14400.0
 10
23210.0
 20
-14400.0
  0
HATCH
  5
358
330
17
100
AcDbEntity
  8
해치벽체
 62
8
100
AcDbHatch
 10
0.0
 20
0.0
 30
0.0
210
0.0
220
0.0
230
1.0
  2
ANSI31
 70
0
 71
0
 91
1
 92
3
 72
0
 73
1
 93
4
 10
23210.0
 20
-16900.0
 10
23310.0
 20
-16900.0
 10
23310.0
 20
-14400.0
 10
23210.0
 20
-14400.0
 97
0
 75
1
 76
1
 52
0.0
 41
16.0
 77
0
 78
1
 53
45.0
 43
0.0
 44
0.0
 45
-35.9210244848
 46
35.9210244848
 79
0
 98
0
  0
LWPOLYLINE
  5
359
330
17
100
AcDbEntity
  8
0CONC
100
AcDbPolyline
 90
4
 70
1
 10
20810.0
 20
-14500.0
 10
23210.0
 20
-14500.0
 10
23210.0
 20
-14400.0
 10
20810.0
 20
-14400.0
  0
HATCH
  5
35A
330
17
100
AcDbEntity
  8
해치벽체
 62
8
100
AcDbHatch
 10
0.0
 20
0.0
 30
0.0
210
0.0
220
0.0
230
1.0
  2
ANSI31
 70
0
 71
0
 91
1
 92
3
 72
0
 73
1
 93
4
 10
20810.0
 20
-14500.0
 10
23210.0
 20
-14500.0
 10
23210.0
 20
-14400.0
 10
20810.0
 20
-14400.0
 97
0
 75
1
 76
1
 52
0.0
 41
16.0
 77
0
 78
1
 53
45.0
 43
0.0
 44
0.0
 45
-35.9210244848
 46
35.9210244848
 79
0
 98
0
  0
LINE
  5
35B
330
17
100
AcDbEntity
  8
DOOR
100
AcDbLine
 10
23210.0
 20
-15300.0
 30
0.0
 11
22410.0
 21
-15300.0
 31
0.0
  0
ARC
  5
35C
330
17
100
AcDbEntity
  8
DOOR
100
AcDbCircle
 10
23210.0
 20
-15300.0
 30
0.0
 40
800.0
100
AcDbArc
 50
90.0
 51
180.0
  0
LWPOLYLINE
  5
35D
330
17
100
AcDbEntity
  8
TOIL
100
AcDbPolyline
 90
4
 70
1
 10
20930.0
 20
-15750.0
 10
22360.0
 20
-15750.0
 10
22360.0
 20
-14520.0
 10
20930.0
 20
-14520.0
  0
LWPOLYLINE
  5
35E
330
17
100
AcDbEntity
  8
TOIL
100
AcDbPolyline
 90
4
 70
1
 10
21000.0
 20
-15680.0
 10
22290.0
 20
-15680.0
 10
22290.0
 20
-14590.0
 10
21000.0
 20
-14590.0
  0
CIRCLE
  5
35F
330
17
100
AcDbEntity
  8
TOIL
100
AcDbCircle
 10
21160.0
 20
-15135.0
 30
0.0
 40
70.0
  0
LWPOLYLINE
  5
360
330
17
100
AcDbEntity
  8
TOIL
100
AcDbPolyline
 90
4
 70
1
 10
21090.0
 20
-16780.0
 10
21490.0
 20
-16780.0
 10
21490.0
 20
-16560.0
 10
21090.0
 20
-16560.0
  0
ELLIPSE
  5
361
330
17
100
AcDbEntity
  8
TOIL
100
AcDbEllipse
 10
21290.0
 20
-16260.0
 30
0.0
 11
0.0
 21
270.0
 31
0.0
 40
0.7592592592592593
 41
0.0
 42
6.283185307179586
  0
LWPOLYLINE
  5
362
330
17
100
AcDbEntity
  8
TOIL
100
AcDbPolyline
 90
4
 70
1
 10
22060.0
 20
-16780.0
 10
23160.0
 20
-16780.0
 10
23160.0
 20
-16180.0
 10
22060.0
 20
-16180.0
  0
ELLIPSE
  5
363
330
17
100
AcDbEntity
  8
TOIL
100
AcDbEllipse
 10
22610.0
 20
-16480.0
 30
0.0
 11
230.0
 21
0.0
 31
0.0
 40
0.717391304347826
 41
0.0
 42
6.283185307179586
  0
CIRCLE
  5
364
330
17
100
AcDbEntity
  8
TOIL
100
AcDbCircle
 10
22610.0
 20
-16705.0
 30
0.0
 40
38.0
  0
TEXT
  5
365
330
17
100
AcDbEntity
  8
0TEXT
100
AcDbText
 10
21960.0
 20
-15150.0
 30
0.0
 40
195.0
  1
욕실
  7
KOR
 72
1
 11
21960.0
 21
-15150.0
 31
0.0
100
AcDbText
 73
2
  0
LWPOLYLINE
  5
366
330
17
100
AcDbEntity
  8
FUR
100
AcDbPolyline
 90
4
 70
1
 10
23510.0
 20
-16780.0
 10
25410.0
 20
-16780.0
 10
25410.0
 20
-16080.0
 10
23510.0
 20
-16080.0
  0
LWPOLYLINE
  5
367
330
17
100
AcDbEntity
  8
TOIL
100
AcDbPolyline
 90
4
 70
1
 10
23620.0
 20
-16670.0
 10
24100.0
 20
-16670.0
 10
24100.0
 20
-16190.0
 10
23620.0
 20
-16190.0
  0
CIRCLE
  5
368
330
17
100
AcDbEntity
  8
FUR
100
AcDbCircle
 10
24840.0
 20
-16430.0
 30
0.0
 40
130.0
  0
CIRCLE
  5
369
330
17
100
AcDbEntity
  8
FUR
100
AcDbCircle
 10
24365.0
 20
-16430.0
 30
0.0
 40
130.0
  0
TEXT
  5
36A
330
17
100
AcDbEntity
  8
0TEXT
 62
9
100
AcDbText
 10
24460.0
 20
-15840.0
 30
0.0
 40
170.0
  1
미니주방
  7
KOR
 72
1
 11
24460.0
 21
-15840.0
 31
0.0
100
AcDbText
 73
2
  0
LWPOLYLINE
  5
36B
330
17
100
AcDbEntity
  8
FUR
100
AcDbPolyline
 90
4
 70
1
 10
25890.0
 20
-15700.0
 10
26590.0
 20
-15700.0
 10
26590.0
 20
-14300.0
 10
25890.0
 20
-14300.0
  0
LINE
  5
36C
330
17
100
AcDbEntity
  8
FUR
100
AcDbLine
 10
25890.0
 20
-15700.0
 30
0.0
 11
26590.0
 21
-14300.0
 31
0.0
  0
LINE
  5
36D
330
17
100
AcDbEntity
  8
FUR
100
AcDbLine
 10
25890.0
 20
-15000.0
 30
0.0
 11
26590.0
 21
-15000.0
 31
0.0
  0
TEXT
  5
36E
330
17
100
AcDbEntity
  8
0TEXT
100
AcDbText
 10
24060.0
 20
-13805.0
 30
0.0
 40
225.0
  1
패밀리룸 45타입
  7
KOR
 72
1
 11
24060.0
 21
-13805.0
 31
0.0
100
AcDbText
 73
2
  0
TEXT
  5
36F
330
17
100
AcDbEntity
  8
0TEXT
 62
9
100
AcDbText
 10
24060.0
 20
-14195.0
 30
0.0
 40
185.0
  1
45.0 m²
  7
KOR
 72
1
 11
24060.0
 21
-14195.0
 31
0.0
100
AcDbText
 73
2
  0
LWPOLYLINE
  5
370
330
17
100
AcDbEntity
  8
FUR
100
AcDbPolyline
 90
4
 70
1
 10
20930.0
 20
-13500.0
 10
22930.0
 20
-13500.0
 10
22930.0
 20
-11900.0
 10
20930.0
 20
-11900.0
  0
LWPOLYLINE
  5
371
330
17
100
AcDbEntity
  8
FUR
100
AcDbPolyline
 90
4
 70
1
 10
21040.0
 20
-13370.0
 10
21400.0
 20
-13370.0
 10
21400.0
 20
-12765.0
 10
21040.0
 20
-12765.0
  0
LWPOLYLINE
  5
372
330
17
100
AcDbEntity
  8
FUR
100
AcDbPolyline
 90
4
 70
1
 10
21040.0
 20
-12635.0
 10
21400.0
 20
-12635.0
 10
21400.0
 20
-12030.0
 10
21040.0
 20
-12030.0
  0
LINE
  5
373
330
17
100
AcDbEntity
  8
FUR
100
AcDbLine
 10
22170.0
 20
-13500.0
 30
0.0
 11
22170.0
 21
-11900.0
 31
0.0
  0
LWPOLYLINE
  5
374
330
17
100
AcDbEntity
  8
FUR
100
AcDbPolyline
 90
4
 70
1
 10
20930.0
 20
-11750.0
 10
21430.0
 20
-11750.0
 10
21430.0
 20
-11250.0
 10
20930.0
 20
-11250.0
  0
CIRCLE
  5
375
330
17
100
AcDbEntity
  8
FUR
100
AcDbCircle
 10
21180.0
 20
-11500.0
 30
0.0
 40
95.0
  0
LWPOLYLINE
  5
376
330
17
100
AcDbEntity
  8
FUR
100
AcDbPolyline
 90
4
 70
1
 10
24610.0
 20
-13500.0
 10
26590.0
 20
-13500.0
 10
26590.0
 20
-12500.0
 10
24610.0
 20
-12500.0
  0
LWPOLYLINE
  5
377
330
17
100
AcDbEntity
  8
FUR
100
AcDbPolyline
 90
4
 70
1
 10
26120.0
 20
-13350.0
 10
26480.0
 20
-13350.0
 10
26480.0
 20
-12650.0
 10
26120.0
 20
-12650.0
  0
LINE
  5
378
330
17
100
AcDbEntity
  8
FUR
100
AcDbLine
 10
25362.4
 20
-13500.0
 30
0.0
 11
25362.4
 21
-12500.0
 31
0.0
  0
LWPOLYLINE
  5
379
330
17
100
AcDbEntity
  8
FUR
100
AcDbPolyline
 90
4
 70
1
 10
24610.0
 20
-12200.0
 10
26590.0
 20
-12200.0
 10
26590.0
 20
-11200.0
 10
24610.0
 20
-11200.0
  0
LWPOLYLINE
  5
37A
330
17
100
AcDbEntity
  8
FUR
100
AcDbPolyline
 90
4
 70
1
 10
26120.0
 20
-12050.0
 10
26480.0
 20
-12050.0
 10
26480.0
 20
-11350.0
 10
26120.0
 20
-11350.0
  0
LINE
  5
37B
330
17
100
AcDbEntity
  8
FUR
100
AcDbLine
 10
25362.4
 20
-12200.0
 30
0.0
 11
25362.4
 21
-11200.0
 31
0.0
  0
LWPOLYLINE
  5
37C
330
17
100
AcDbEntity
  8
FUR
100
AcDbPolyline
 90
4
 70
1
 10
20930.0
 20
-11000.0
 10
21430.0
 20
-11000.0
 10
21430.0
 20
-9800.0
 10
20930.0
 20
-9800.0
  0
LWPOLYLINE
  5
37D
330
17
100
AcDbEntity
  8
FUR
100
AcDbPolyline
 90
4
 70
1
 10
21320.0
 20
-10820.0
 10
21390.0
 20
-10820.0
 10
21390.0
 20
-9980.0
 10
21320.0
 20
-9980.0
  0
CIRCLE
  5
37E
330
17
100
AcDbEntity
  8
FUR
100
AcDbCircle
 10
23960.0
 20
-10400.0
 30
0.0
 40
400.0
  0
LWPOLYLINE
  5
37F
330
17
100
AcDbEntity
  8
FUR
100
AcDbPolyline
 90
4
 70
1
 10
23010.0
 20
-10650.0
 10
23410.0
 20
-10650.0
 10
23410.0
 20
-10250.0
 10
23010.0
 20
-10250.0
  0
LWPOLYLINE
  5
380
330
17
100
AcDbEntity
  8
FUR
100
AcDbPolyline
 90
4
 70
1
 10
24910.0
 20
-10650.0
 10
25310.0
 20
-10650.0
 10
25310.0
 20
-10250.0
 10
24910.0
 20
-10250.0
  0
LWPOLYLINE
  5
381
330
17
100
AcDbEntity
  8
0CONC
100
AcDbPolyline
 90
4
 70
1
 10
26710.0
 20
-17000.0
 10
26810.0
 20
-17000.0
 10
26810.0
 20
-9500.0
 10
26710.0
 20
-9500.0
  0
HATCH
  5
382
330
17
100
AcDbEntity
  8
해치벽체
 62
8
100
AcDbHatch
 10
0.0
 20
0.0
 30
0.0
210
0.0
220
0.0
230
1.0
  2
ANSI31
 70
0
 71
0
 91
1
 92
3
 72
0
 73
1
 93
4
 10
26710.0
 20
-17000.0
 10
26810.0
 20
-17000.0
 10
26810.0
 20
-9500.0
 10
26710.0
 20
-9500.0
 97
0
 75
1
 76
1
 52
0.0
 41
16.0
 77
0
 78
1
 53
45.0
 43
0.0
 44
0.0
 45
-35.9210244848
 46
35.9210244848
 79
0
 98
0
  0
LINE
  5
383
330
17
100
AcDbEntity
  8
DOOR
100
AcDbLine
 10
32410.0
 20
-16900.0
 30
0.0
 11
32410.0
 21
-16000.0
 31
0.0
  0
ARC
  5
384
330
17
100
AcDbEntity
  8
DOOR
100
AcDbCircle
 10
32410.0
 20
-16900.0
 30
0.0
 40
900.0
100
AcDbArc
 50
90.0
 51
180.0
  0
LWPOLYLINE
  5
385
330
17
100
AcDbEntity
  8
0CONC
100
AcDbPolyline
 90
4
 70
1
 10
29210.0
 20
-16900.0
 10
29310.0
 20
-16900.0
 10
29310.0
 20
-14400.0
 10
29210.0
 20
-14400.0
  0
HATCH
  5
386
330
17
100
AcDbEntity
  8
해치벽체
 62
8
100
AcDbHatch
 10
0.0
 20
0.0
 30
0.0
210
0.0
220
0.0
230
1.0
  2
ANSI31
 70
0
 71
0
 91
1
 92
3
 72
0
 73
1
 93
4
 10
29210.0
 20
-16900.0
 10
29310.0
 20
-16900.0
 10
29310.0
 20
-14400.0
 10
29210.0
 20
-14400.0
 97
0
 75
1
 76
1
 52
0.0
 41
16.0
 77
0
 78
1
 53
45.0
 43
0.0
 44
0.0
 45
-35.9210244848
 46
35.9210244848
 79
0
 98
0
  0
LWPOLYLINE
  5
387
330
17
100
AcDbEntity
  8
0CONC
100
AcDbPolyline
 90
4
 70
1
 10
26810.0
 20
-14500.0
 10
29210.0
 20
-14500.0
 10
29210.0
 20
-14400.0
 10
26810.0
 20
-14400.0
  0
HATCH
  5
388
330
17
100
AcDbEntity
  8
해치벽체
 62
8
100
AcDbHatch
 10
0.0
 20
0.0
 30
0.0
210
0.0
220
0.0
230
1.0
  2
ANSI31
 70
0
 71
0
 91
1
 92
3
 72
0
 73
1
 93
4
 10
26810.0
 20
-14500.0
 10
29210.0
 20
-14500.0
 10
29210.0
 20
-14400.0
 10
26810.0
 20
-14400.0
 97
0
 75
1
 76
1
 52
0.0
 41
16.0
 77
0
 78
1
 53
45.0
 43
0.0
 44
0.0
 45
-35.9210244848
 46
35.9210244848
 79
0
 98
0
  0
LINE
  5
389
330
17
100
AcDbEntity
  8
DOOR
100
AcDbLine
 10
29210.0
 20
-15300.0
 30
0.0
 11
28410.0
 21
-15300.0
 31
0.0
  0
ARC
  5
38A
330
17
100
AcDbEntity
  8
DOOR
100
AcDbCircle
 10
29210.0
 20
-15300.0
 30
0.0
 40
800.0
100
AcDbArc
 50
90.0
 51
180.0
  0
LWPOLYLINE
  5
38B
330
17
100
AcDbEntity
  8
TOIL
100
AcDbPolyline
 90
4
 70
1
 10
26930.0
 20
-15750.0
 10
28360.0
 20
-15750.0
 10
28360.0
 20
-14520.0
 10
26930.0
 20
-14520.0
  0
LWPOLYLINE
  5
38C
330
17
100
AcDbEntity
  8
TOIL
100
AcDbPolyline
 90
4
 70
1
 10
27000.0
 20
-15680.0
 10
28290.0
 20
-15680.0
 10
28290.0
 20
-14590.0
 10
27000.0
 20
-14590.0
  0
CIRCLE
  5
38D
330
17
100
AcDbEntity
  8
TOIL
100
AcDbCircle
 10
27160.0
 20
-15135.0
 30
0.0
 40
70.0
  0
LWPOLYLINE
  5
38E
330
17
100
AcDbEntity
  8
TOIL
100
AcDbPolyline
 90
4
 70
1
 10
27090.0
 20
-16780.0
 10
27490.0
 20
-16780.0
 10
27490.0
 20
-16560.0
 10
27090.0
 20
-16560.0
  0
ELLIPSE
  5
38F
330
17
100
AcDbEntity
  8
TOIL
100
AcDbEllipse
 10
27290.0
 20
-16260.0
 30
0.0
 11
0.0
 21
270.0
 31
0.0
 40
0.7592592592592593
 41
0.0
 42
6.283185307179586
  0
LWPOLYLINE
  5
390
330
17
100
AcDbEntity
  8
TOIL
100
AcDbPolyline
 90
4
 70
1
 10
28060.0
 20
-16780.0
 10
29160.0
 20
-16780.0
 10
29160.0
 20
-16180.0
 10
28060.0
 20
-16180.0
  0
ELLIPSE
  5
391
330
17
100
AcDbEntity
  8
TOIL
100
AcDbEllipse
 10
28610.0
 20
-16480.0
 30
0.0
 11
230.0
 21
0.0
 31
0.0
 40
0.717391304347826
 41
0.0
 42
6.283185307179586
  0
CIRCLE
  5
392
330
17
100
AcDbEntity
  8
TOIL
100
AcDbCircle
 10
28610.0
 20
-16705.0
 30
0.0
 40
38.0
  0
TEXT
  5
393
330
17
100
AcDbEntity
  8
0TEXT
100
AcDbText
 10
27960.0
 20
-15150.0
 30
0.0
 40
195.0
  1
욕실
  7
KOR
 72
1
 11
27960.0
 21
-15150.0
 31
0.0
100
AcDbText
 73
2
  0
LWPOLYLINE
  5
394
330
17
100
AcDbEntity
  8
FUR
100
AcDbPolyline
 90
4
 70
1
 10
29510.0
 20
-16780.0
 10
31410.0
 20
-16780.0
 10
31410.0
 20
-16080.0
 10
29510.0
 20
-16080.0
  0
LWPOLYLINE
  5
395
330
17
100
AcDbEntity
  8
TOIL
100
AcDbPolyline
 90
4
 70
1
 10
29620.0
 20
-16670.0
 10
30100.0
 20
-16670.0
 10
30100.0
 20
-16190.0
 10
29620.0
 20
-16190.0
  0
CIRCLE
  5
396
330
17
100
AcDbEntity
  8
FUR
100
AcDbCircle
 10
30840.0
 20
-16430.0
 30
0.0
 40
130.0
  0
CIRCLE
  5
397
330
17
100
AcDbEntity
  8
FUR
100
AcDbCircle
 10
30365.0
 20
-16430.0
 30
0.0
 40
130.0
  0
TEXT
  5
398
330
17
100
AcDbEntity
  8
0TEXT
 62
9
100
AcDbText
 10
30460.0
 20
-15840.0
 30
0.0
 40
170.0
  1
미니주방
  7
KOR
 72
1
 11
30460.0
 21
-15840.0
 31
0.0
100
AcDbText
 73
2
  0
LWPOLYLINE
  5
399
330
17
100
AcDbEntity
  8
FUR
100
AcDbPolyline
 90
4
 70
1
 10
31890.0
 20
-15700.0
 10
32590.0
 20
-15700.0
 10
32590.0
 20
-14300.0
 10
31890.0
 20
-14300.0
  0
LINE
  5
39A
330
17
100
AcDbEntity
  8
FUR
100
AcDbLine
 10
31890.0
 20
-15700.0
 30
0.0
 11
32590.0
 21
-14300.0
 31
0.0
  0
LINE
  5
39B
330
17
100
AcDbEntity
  8
FUR
100
AcDbLine
 10
31890.0
 20
-15000.0
 30
0.0
 11
32590.0
 21
-15000.0
 31
0.0
  0
TEXT
  5
39C
330
17
100
AcDbEntity
  8
0TEXT
100
AcDbText
 10
30060.0
 20
-13805.0
 30
0.0
 40
225.0
  1
패밀리룸 45타입
  7
KOR
 72
1
 11
30060.0
 21
-13805.0
 31
0.0
100
AcDbText
 73
2
  0
TEXT
  5
39D
330
17
100
AcDbEntity
  8
0TEXT
 62
9
100
AcDbText
 10
30060.0
 20
-14195.0
 30
0.0
 40
185.0
  1
45.0 m²
  7
KOR
 72
1
 11
30060.0
 21
-14195.0
 31
0.0
100
AcDbText
 73
2
  0
LWPOLYLINE
  5
39E
330
17
100
AcDbEntity
  8
FUR
100
AcDbPolyline
 90
4
 70
1
 10
26930.0
 20
-13500.0
 10
28930.0
 20
-13500.0
 10
28930.0
 20
-11900.0
 10
26930.0
 20
-11900.0
  0
LWPOLYLINE
  5
39F
330
17
100
AcDbEntity
  8
FUR
100
AcDbPolyline
 90
4
 70
1
 10
27040.0
 20
-13370.0
 10
27400.0
 20
-13370.0
 10
27400.0
 20
-12765.0
 10
27040.0
 20
-12765.0
  0
LWPOLYLINE
  5
3A0
330
17
100
AcDbEntity
  8
FUR
100
AcDbPolyline
 90
4
 70
1
 10
27040.0
 20
-12635.0
 10
27400.0
 20
-12635.0
 10
27400.0
 20
-12030.0
 10
27040.0
 20
-12030.0
  0
LINE
  5
3A1
330
17
100
AcDbEntity
  8
FUR
100
AcDbLine
 10
28170.0
 20
-13500.0
 30
0.0
 11
28170.0
 21
-11900.0
 31
0.0
  0
LWPOLYLINE
  5
3A2
330
17
100
AcDbEntity
  8
FUR
100
AcDbPolyline
 90
4
 70
1
 10
26930.0
 20
-11750.0
 10
27430.0
 20
-11750.0
 10
27430.0
 20
-11250.0
 10
26930.0
 20
-11250.0
  0
CIRCLE
  5
3A3
330
17
100
AcDbEntity
  8
FUR
100
AcDbCircle
 10
27180.0
 20
-11500.0
 30
0.0
 40
95.0
  0
LWPOLYLINE
  5
3A4
330
17
100
AcDbEntity
  8
FUR
100
AcDbPolyline
 90
4
 70
1
 10
30610.0
 20
-13500.0
 10
32590.0
 20
-13500.0
 10
32590.0
 20
-12500.0
 10
30610.0
 20
-12500.0
  0
LWPOLYLINE
  5
3A5
330
17
100
AcDbEntity
  8
FUR
100
AcDbPolyline
 90
4
 70
1
 10
32120.0
 20
-13350.0
 10
32480.0
 20
-13350.0
 10
32480.0
 20
-12650.0
 10
32120.0
 20
-12650.0
  0
LINE
  5
3A6
330
17
100
AcDbEntity
  8
FUR
100
AcDbLine
 10
31362.4
 20
-13500.0
 30
0.0
 11
31362.4
 21
-12500.0
 31
0.0
  0
LWPOLYLINE
  5
3A7
330
17
100
AcDbEntity
  8
FUR
100
AcDbPolyline
 90
4
 70
1
 10
30610.0
 20
-12200.0
 10
32590.0
 20
-12200.0
 10
32590.0
 20
-11200.0
 10
30610.0
 20
-11200.0
  0
LWPOLYLINE
  5
3A8
330
17
100
AcDbEntity
  8
FUR
100
AcDbPolyline
 90
4
 70
1
 10
32120.0
 20
-12050.0
 10
32480.0
 20
-12050.0
 10
32480.0
 20
-11350.0
 10
32120.0
 20
-11350.0
  0
LINE
  5
3A9
330
17
100
AcDbEntity
  8
FUR
100
AcDbLine
 10
31362.4
 20
-12200.0
 30
0.0
 11
31362.4
 21
-11200.0
 31
0.0
  0
LWPOLYLINE
  5
3AA
330
17
100
AcDbEntity
  8
FUR
100
AcDbPolyline
 90
4
 70
1
 10
26930.0
 20
-11000.0
 10
27430.0
 20
-11000.0
 10
27430.0
 20
-9800.0
 10
26930.0
 20
-9800.0
  0
LWPOLYLINE
  5
3AB
330
17
100
AcDbEntity
  8
FUR
100
AcDbPolyline
 90
4
 70
1
 10
27320.0
 20
-10820.0
 10
27390.0
 20
-10820.0
 10
27390.0
 20
-9980.0
 10
27320.0
 20
-9980.0
  0
CIRCLE
  5
3AC
330
17
100
AcDbEntity
  8
FUR
100
AcDbCircle
 10
29960.0
 20
-10400.0
 30
0.0
 40
400.0
  0
LWPOLYLINE
  5
3AD
330
17
100
AcDbEntity
  8
FUR
100
AcDbPolyline
 90
4
 70
1
 10
29010.0
 20
-10650.0
 10
29410.0
 20
-10650.0
 10
29410.0
 20
-10250.0
 10
29010.0
 20
-10250.0
  0
LWPOLYLINE
  5
3AE
330
17
100
AcDbEntity
  8
FUR
100
AcDbPolyline
 90
4
 70
1
 10
30910.0
 20
-10650.0
 10
31310.0
 20
-10650.0
 10
31310.0
 20
-10250.0
 10
30910.0
 20
-10250.0
  0
LWPOLYLINE
  5
3AF
330
17
100
AcDbEntity
  8
0CONC
100
AcDbPolyline
 90
4
 70
1
 10
32710.0
 20
-17000.0
 10
32810.0
 20
-17000.0
 10
32810.0
 20
-9500.0
 10
32710.0
 20
-9500.0
  0
HATCH
  5
3B0
330
17
100
AcDbEntity
  8
해치벽체
 62
8
100
AcDbHatch
 10
0.0
 20
0.0
 30
0.0
210
0.0
220
0.0
230
1.0
  2
ANSI31
 70
0
 71
0
 91
1
 92
3
 72
0
 73
1
 93
4
 10
32710.0
 20
-17000.0
 10
32810.0
 20
-17000.0
 10
32810.0
 20
-9500.0
 10
32710.0
 20
-9500.0
 97
0
 75
1
 76
1
 52
0.0
 41
16.0
 77
0
 78
1
 53
45.0
 43
0.0
 44
0.0
 45
-35.9210244848
 46
35.9210244848
 79
0
 98
0
  0
LINE
  5
3B1
330
17
100
AcDbEntity
  8
DOOR
100
AcDbLine
 10
38410.0
 20
-16900.0
 30
0.0
 11
38410.0
 21
-16000.0
 31
0.0
  0
ARC
  5
3B2
330
17
100
AcDbEntity
  8
DOOR
100
AcDbCircle
 10
38410.0
 20
-16900.0
 30
0.0
 40
900.0
100
AcDbArc
 50
90.0
 51
180.0
  0
LWPOLYLINE
  5
3B3
330
17
100
AcDbEntity
  8
0CONC
100
AcDbPolyline
 90
4
 70
1
 10
35210.0
 20
-16900.0
 10
35310.0
 20
-16900.0
 10
35310.0
 20
-14400.0
 10
35210.0
 20
-14400.0
  0
HATCH
  5
3B4
330
17
100
AcDbEntity
  8
해치벽체
 62
8
100
AcDbHatch
 10
0.0
 20
0.0
 30
0.0
210
0.0
220
0.0
230
1.0
  2
ANSI31
 70
0
 71
0
 91
1
 92
3
 72
0
 73
1
 93
4
 10
35210.0
 20
-16900.0
 10
35310.0
 20
-16900.0
 10
35310.0
 20
-14400.0
 10
35210.0
 20
-14400.0
 97
0
 75
1
 76
1
 52
0.0
 41
16.0
 77
0
 78
1
 53
45.0
 43
0.0
 44
0.0
 45
-35.9210244848
 46
35.9210244848
 79
0
 98
0
  0
LWPOLYLINE
  5
3B5
330
17
100
AcDbEntity
  8
0CONC
100
AcDbPolyline
 90
4
 70
1
 10
32810.0
 20
-14500.0
 10
35210.0
 20
-14500.0
 10
35210.0
 20
-14400.0
 10
32810.0
 20
-14400.0
  0
HATCH
  5
3B6
330
17
100
AcDbEntity
  8
해치벽체
 62
8
100
AcDbHatch
 10
0.0
 20
0.0
 30
0.0
210
0.0
220
0.0
230
1.0
  2
ANSI31
 70
0
 71
0
 91
1
 92
3
 72
0
 73
1
 93
4
 10
32810.0
 20
-14500.0
 10
35210.0
 20
-14500.0
 10
35210.0
 20
-14400.0
 10
32810.0
 20
-14400.0
 97
0
 75
1
 76
1
 52
0.0
 41
16.0
 77
0
 78
1
 53
45.0
 43
0.0
 44
0.0
 45
-35.9210244848
 46
35.9210244848
 79
0
 98
0
  0
LINE
  5
3B7
330
17
100
AcDbEntity
  8
DOOR
100
AcDbLine
 10
35210.0
 20
-15300.0
 30
0.0
 11
34410.0
 21
-15300.0
 31
0.0
  0
ARC
  5
3B8
330
17
100
AcDbEntity
  8
DOOR
100
AcDbCircle
 10
35210.0
 20
-15300.0
 30
0.0
 40
800.0
100
AcDbArc
 50
90.0
 51
180.0
  0
LWPOLYLINE
  5
3B9
330
17
100
AcDbEntity
  8
TOIL
100
AcDbPolyline
 90
4
 70
1
 10
32930.0
 20
-15750.0
 10
34360.0
 20
-15750.0
 10
34360.0
 20
-14520.0
 10
32930.0
 20
-14520.0
  0
LWPOLYLINE
  5
3BA
330
17
100
AcDbEntity
  8
TOIL
100
AcDbPolyline
 90
4
 70
1
 10
33000.0
 20
-15680.0
 10
34290.0
 20
-15680.0
 10
34290.0
 20
-14590.0
 10
33000.0
 20
-14590.0
  0
CIRCLE
  5
3BB
330
17
100
AcDbEntity
  8
TOIL
100
AcDbCircle
 10
33160.0
 20
-15135.0
 30
0.0
 40
70.0
  0
LWPOLYLINE
  5
3BC
330
17
100
AcDbEntity
  8
TOIL
100
AcDbPolyline
 90
4
 70
1
 10
33090.0
 20
-16780.0
 10
33490.0
 20
-16780.0
 10
33490.0
 20
-16560.0
 10
33090.0
 20
-16560.0
  0
ELLIPSE
  5
3BD
330
17
100
AcDbEntity
  8
TOIL
100
AcDbEllipse
 10
33290.0
 20
-16260.0
 30
0.0
 11
0.0
 21
270.0
 31
0.0
 40
0.7592592592592593
 41
0.0
 42
6.283185307179586
  0
LWPOLYLINE
  5
3BE
330
17
100
AcDbEntity
  8
TOIL
100
AcDbPolyline
 90
4
 70
1
 10
34060.0
 20
-16780.0
 10
35160.0
 20
-16780.0
 10
35160.0
 20
-16180.0
 10
34060.0
 20
-16180.0
  0
ELLIPSE
  5
3BF
330
17
100
AcDbEntity
  8
TOIL
100
AcDbEllipse
 10
34610.0
 20
-16480.0
 30
0.0
 11
230.0
 21
0.0
 31
0.0
 40
0.717391304347826
 41
0.0
 42
6.283185307179586
  0
CIRCLE
  5
3C0
330
17
100
AcDbEntity
  8
TOIL
100
AcDbCircle
 10
34610.0
 20
-16705.0
 30
0.0
 40
38.0
  0
TEXT
  5
3C1
330
17
100
AcDbEntity
  8
0TEXT
100
AcDbText
 10
33960.0
 20
-15150.0
 30
0.0
 40
195.0
  1
욕실
  7
KOR
 72
1
 11
33960.0
 21
-15150.0
 31
0.0
100
AcDbText
 73
2
  0
LWPOLYLINE
  5
3C2
330
17
100
AcDbEntity
  8
FUR
100
AcDbPolyline
 90
4
 70
1
 10
35510.0
 20
-16780.0
 10
37410.0
 20
-16780.0
 10
37410.0
 20
-16080.0
 10
35510.0
 20
-16080.0
  0
LWPOLYLINE
  5
3C3
330
17
100
AcDbEntity
  8
TOIL
100
AcDbPolyline
 90
4
 70
1
 10
35620.0
 20
-16670.0
 10
36100.0
 20
-16670.0
 10
36100.0
 20
-16190.0
 10
35620.0
 20
-16190.0
  0
CIRCLE
  5
3C4
330
17
100
AcDbEntity
  8
FUR
100
AcDbCircle
 10
36840.0
 20
-16430.0
 30
0.0
 40
130.0
  0
CIRCLE
  5
3C5
330
17
100
AcDbEntity
  8
FUR
100
AcDbCircle
 10
36365.0
 20
-16430.0
 30
0.0
 40
130.0
  0
TEXT
  5
3C6
330
17
100
AcDbEntity
  8
0TEXT
 62
9
100
AcDbText
 10
36460.0
 20
-15840.0
 30
0.0
 40
170.0
  1
미니주방
  7
KOR
 72
1
 11
36460.0
 21
-15840.0
 31
0.0
100
AcDbText
 73
2
  0
LWPOLYLINE
  5
3C7
330
17
100
AcDbEntity
  8
FUR
100
AcDbPolyline
 90
4
 70
1
 10
37890.0
 20
-15700.0
 10
38590.0
 20
-15700.0
 10
38590.0
 20
-14300.0
 10
37890.0
 20
-14300.0
  0
LINE
  5
3C8
330
17
100
AcDbEntity
  8
FUR
100
AcDbLine
 10
37890.0
 20
-15700.0
 30
0.0
 11
38590.0
 21
-14300.0
 31
0.0
  0
LINE
  5
3C9
330
17
100
AcDbEntity
  8
FUR
100
AcDbLine
 10
37890.0
 20
-15000.0
 30
0.0
 11
38590.0
 21
-15000.0
 31
0.0
  0
TEXT
  5
3CA
330
17
100
AcDbEntity
  8
0TEXT
100
AcDbText
 10
36060.0
 20
-13805.0
 30
0.0
 40
225.0
  1
패밀리룸 45타입
  7
KOR
 72
1
 11
36060.0
 21
-13805.0
 31
0.0
100
AcDbText
 73
2
  0
TEXT
  5
3CB
330
17
100
AcDbEntity
  8
0TEXT
 62
9
100
AcDbText
 10
36060.0
 20
-14195.0
 30
0.0
 40
185.0
  1
45.0 m²
  7
KOR
 72
1
 11
36060.0
 21
-14195.0
 31
0.0
100
AcDbText
 73
2
  0
LWPOLYLINE
  5
3CC
330
17
100
AcDbEntity
  8
FUR
100
AcDbPolyline
 90
4
 70
1
 10
32930.0
 20
-13500.0
 10
34930.0
 20
-13500.0
 10
34930.0
 20
-11900.0
 10
32930.0
 20
-11900.0
  0
LWPOLYLINE
  5
3CD
330
17
100
AcDbEntity
  8
FUR
100
AcDbPolyline
 90
4
 70
1
 10
33040.0
 20
-13370.0
 10
33400.0
 20
-13370.0
 10
33400.0
 20
-12765.0
 10
33040.0
 20
-12765.0
  0
LWPOLYLINE
  5
3CE
330
17
100
AcDbEntity
  8
FUR
100
AcDbPolyline
 90
4
 70
1
 10
33040.0
 20
-12635.0
 10
33400.0
 20
-12635.0
 10
33400.0
 20
-12030.0
 10
33040.0
 20
-12030.0
  0
LINE
  5
3CF
330
17
100
AcDbEntity
  8
FUR
100
AcDbLine
 10
34170.0
 20
-13500.0
 30
0.0
 11
34170.0
 21
-11900.0
 31
0.0
  0
LWPOLYLINE
  5
3D0
330
17
100
AcDbEntity
  8
FUR
100
AcDbPolyline
 90
4
 70
1
 10
32930.0
 20
-11750.0
 10
33430.0
 20
-11750.0
 10
33430.0
 20
-11250.0
 10
32930.0
 20
-11250.0
  0
CIRCLE
  5
3D1
330
17
100
AcDbEntity
  8
FUR
100
AcDbCircle
 10
33180.0
 20
-11500.0
 30
0.0
 40
95.0
  0
LWPOLYLINE
  5
3D2
330
17
100
AcDbEntity
  8
FUR
100
AcDbPolyline
 90
4
 70
1
 10
36610.0
 20
-13500.0
 10
38590.0
 20
-13500.0
 10
38590.0
 20
-12500.0
 10
36610.0
 20
-12500.0
  0
LWPOLYLINE
  5
3D3
330
17
100
AcDbEntity
  8
FUR
100
AcDbPolyline
 90
4
 70
1
 10
38120.0
 20
-13350.0
 10
38480.0
 20
-13350.0
 10
38480.0
 20
-12650.0
 10
38120.0
 20
-12650.0
  0
LINE
  5
3D4
330
17
100
AcDbEntity
  8
FUR
100
AcDbLine
 10
37362.4
 20
-13500.0
 30
0.0
 11
37362.4
 21
-12500.0
 31
0.0
  0
LWPOLYLINE
  5
3D5
330
17
100
AcDbEntity
  8
FUR
100
AcDbPolyline
 90
4
 70
1
 10
36610.0
 20
-12200.0
 10
38590.0
 20
-12200.0
 10
38590.0
 20
-11200.0
 10
36610.0
 20
-11200.0
  0
LWPOLYLINE
  5
3D6
330
17
100
AcDbEntity
  8
FUR
100
AcDbPolyline
 90
4
 70
1
 10
38120.0
 20
-12050.0
 10
38480.0
 20
-12050.0
 10
38480.0
 20
-11350.0
 10
38120.0
 20
-11350.0
  0
LINE
  5
3D7
330
17
100
AcDbEntity
  8
FUR
100
AcDbLine
 10
37362.4
 20
-12200.0
 30
0.0
 11
37362.4
 21
-11200.0
 31
0.0
  0
LWPOLYLINE
  5
3D8
330
17
100
AcDbEntity
  8
FUR
100
AcDbPolyline
 90
4
 70
1
 10
32930.0
 20
-11000.0
 10
33430.0
 20
-11000.0
 10
33430.0
 20
-9800.0
 10
32930.0
 20
-9800.0
  0
LWPOLYLINE
  5
3D9
330
17
100
AcDbEntity
  8
FUR
100
AcDbPolyline
 90
4
 70
1
 10
33320.0
 20
-10820.0
 10
33390.0
 20
-10820.0
 10
33390.0
 20
-9980.0
 10
33320.0
 20
-9980.0
  0
CIRCLE
  5
3DA
330
17
100
AcDbEntity
  8
FUR
100
AcDbCircle
 10
35960.0
 20
-10400.0
 30
0.0
 40
400.0
  0
LWPOLYLINE
  5
3DB
330
17
100
AcDbEntity
  8
FUR
100
AcDbPolyline
 90
4
 70
1
 10
35010.0
 20
-10650.0
 10
35410.0
 20
-10650.0
 10
35410.0
 20
-10250.0
 10
35010.0
 20
-10250.0
  0
LWPOLYLINE
  5
3DC
330
17
100
AcDbEntity
  8
FUR
100
AcDbPolyline
 90
4
 70
1
 10
36910.0
 20
-10650.0
 10
37310.0
 20
-10650.0
 10
37310.0
 20
-10250.0
 10
36910.0
 20
-10250.0
  0
LWPOLYLINE
  5
3DD
330
17
100
AcDbEntity
  8
0CONC
100
AcDbPolyline
 90
4
 70
1
 10
38710.0
 20
-17000.0
 10
38810.0
 20
-17000.0
 10
38810.0
 20
-9500.0
 10
38710.0
 20
-9500.0
  0
HATCH
  5
3DE
330
17
100
AcDbEntity
  8
해치벽체
 62
8
100
AcDbHatch
 10
0.0
 20
0.0
 30
0.0
210
0.0
220
0.0
230
1.0
  2
ANSI31
 70
0
 71
0
 91
1
 92
3
 72
0
 73
1
 93
4
 10
38710.0
 20
-17000.0
 10
38810.0
 20
-17000.0
 10
38810.0
 20
-9500.0
 10
38710.0
 20
-9500.0
 97
0
 75
1
 76
1
 52
0.0
 41
16.0
 77
0
 78
1
 53
45.0
 43
0.0
 44
0.0
 45
-35.9210244848
 46
35.9210244848
 79
0
 98
0
  0
LINE
  5
3DF
330
17
100
AcDbEntity
  8
DOOR
100
AcDbLine
 10
31820.0
 20
-18500.0
 30
0.0
 11
31820.0
 21
-19400.0
 31
0.0
  0
ARC
  5
3E0
330
17
100
AcDbEntity
  8
DOOR
100
AcDbCircle
 10
31820.0
 20
-18500.0
 30
0.0
 40
900.0
100
AcDbArc
 50
270.0
 51
360.0
  0
LWPOLYLINE
  5
3E1
330
17
100
AcDbEntity
  8
0CONC
100
AcDbPolyline
 90
4
 70
1
 10
34720.0
 20
-21000.0
 10
34820.0
 20
-21000.0
 10
34820.0
 20
-18500.0
 10
34720.0
 20
-18500.0
  0
HATCH
  5
3E2
330
17
100
AcDbEntity
  8
해치벽체
 62
8
100
AcDbHatch
 10
0.0
 20
0.0
 30
0.0
210
0.0
220
0.0
230
1.0
  2
ANSI31
 70
0
 71
0
 91
1
 92
3
 72
0
 73
1
 93
4
 10
34720.0
 20
-21000.0
 10
34820.0
 20
-21000.0
 10
34820.0
 20
-18500.0
 10
34720.0
 20
-18500.0
 97
0
 75
1
 76
1
 52
0.0
 41
16.0
 77
0
 78
1
 53
45.0
 43
0.0
 44
0.0
 45
-35.9210244848
 46
35.9210244848
 79
0
 98
0
  0
LWPOLYLINE
  5
3E3
330
17
100
AcDbEntity
  8
0CONC
100
AcDbPolyline
 90
4
 70
1
 10
34820.0
 20
-21000.0
 10
37220.0
 20
-21000.0
 10
37220.0
 20
-20900.0
 10
34820.0
 20
-20900.0
  0
HATCH
  5
3E4
330
17
100
AcDbEntity
  8
해치벽체
 62
8
100
AcDbHatch
 10
0.0
 20
0.0
 30
0.0
210
0.0
220
0.0
230
1.0
  2
ANSI31
 70
0
 71
0
 91
1
 92
3
 72
0
 73
1
 93
4
 10
34820.0
 20
-21000.0
 10
37220.0
 20
-21000.0
 10
37220.0
 20
-20900.0
 10
34820.0
 20
-20900.0
 97
0
 75
1
 76
1
 52
0.0
 41
16.0
 77
0
 78
1
 53
45.0
 43
0.0
 44
0.0
 45
-35.9210244848
 46
35.9210244848
 79
0
 98
0
  0
LINE
  5
3E5
330
17
100
AcDbEntity
  8
DOOR
100
AcDbLine
 10
34820.0
 20
-20100.0
 30
0.0
 11
35620.0
 21
-20100.0
 31
0.0
  0
ARC
  5
3E6
330
17
100
AcDbEntity
  8
DOOR
100
AcDbCircle
 10
34820.0
 20
-20100.0
 30
0.0
 40
800.0
100
AcDbArc
 50
270.0
 51
360.0
  0
LWPOLYLINE
  5
3E7
330
17
100
AcDbEntity
  8
TOIL
100
AcDbPolyline
 90
4
 70
1
 10
35670.0
 20
-20880.0
 10
37100.0
 20
-20880.0
 10
37100.0
 20
-19650.0
 10
35670.0
 20
-19650.0
  0
LWPOLYLINE
  5
3E8
330
17
100
AcDbEntity
  8
TOIL
100
AcDbPolyline
 90
4
 70
1
 10
35740.0
 20
-20810.0
 10
37030.0
 20
-20810.0
 10
37030.0
 20
-19720.0
 10
35740.0
 20
-19720.0
  0
CIRCLE
  5
3E9
330
17
100
AcDbEntity
  8
TOIL
100
AcDbCircle
 10
36870.0
 20
-20265.0
 30
0.0
 40
70.0
  0
LWPOLYLINE
  5
3EA
330
17
100
AcDbEntity
  8
TOIL
100
AcDbPolyline
 90
4
 70
1
 10
36540.0
 20
-18840.0
 10
36940.0
 20
-18840.0
 10
36940.0
 20
-18620.0
 10
36540.0
 20
-18620.0
  0
ELLIPSE
  5
3EB
330
17
100
AcDbEntity
  8
TOIL
100
AcDbEllipse
 10
36740.0
 20
-19140.0
 30
0.0
 11
0.0
 21
270.0
 31
0.0
 40
0.7592592592592593
 41
0.0
 42
6.283185307179586
  0
LWPOLYLINE
  5
3EC
330
17
100
AcDbEntity
  8
TOIL
100
AcDbPolyline
 90
4
 70
1
 10
34870.0
 20
-19220.0
 10
35970.0
 20
-19220.0
 10
35970.0
 20
-18620.0
 10
34870.0
 20
-18620.0
  0
ELLIPSE
  5
3ED
330
17
100
AcDbEntity
  8
TOIL
100
AcDbEllipse
 10
35420.0
 20
-18920.0
 30
0.0
 11
230.0
 21
0.0
 31
0.0
 40
0.717391304347826
 41
0.0
 42
6.283185307179586
  0
CIRCLE
  5
3EE
330
17
100
AcDbEntity
  8
TOIL
100
AcDbCircle
 10
35420.0
 20
-18695.0
 30
0.0
 40
38.0
  0
TEXT
  5
3EF
330
17
100
AcDbEntity
  8
0TEXT
100
AcDbText
 10
36070.0
 20
-20250.0
 30
0.0
 40
195.0
  1
욕실
  7
KOR
 72
1
 11
36070.0
 21
-20250.0
 31
0.0
100
AcDbText
 73
2
  0
LWPOLYLINE
  5
3F0
330
17
100
AcDbEntity
  8
FUR
100
AcDbPolyline
 90
4
 70
1
 10
32620.0
 20
-19320.0
 10
34520.0
 20
-19320.0
 10
34520.0
 20
-18620.0
 10
32620.0
 20
-18620.0
  0
LWPOLYLINE
  5
3F1
330
17
100
AcDbEntity
  8
TOIL
100
AcDbPolyline
 90
4
 70
1
 10
33930.0
 20
-19210.0
 10
34410.0
 20
-19210.0
 10
34410.0
 20
-18730.0
 10
33930.0
 20
-18730.0
  0
CIRCLE
  5
3F2
330
17
100
AcDbEntity
  8
FUR
100
AcDbCircle
 10
33190.0
 20
-18970.0
 30
0.0
 40
130.0
  0
CIRCLE
  5
3F3
330
17
100
AcDbEntity
  8
FUR
100
AcDbCircle
 10
33665.0
 20
-18970.0
 30
0.0
 40
130.0
  0
TEXT
  5
3F4
330
17
100
AcDbEntity
  8
0TEXT
 62
9
100
AcDbText
 10
33570.0
 20
-19560.0
 30
0.0
 40
170.0
  1
미니주방
  7
KOR
 72
1
 11
33570.0
 21
-19560.0
 31
0.0
100
AcDbText
 73
2
  0
LWPOLYLINE
  5
3F5
330
17
100
AcDbEntity
  8
FUR
100
AcDbPolyline
 90
4
 70
1
 10
31640.0
 20
-21100.0
 10
32340.0
 20
-21100.0
 10
32340.0
 20
-19700.0
 10
31640.0
 20
-19700.0
  0
LINE
  5
3F6
330
17
100
AcDbEntity
  8
FUR
100
AcDbLine
 10
32340.0
 20
-19700.0
 30
0.0
 11
31640.0
 21
-21100.0
 31
0.0
  0
LINE
  5
3F7
330
17
100
AcDbEntity
  8
FUR
100
AcDbLine
 10
32340.0
 20
-20400.0
 30
0.0
 11
31640.0
 21
-20400.0
 31
0.0
  0
TEXT
  5
3F8
330
17
100
AcDbEntity
  8
0TEXT
100
AcDbText
 10
34070.0
 20
-21205.0
 30
0.0
 40
225.0
  1
패밀리룸 45타입
  7
KOR
 72
1
 11
34070.0
 21
-21205.0
 31
0.0
100
AcDbText
 73
2
  0
TEXT
  5
3F9
330
17
100
AcDbEntity
  8
0TEXT
 62
9
100
AcDbText
 10
34070.0
 20
-21595.0
 30
0.0
 40
185.0
  1
45.0 m²
  7
KOR
 72
1
 11
34070.0
 21
-21595.0
 31
0.0
100
AcDbText
 73
2
  0
LWPOLYLINE
  5
3FA
330
17
100
AcDbEntity
  8
FUR
100
AcDbPolyline
 90
4
 70
1
 10
35100.0
 20
-23500.0
 10
37100.0
 20
-23500.0
 10
37100.0
 20
-21900.0
 10
35100.0
 20
-21900.0
  0
LWPOLYLINE
  5
3FB
330
17
100
AcDbEntity
  8
FUR
100
AcDbPolyline
 90
4
 70
1
 10
36630.0
 20
-22635.0
 10
36990.0
 20
-22635.0
 10
36990.0
 20
-22030.0
 10
36630.0
 20
-22030.0
  0
LWPOLYLINE
  5
3FC
330
17
100
AcDbEntity
  8
FUR
100
AcDbPolyline
 90
4
 70
1
 10
36630.0
 20
-23370.0
 10
36990.0
 20
-23370.0
 10
36990.0
 20
-22765.0
 10
36630.0
 20
-22765.0
  0
LINE
  5
3FD
330
17
100
AcDbEntity
  8
FUR
100
AcDbLine
 10
35860.0
 20
-21900.0
 30
0.0
 11
35860.0
 21
-23500.0
 31
0.0
  0
LWPOLYLINE
  5
3FE
330
17
100
AcDbEntity
  8
FUR
100
AcDbPolyline
 90
4
 70
1
 10
36600.0
 20
-24150.0
 10
37100.0
 20
-24150.0
 10
37100.0
 20
-23650.0
 10
36600.0
 20
-23650.0
  0
CIRCLE
  5
3FF
330
17
100
AcDbEntity
  8
FUR
100
AcDbCircle
 10
36850.0
 20
-23900.0
 30
0.0
 40
95.0
  0
LWPOLYLINE
  5
400
330
17
100
AcDbEntity
  8
FUR
100
AcDbPolyline
 90
4
 70
1
 10
31640.0
 20
-22900.0
 10
33620.0
 20
-22900.0
 10
33620.0
 20
-21900.0
 10
31640.0
 20
-21900.0
  0
LWPOLYLINE
  5
401
330
17
100
AcDbEntity
  8
FUR
100
AcDbPolyline
 90
4
 70
1
 10
31750.0
 20
-22750.0
 10
32110.0
 20
-22750.0
 10
32110.0
 20
-22050.0
 10
31750.0
 20
-22050.0
  0
LINE
  5
402
330
17
100
AcDbEntity
  8
FUR
100
AcDbLine
 10
32867.6
 20
-21900.0
 30
0.0
 11
32867.6
 21
-22900.0
 31
0.0
  0
LWPOLYLINE
  5
403
330
17
100
AcDbEntity
  8
FUR
100
AcDbPolyline
 90
4
 70
1
 10
31640.0
 20
-24200.0
 10
33620.0
 20
-24200.0
 10
33620.0
 20
-23200.0
 10
31640.0
 20
-23200.0
  0
LWPOLYLINE
  5
404
330
17
100
AcDbEntity
  8
FUR
100
AcDbPolyline
 90
4
 70
1
 10
31750.0
 20
-24050.0
 10
32110.0
 20
-24050.0
 10
32110.0
 20
-23350.0
 10
31750.0
 20
-23350.0
  0
LINE
  5
405
330
17
100
AcDbEntity
  8
FUR
100
AcDbLine
 10
32867.6
 20
-23200.0
 30
0.0
 11
32867.6
 21
-24200.0
 31
0.0
  0
LWPOLYLINE
  5
406
330
17
100
AcDbEntity
  8
FUR
100
AcDbPolyline
 90
4
 70
1
 10
36600.0
 20
-25600.0
 10
37100.0
 20
-25600.0
 10
37100.0
 20
-24400.0
 10
36600.0
 20
-24400.0
  0
LWPOLYLINE
  5
407
330
17
100
AcDbEntity
  8
FUR
100
AcDbPolyline
 90
4
 70
1
 10
36640.0
 20
-25420.0
 10
36710.0
 20
-25420.0
 10
36710.0
 20
-24580.0
 10
36640.0
 20
-24580.0
  0
CIRCLE
  5
408
330
17
100
AcDbEntity
  8
FUR
100
AcDbCircle
 10
34170.0
 20
-25000.0
 30
0.0
 40
400.0
  0
LWPOLYLINE
  5
409
330
17
100
AcDbEntity
  8
FUR
100
AcDbPolyline
 90
4
 70
1
 10
34720.0
 20
-25150.0
 10
35120.0
 20
-25150.0
 10
35120.0
 20
-24750.0
 10
34720.0
 20
-24750.0
  0
LWPOLYLINE
  5
40A
330
17
100
AcDbEntity
  8
FUR
100
AcDbPolyline
 90
4
 70
1
 10
32820.0
 20
-25150.0
 10
33220.0
 20
-25150.0
 10
33220.0
 20
-24750.0
 10
32820.0
 20
-24750.0
  0
LINE
  5
40B
330
17
100
AcDbEntity
  8
DOOR
100
AcDbLine
 10
41820.0
 20
-18500.0
 30
0.0
 11
41820.0
 21
-19400.0
 31
0.0
  0
ARC
  5
40C
330
17
100
AcDbEntity
  8
DOOR
100
AcDbCircle
 10
41820.0
 20
-18500.0
 30
0.0
 40
900.0
100
AcDbArc
 50
180.0
 51
270.0
  0
LWPOLYLINE
  5
40D
330
17
100
AcDbEntity
  8
0CONC
100
AcDbPolyline
 90
4
 70
1
 10
40520.0
 20
-20900.0
 10
40620.0
 20
-20900.0
 10
40620.0
 20
-18500.0
 10
40520.0
 20
-18500.0
  0
HATCH
  5
40E
330
17
100
AcDbEntity
  8
해치벽체
 62
8
100
AcDbHatch
 10
0.0
 20
0.0
 30
0.0
210
0.0
220
0.0
230
1.0
  2
ANSI31
 70
0
 71
0
 91
1
 92
3
 72
0
 73
1
 93
4
 10
40520.0
 20
-20900.0
 10
40620.0
 20
-20900.0
 10
40620.0
 20
-18500.0
 10
40520.0
 20
-18500.0
 97
0
 75
1
 76
1
 52
0.0
 41
16.0
 77
0
 78
1
 53
45.0
 43
0.0
 44
0.0
 45
-35.9210244848
 46
35.9210244848
 79
0
 98
0
  0
LWPOLYLINE
  5
40F
330
17
100
AcDbEntity
  8
0CONC
100
AcDbPolyline
 90
4
 70
1
 10
37520.0
 20
-20900.0
 10
40520.0
 20
-20900.0
 10
40520.0
 20
-20800.0
 10
37520.0
 20
-20800.0
  0
HATCH
  5
410
330
17
100
AcDbEntity
  8
해치벽체
 62
8
100
AcDbHatch
 10
0.0
 20
0.0
 30
0.0
210
0.0
220
0.0
230
1.0
  2
ANSI31
 70
0
 71
0
 91
1
 92
3
 72
0
 73
1
 93
4
 10
37520.0
 20
-20900.0
 10
40520.0
 20
-20900.0
 10
40520.0
 20
-20800.0
 10
37520.0
 20
-20800.0
 97
0
 75
1
 76
1
 52
0.0
 41
16.0
 77
0
 78
1
 53
45.0
 43
0.0
 44
0.0
 45
-35.9210244848
 46
35.9210244848
 79
0
 98
0
  0
LINE
  5
411
330
17
100
AcDbEntity
  8
DOOR
100
AcDbLine
 10
40520.0
 20
-20050.0
 30
0.0
 11
39720.0
 21
-20050.0
 31
0.0
  0
ARC
  5
412
330
17
100
AcDbEntity
  8
DOOR
100
AcDbCircle
 10
40520.0
 20
-20050.0
 30
0.0
 40
800.0
100
AcDbArc
 50
180.0
 51
270.0
  0
LWPOLYLINE
  5
413
330
17
100
AcDbEntity
  8
TOIL
100
AcDbPolyline
 90
4
 70
1
 10
39220.0
 20
-19300.0
 10
40370.0
 20
-19300.0
 10
40370.0
 20
-18650.0
 10
39220.0
 20
-18650.0
  0
ELLIPSE
  5
414
330
17
100
AcDbEntity
  8
TOIL
100
AcDbEllipse
 10
39795.0
 20
-18975.0
 30
0.0
 11
230.0
 21
0.0
 31
0.0
 40
0.717391304347826
 41
0.0
 42
6.283185307179586
  0
CIRCLE
  5
415
330
17
100
AcDbEntity
  8
TOIL
100
AcDbCircle
 10
39795.0
 20
-18725.0
 30
0.0
 40
38.0
  0
LWPOLYLINE
  5
416
330
17
100
AcDbEntity
  8
TOIL
100
AcDbPolyline
 90
4
 70
1
 10
38620.0
 20
-18870.0
 10
39020.0
 20
-18870.0
 10
39020.0
 20
-18650.0
 10
38620.0
 20
-18650.0
  0
ELLIPSE
  5
417
330
17
100
AcDbEntity
  8
TOIL
100
AcDbEllipse
 10
38820.0
 20
-19170.0
 30
0.0
 11
0.0
 21
270.0
 31
0.0
 40
0.7592592592592593
 41
0.0
 42
6.283185307179586
  0
LWPOLYLINE
  5
418
330
17
100
AcDbEntity
  8
TOIL
100
AcDbPolyline
 90
4
 70
1
 10
37640.0
 20
-20780.0
 10
38620.0
 20
-20780.0
 10
38620.0
 20
-19700.0
 10
37640.0
 20
-19700.0
  0
LINE
  5
419
330
17
100
AcDbEntity
  8
TOIL
100
AcDbLine
 10
38620.0
 20
-19700.0
 30
0.0
 11
37640.0
 21
-20780.0
 31
0.0
  0
LINE
  5
41A
330
17
100
AcDbEntity
  8
TOIL
100
AcDbLine
 10
38620.0
 20
-20780.0
 30
0.0
 11
37640.0
 21
-19700.0
 31
0.0
  0
TEXT
  5
41B
330
17
100
AcDbEntity
  8
0TEXT
100
AcDbText
 10
39820.0
 20
-20250.0
 30
0.0
 40
195.0
  1
욕실
  7
KOR
 72
1
 11
39820.0
 21
-20250.0
 31
0.0
100
AcDbText
 73
2
  0
TEXT
  5
41C
330
17
100
AcDbEntity
  8
0TEXT
100
AcDbText
 10
39820.0
 20
-21365.0
 30
0.0
 40
225.0
  1
디럭스룸 36타입
  7
KOR
 72
1
 11
39820.0
 21
-21365.0
 31
0.0
100
AcDbText
 73
2
  0
TEXT
  5
41D
330
17
100
AcDbEntity
  8
0TEXT
 62
9
100
AcDbText
 10
39820.0
 20
-21755.0
 30
0.0
 40
185.0
  1
36.7 m²
  7
KOR
 72
1
 11
39820.0
 21
-21755.0
 31
0.0
100
AcDbText
 73
2
  0
LWPOLYLINE
  5
41E
330
17
100
AcDbEntity
  8
FUR
100
AcDbPolyline
 90
4
 70
1
 10
41300.0
 20
-23600.0
 10
42000.0
 20
-23600.0
 10
42000.0
 20
-22000.0
 10
41300.0
 20
-22000.0
  0
LINE
  5
41F
330
17
100
AcDbEntity
  8
FUR
100
AcDbLine
 10
42000.0
 20
-22000.0
 30
0.0
 11
41300.0
 21
-23600.0
 31
0.0
  0
LINE
  5
420
330
17
100
AcDbEntity
  8
FUR
100
AcDbLine
 10
42000.0
 20
-22800.0
 30
0.0
 11
41300.0
 21
-22800.0
 31
0.0
  0
LWPOLYLINE
  5
421
330
17
100
AcDbEntity
  8
FUR
100
AcDbPolyline
 90
4
 70
1
 10
37640.0
 20
-23600.0
 10
39620.0
 20
-23600.0
 10
39620.0
 20
-22000.0
 10
37640.0
 20
-22000.0
  0
LWPOLYLINE
  5
422
330
17
100
AcDbEntity
  8
FUR
100
AcDbPolyline
 90
4
 70
1
 10
37750.0
 20
-22735.0
 10
38110.0
 20
-22735.0
 10
38110.0
 20
-22130.0
 10
37750.0
 20
-22130.0
  0
LWPOLYLINE
  5
423
330
17
100
AcDbEntity
  8
FUR
100
AcDbPolyline
 90
4
 70
1
 10
37750.0
 20
-23470.0
 10
38110.0
 20
-23470.0
 10
38110.0
 20
-22865.0
 10
37750.0
 20
-22865.0
  0
LINE
  5
424
330
17
100
AcDbEntity
  8
FUR
100
AcDbLine
 10
38867.6
 20
-22000.0
 30
0.0
 11
38867.6
 21
-23600.0
 31
0.0
  0
LWPOLYLINE
  5
425
330
17
100
AcDbEntity
  8
FUR
100
AcDbPolyline
 90
4
 70
1
 10
37640.0
 20
-21900.0
 10
38140.0
 20
-21900.0
 10
38140.0
 20
-21400.0
 10
37640.0
 20
-21400.0
  0
CIRCLE
  5
426
330
17
100
AcDbEntity
  8
FUR
100
AcDbCircle
 10
37890.0
 20
-21650.0
 30
0.0
 40
95.0
  0
LWPOLYLINE
  5
427
330
17
100
AcDbEntity
  8
FUR
100
AcDbPolyline
 90
4
 70
1
 10
41500.0
 20
-25200.0
 10
42000.0
 20
-25200.0
 10
42000.0
 20
-23900.0
 10
41500.0
 20
-23900.0
  0
LWPOLYLINE
  5
428
330
17
100
AcDbEntity
  8
FUR
100
AcDbPolyline
 90
4
 70
1
 10
41540.0
 20
-25020.0
 10
41610.0
 20
-25020.0
 10
41610.0
 20
-24080.0
 10
41540.0
 20
-24080.0
  0
LWPOLYLINE
  5
429
330
17
100
AcDbEntity
  8
FUR
100
AcDbPolyline
 90
4
 70
1
 10
37640.0
 20
-25600.0
 10
39420.0
 20
-25600.0
 10
39420.0
 20
-24800.0
 10
37640.0
 20
-24800.0
  0
LWPOLYLINE
  5
42A
330
17
100
AcDbEntity
  8
FUR
100
AcDbPolyline
 90
4
 70
1
 10
37640.0
 20
-25600.0
 10
37790.0
 20
-25600.0
 10
37790.0
 20
-24800.0
 10
37640.0
 20
-24800.0
  0
CIRCLE
  5
42B
330
17
100
AcDbEntity
  8
FUR
100
AcDbCircle
 10
40120.0
 20
-25200.0
 30
0.0
 40
320.0
  0
LWPOLYLINE
  5
42C
330
17
100
AcDbEntity
  8
0CONC
100
AcDbPolyline
 90
4
 70
1
 10
37220.0
 20
-25800.0
 10
37320.0
 20
-25800.0
 10
37320.0
 20
-18500.0
 10
37220.0
 20
-18500.0
  0
HATCH
  5
42D
330
17
100
AcDbEntity
  8
해치벽체
 62
8
100
AcDbHatch
 10
0.0
 20
0.0
 30
0.0
210
0.0
220
0.0
230
1.0
  2
ANSI31
 70
0
 71
0
 91
1
 92
3
 72
0
 73
1
 93
4
 10
37220.0
 20
-25800.0
 10
37320.0
 20
-25800.0
 10
37320.0
 20
-18500.0
 10
37220.0
 20
-18500.0
 97
0
 75
1
 76
1
 52
0.0
 41
16.0
 77
0
 78
1
 53
45.0
 43
0.0
 44
0.0
 45
-35.9210244848
 46
35.9210244848
 79
0
 98
0
  0
TEXT
  5
42E
330
17
100
AcDbEntity
  8
0TEXT
100
AcDbText
 10
-4600.0
 20
-12100.0
 30
0.0
 40
2600.0
  1
3F
  7
KOR
 72
1
 11
-4600.0
 21
-12100.0
 31
0.0
100
AcDbText
 73
2
  0
TEXT
  5
42F
330
17
100
AcDbEntity
  8
0TEXT
 62
9
100
AcDbText
 10
-4600.0
 20
-14100.0
 30
0.0
 40
700.0
  1
466 m²
  7
KOR
 72
1
 11
-4600.0
 21
-14100.0
 31
0.0
100
AcDbText
 73
2
  0
TEXT
  5
430
330
17
100
AcDbEntity
  8
0TEXT
 62
8
100
AcDbText
 10
-1500.0
 20
-15900.0
 30
0.0
 40
520.0
  1
단층형
  7
KOR
 72
2
 11
-1500.0
 21
-15900.0
 31
0.0
100
AcDbText
  0
TEXT
  5
431
330
17
100
AcDbEntity
  8
0TEXT
 62
8
100
AcDbText
 10
-1500.0
 20
-16900.0
 30
0.0
 40
520.0
  1
7실 (패밀리 4 / 디럭스 3)
  7
KOR
 72
2
 11
-1500.0
 21
-16900.0
 31
0.0
100
AcDbText
  0
LWPOLYLINE
  5
432
330
17
100
AcDbEntity
  8
0CONC
100
AcDbPolyline
 90
4
 70
1
 10
0.0
 20
-35700.0
 10
700.0
 20
-35700.0
 10
700.0
 20
-35500.0
 10
0.0
 20
-35500.0
  0
HATCH
  5
433
330
17
100
AcDbEntity
  8
해치벽체
 62
8
100
AcDbHatch
 10
0.0
 20
0.0
 30
0.0
210
0.0
220
0.0
230
1.0
  2
ANSI31
 70
0
 71
0
 91
1
 92
3
 72
0
 73
1
 93
4
 10
0.0
 20
-35700.0
 10
700.0
 20
-35700.0
 10
700.0
 20
-35500.0
 10
0.0
 20
-35500.0
 97
0
 75
1
 76
1
 52
0.0
 41
16.0
 77
0
 78
1
 53
45.0
 43
0.0
 44
0.0
 45
-35.9210244848
 46
35.9210244848
 79
0
 98
0
  0
LWPOLYLINE
  5
434
330
17
100
AcDbEntity
  8
0CONC
100
AcDbPolyline
 90
4
 70
1
 10
7100.0
 20
-35700.0
 10
8600.0
 20
-35700.0
 10
8600.0
 20
-35500.0
 10
7100.0
 20
-35500.0
  0
HATCH
  5
435
330
17
100
AcDbEntity
  8
해치벽체
 62
8
100
AcDbHatch
 10
0.0
 20
0.0
 30
0.0
210
0.0
220
0.0
230
1.0
  2
ANSI31
 70
0
 71
0
 91
1
 92
3
 72
0
 73
1
 93
4
 10
7100.0
 20
-35700.0
 10
8600.0
 20
-35700.0
 10
8600.0
 20
-35500.0
 10
7100.0
 20
-35500.0
 97
0
 75
1
 76
1
 52
0.0
 41
16.0
 77
0
 78
1
 53
45.0
 43
0.0
 44
0.0
 45
-35.9210244848
 46
35.9210244848
 79
0
 98
0
  0
LWPOLYLINE
  5
436
330
17
100
AcDbEntity
  8
0CONC
100
AcDbPolyline
 90
4
 70
1
 10
11000.0
 20
-35700.0
 10
21200.0
 20
-35700.0
 10
21200.0
 20
-35500.0
 10
11000.0
 20
-35500.0
  0
HATCH
  5
437
330
17
100
AcDbEntity
  8
해치벽체
 62
8
100
AcDbHatch
 10
0.0
 20
0.0
 30
0.0
210
0.0
220
0.0
230
1.0
  2
ANSI31
 70
0
 71
0
 91
1
 92
3
 72
0
 73
1
 93
4
 10
11000.0
 20
-35700.0
 10
21200.0
 20
-35700.0
 10
21200.0
 20
-35500.0
 10
11000.0
 20
-35500.0
 97
0
 75
1
 76
1
 52
0.0
 41
16.0
 77
0
 78
1
 53
45.0
 43
0.0
 44
0.0
 45
-35.9210244848
 46
35.9210244848
 79
0
 98
0
  0
LWPOLYLINE
  5
438
330
17
100
AcDbEntity
  8
0CONC
100
AcDbPolyline
 90
4
 70
1
 10
26100.0
 20
-35700.0
 10
27200.0
 20
-35700.0
 10
27200.0
 20
-35500.0
 10
26100.0
 20
-35500.0
  0
HATCH
  5
439
330
17
100
AcDbEntity
  8
해치벽체
 62
8
100
AcDbHatch
 10
0.0
 20
0.0
 30
0.0
210
0.0
220
0.0
230
1.0
  2
ANSI31
 70
0
 71
0
 91
1
 92
3
 72
0
 73
1
 93
4
 10
26100.0
 20
-35700.0
 10
27200.0
 20
-35700.0
 10
27200.0
 20
-35500.0
 10
26100.0
 20
-35500.0
 97
0
 75
1
 76
1
 52
0.0
 41
16.0
 77
0
 78
1
 53
45.0
 43
0.0
 44
0.0
 45
-35.9210244848
 46
35.9210244848
 79
0
 98
0
  0
LWPOLYLINE
  5
43A
330
17
100
AcDbEntity
  8
0CONC
100
AcDbPolyline
 90
4
 70
1
 10
32100.0
 20
-35700.0
 10
33200.0
 20
-35700.0
 10
33200.0
 20
-35500.0
 10
32100.0
 20
-35500.0
  0
HATCH
  5
43B
330
17
100
AcDbEntity
  8
해치벽체
 62
8
100
AcDbHatch
 10
0.0
 20
0.0
 30
0.0
210
0.0
220
0.0
230
1.0
  2
ANSI31
 70
0
 71
0
 91
1
 92
3
 72
0
 73
1
 93
4
 10
32100.0
 20
-35700.0
 10
33200.0
 20
-35700.0
 10
33200.0
 20
-35500.0
 10
32100.0
 20
-35500.0
 97
0
 75
1
 76
1
 52
0.0
 41
16.0
 77
0
 78
1
 53
45.0
 43
0.0
 44
0.0
 45
-35.9210244848
 46
35.9210244848
 79
0
 98
0
  0
LWPOLYLINE
  5
43C
330
17
100
AcDbEntity
  8
0CONC
100
AcDbPolyline
 90
4
 70
1
 10
38100.0
 20
-35700.0
 10
42800.0
 20
-35700.0
 10
42800.0
 20
-35500.0
 10
38100.0
 20
-35500.0
  0
HATCH
  5
43D
330
17
100
AcDbEntity
  8
해치벽체
 62
8
100
AcDbHatch
 10
0.0
 20
0.0
 30
0.0
210
0.0
220
0.0
230
1.0
  2
ANSI31
 70
0
 71
0
 91
1
 92
3
 72
0
 73
1
 93
4
 10
38100.0
 20
-35700.0
 10
42800.0
 20
-35700.0
 10
42800.0
 20
-35500.0
 10
38100.0
 20
-35500.0
 97
0
 75
1
 76
1
 52
0.0
 41
16.0
 77
0
 78
1
 53
45.0
 43
0.0
 44
0.0
 45
-35.9210244848
 46
35.9210244848
 79
0
 98
0
  0
LWPOLYLINE
  5
43E
330
17
100
AcDbEntity
  8
0CONC
100
AcDbPolyline
 90
4
 70
1
 10
45100.0
 20
-35700.0
 10
45620.0
 20
-35700.0
 10
45620.0
 20
-35500.0
 10
45100.0
 20
-35500.0
  0
HATCH
  5
43F
330
17
100
AcDbEntity
  8
해치벽체
 62
8
100
AcDbHatch
 10
0.0
 20
0.0
 30
0.0
210
0.0
220
0.0
230
1.0
  2
ANSI31
 70
0
 71
0
 91
1
 92
3
 72
0
 73
1
 93
4
 10
45100.0
 20
-35700.0
 10
45620.0
 20
-35700.0
 10
45620.0
 20
-35500.0
 10
45100.0
 20
-35500.0
 97
0
 75
1
 76
1
 52
0.0
 41
16.0
 77
0
 78
1
 53
45.0
 43
0.0
 44
0.0
 45
-35.9210244848
 46
35.9210244848
 79
0
 98
0
  0
LINE
  5
440
330
17
100
AcDbEntity
  8
0WIN
100
AcDbLine
 10
700.0
 20
-35700.0
 30
0.0
 11
7100.0
 21
-35700.0
 31
0.0
  0
LINE
  5
441
330
17
100
AcDbEntity
  8
0WIN
100
AcDbLine
 10
700.0
 20
-35633.333333333336
 30
0.0
 11
7100.0
 21
-35633.333333333336
 31
0.0
  0
LINE
  5
442
330
17
100
AcDbEntity
  8
0WIN
100
AcDbLine
 10
700.0
 20
-35566.66666666667
 30
0.0
 11
7100.0
 21
-35566.66666666667
 31
0.0
  0
LINE
  5
443
330
17
100
AcDbEntity
  8
0WIN
100
AcDbLine
 10
700.0
 20
-35500.0
 30
0.0
 11
7100.0
 21
-35500.0
 31
0.0
  0
LINE
  5
444
330
17
100
AcDbEntity
  8
0WIN
100
AcDbLine
 10
700.0
 20
-35700.0
 30
0.0
 11
700.0
 21
-35500.0
 31
0.0
  0
LINE
  5
445
330
17
100
AcDbEntity
  8
0WIN
100
AcDbLine
 10
7100.0
 20
-35700.0
 30
0.0
 11
7100.0
 21
-35500.0
 31
0.0
  0
LINE
  5
446
330
17
100
AcDbEntity
  8
0WIN
100
AcDbLine
 10
8600.0
 20
-35700.0
 30
0.0
 11
11000.0
 21
-35700.0
 31
0.0
  0
LINE
  5
447
330
17
100
AcDbEntity
  8
0WIN
100
AcDbLine
 10
8600.0
 20
-35633.333333333336
 30
0.0
 11
11000.0
 21
-35633.333333333336
 31
0.0
  0
LINE
  5
448
330
17
100
AcDbEntity
  8
0WIN
100
AcDbLine
 10
8600.0
 20
-35566.66666666667
 30
0.0
 11
11000.0
 21
-35566.66666666667
 31
0.0
  0
LINE
  5
449
330
17
100
AcDbEntity
  8
0WIN
100
AcDbLine
 10
8600.0
 20
-35500.0
 30
0.0
 11
11000.0
 21
-35500.0
 31
0.0
  0
LINE
  5
44A
330
17
100
AcDbEntity
  8
0WIN
100
AcDbLine
 10
8600.0
 20
-35700.0
 30
0.0
 11
8600.0
 21
-35500.0
 31
0.0
  0
LINE
  5
44B
330
17
100
AcDbEntity
  8
0WIN
100
AcDbLine
 10
11000.0
 20
-35700.0
 30
0.0
 11
11000.0
 21
-35500.0
 31
0.0
  0
LINE
  5
44C
330
17
100
AcDbEntity
  8
0WIN
100
AcDbLine
 10
21200.0
 20
-35700.0
 30
0.0
 11
26100.0
 21
-35700.0
 31
0.0
  0
LINE
  5
44D
330
17
100
AcDbEntity
  8
0WIN
100
AcDbLine
 10
21200.0
 20
-35633.333333333336
 30
0.0
 11
26100.0
 21
-35633.333333333336
 31
0.0
  0
LINE
  5
44E
330
17
100
AcDbEntity
  8
0WIN
100
AcDbLine
 10
21200.0
 20
-35566.66666666667
 30
0.0
 11
26100.0
 21
-35566.66666666667
 31
0.0
  0
LINE
  5
44F
330
17
100
AcDbEntity
  8
0WIN
100
AcDbLine
 10
21200.0
 20
-35500.0
 30
0.0
 11
26100.0
 21
-35500.0
 31
0.0
  0
LINE
  5
450
330
17
100
AcDbEntity
  8
0WIN
100
AcDbLine
 10
21200.0
 20
-35700.0
 30
0.0
 11
21200.0
 21
-35500.0
 31
0.0
  0
LINE
  5
451
330
17
100
AcDbEntity
  8
0WIN
100
AcDbLine
 10
26100.0
 20
-35700.0
 30
0.0
 11
26100.0
 21
-35500.0
 31
0.0
  0
LINE
  5
452
330
17
100
AcDbEntity
  8
0WIN
100
AcDbLine
 10
27200.0
 20
-35700.0
 30
0.0
 11
32100.0
 21
-35700.0
 31
0.0
  0
LINE
  5
453
330
17
100
AcDbEntity
  8
0WIN
100
AcDbLine
 10
27200.0
 20
-35633.333333333336
 30
0.0
 11
32100.0
 21
-35633.333333333336
 31
0.0
  0
LINE
  5
454
330
17
100
AcDbEntity
  8
0WIN
100
AcDbLine
 10
27200.0
 20
-35566.66666666667
 30
0.0
 11
32100.0
 21
-35566.66666666667
 31
0.0
  0
LINE
  5
455
330
17
100
AcDbEntity
  8
0WIN
100
AcDbLine
 10
27200.0
 20
-35500.0
 30
0.0
 11
32100.0
 21
-35500.0
 31
0.0
  0
LINE
  5
456
330
17
100
AcDbEntity
  8
0WIN
100
AcDbLine
 10
27200.0
 20
-35700.0
 30
0.0
 11
27200.0
 21
-35500.0
 31
0.0
  0
LINE
  5
457
330
17
100
AcDbEntity
  8
0WIN
100
AcDbLine
 10
32100.0
 20
-35700.0
 30
0.0
 11
32100.0
 21
-35500.0
 31
0.0
  0
LINE
  5
458
330
17
100
AcDbEntity
  8
0WIN
100
AcDbLine
 10
33200.0
 20
-35700.0
 30
0.0
 11
38100.0
 21
-35700.0
 31
0.0
  0
LINE
  5
459
330
17
100
AcDbEntity
  8
0WIN
100
AcDbLine
 10
33200.0
 20
-35633.333333333336
 30
0.0
 11
38100.0
 21
-35633.333333333336
 31
0.0
  0
LINE
  5
45A
330
17
100
AcDbEntity
  8
0WIN
100
AcDbLine
 10
33200.0
 20
-35566.66666666667
 30
0.0
 11
38100.0
 21
-35566.66666666667
 31
0.0
  0
LINE
  5
45B
330
17
100
AcDbEntity
  8
0WIN
100
AcDbLine
 10
33200.0
 20
-35500.0
 30
0.0
 11
38100.0
 21
-35500.0
 31
0.0
  0
LINE
  5
45C
330
17
100
AcDbEntity
  8
0WIN
100
AcDbLine
 10
33200.0
 20
-35700.0
 30
0.0
 11
33200.0
 21
-35500.0
 31
0.0
  0
LINE
  5
45D
330
17
100
AcDbEntity
  8
0WIN
100
AcDbLine
 10
38100.0
 20
-35700.0
 30
0.0
 11
38100.0
 21
-35500.0
 31
0.0
  0
LINE
  5
45E
330
17
100
AcDbEntity
  8
0WIN
100
AcDbLine
 10
42800.0
 20
-35700.0
 30
0.0
 11
45100.0
 21
-35700.0
 31
0.0
  0
LINE
  5
45F
330
17
100
AcDbEntity
  8
0WIN
100
AcDbLine
 10
42800.0
 20
-35633.333333333336
 30
0.0
 11
45100.0
 21
-35633.333333333336
 31
0.0
  0
LINE
  5
460
330
17
100
AcDbEntity
  8
0WIN
100
AcDbLine
 10
42800.0
 20
-35566.66666666667
 30
0.0
 11
45100.0
 21
-35566.66666666667
 31
0.0
  0
LINE
  5
461
330
17
100
AcDbEntity
  8
0WIN
100
AcDbLine
 10
42800.0
 20
-35500.0
 30
0.0
 11
45100.0
 21
-35500.0
 31
0.0
  0
LINE
  5
462
330
17
100
AcDbEntity
  8
0WIN
100
AcDbLine
 10
42800.0
 20
-35700.0
 30
0.0
 11
42800.0
 21
-35500.0
 31
0.0
  0
LINE
  5
463
330
17
100
AcDbEntity
  8
0WIN
100
AcDbLine
 10
45100.0
 20
-35700.0
 30
0.0
 11
45100.0
 21
-35500.0
 31
0.0
  0
LWPOLYLINE
  5
464
330
17
100
AcDbEntity
  8
0CONC
100
AcDbPolyline
 90
4
 70
1
 10
0.0
 20
-44500.0
 10
700.0
 20
-44500.0
 10
700.0
 20
-44300.0
 10
0.0
 20
-44300.0
  0
HATCH
  5
465
330
17
100
AcDbEntity
  8
해치벽체
 62
8
100
AcDbHatch
 10
0.0
 20
0.0
 30
0.0
210
0.0
220
0.0
230
1.0
  2
ANSI31
 70
0
 71
0
 91
1
 92
3
 72
0
 73
1
 93
4
 10
0.0
 20
-44500.0
 10
700.0
 20
-44500.0
 10
700.0
 20
-44300.0
 10
0.0
 20
-44300.0
 97
0
 75
1
 76
1
 52
0.0
 41
16.0
 77
0
 78
1
 53
45.0
 43
0.0
 44
0.0
 45
-35.9210244848
 46
35.9210244848
 79
0
 98
0
  0
LWPOLYLINE
  5
466
330
17
100
AcDbEntity
  8
0CONC
100
AcDbPolyline
 90
4
 70
1
 10
7100.0
 20
-44500.0
 10
12600.0
 20
-44500.0
 10
12600.0
 20
-44300.0
 10
7100.0
 20
-44300.0
  0
HATCH
  5
467
330
17
100
AcDbEntity
  8
해치벽체
 62
8
100
AcDbHatch
 10
0.0
 20
0.0
 30
0.0
210
0.0
220
0.0
230
1.0
  2
ANSI31
 70
0
 71
0
 91
1
 92
3
 72
0
 73
1
 93
4
 10
7100.0
 20
-44500.0
 10
12600.0
 20
-44500.0
 10
12600.0
 20
-44300.0
 10
7100.0
 20
-44300.0
 97
0
 75
1
 76
1
 52
0.0
 41
16.0
 77
0
 78
1
 53
45.0
 43
0.0
 44
0.0
 45
-35.9210244848
 46
35.9210244848
 79
0
 98
0
  0
LWPOLYLINE
  5
468
330
17
100
AcDbEntity
  8
0CONC
100
AcDbPolyline
 90
4
 70
1
 10
17200.0
 20
-44500.0
 10
22200.0
 20
-44500.0
 10
22200.0
 20
-44300.0
 10
17200.0
 20
-44300.0
  0
HATCH
  5
469
330
17
100
AcDbEntity
  8
해치벽체
 62
8
100
AcDbHatch
 10
0.0
 20
0.0
 30
0.0
210
0.0
220
0.0
230
1.0
  2
ANSI31
 70
0
 71
0
 91
1
 92
3
 72
0
 73
1
 93
4
 10
17200.0
 20
-44500.0
 10
22200.0
 20
-44500.0
 10
22200.0
 20
-44300.0
 10
17200.0
 20
-44300.0
 97
0
 75
1
 76
1
 52
0.0
 41
16.0
 77
0
 78
1
 53
45.0
 43
0.0
 44
0.0
 45
-35.9210244848
 46
35.9210244848
 79
0
 98
0
  0
LWPOLYLINE
  5
46A
330
17
100
AcDbEntity
  8
0CONC
100
AcDbPolyline
 90
4
 70
1
 10
29000.0
 20
-44500.0
 10
31320.0
 20
-44500.0
 10
31320.0
 20
-44300.0
 10
29000.0
 20
-44300.0
  0
HATCH
  5
46B
330
17
100
AcDbEntity
  8
해치벽체
 62
8
100
AcDbHatch
 10
0.0
 20
0.0
 30
0.0
210
0.0
220
0.0
230
1.0
  2
ANSI31
 70
0
 71
0
 91
1
 92
3
 72
0
 73
1
 93
4
 10
29000.0
 20
-44500.0
 10
31320.0
 20
-44500.0
 10
31320.0
 20
-44300.0
 10
29000.0
 20
-44300.0
 97
0
 75
1
 76
1
 52
0.0
 41
16.0
 77
0
 78
1
 53
45.0
 43
0.0
 44
0.0
 45
-35.9210244848
 46
35.9210244848
 79
0
 98
0
  0
LINE
  5
46C
330
17
100
AcDbEntity
  8
0WIN
100
AcDbLine
 10
700.0
 20
-44500.0
 30
0.0
 11
7100.0
 21
-44500.0
 31
0.0
  0
LINE
  5
46D
330
17
100
AcDbEntity
  8
0WIN
100
AcDbLine
 10
700.0
 20
-44433.333333333336
 30
0.0
 11
7100.0
 21
-44433.333333333336
 31
0.0
  0
LINE
  5
46E
330
17
100
AcDbEntity
  8
0WIN
100
AcDbLine
 10
700.0
 20
-44366.666666666664
 30
0.0
 11
7100.0
 21
-44366.666666666664
 31
0.0
  0
LINE
  5
46F
330
17
100
AcDbEntity
  8
0WIN
100
AcDbLine
 10
700.0
 20
-44300.0
 30
0.0
 11
7100.0
 21
-44300.0
 31
0.0
  0
LINE
  5
470
330
17
100
AcDbEntity
  8
0WIN
100
AcDbLine
 10
700.0
 20
-44500.0
 30
0.0
 11
700.0
 21
-44300.0
 31
0.0
  0
LINE
  5
471
330
17
100
AcDbEntity
  8
0WIN
100
AcDbLine
 10
7100.0
 20
-44500.0
 30
0.0
 11
7100.0
 21
-44300.0
 31
0.0
  0
LINE
  5
472
330
17
100
AcDbEntity
  8
0WIN
100
AcDbLine
 10
12600.0
 20
-44500.0
 30
0.0
 11
17200.0
 21
-44500.0
 31
0.0
  0
LINE
  5
473
330
17
100
AcDbEntity
  8
0WIN
100
AcDbLine
 10
12600.0
 20
-44433.333333333336
 30
0.0
 11
17200.0
 21
-44433.333333333336
 31
0.0
  0
LINE
  5
474
330
17
100
AcDbEntity
  8
0WIN
100
AcDbLine
 10
12600.0
 20
-44366.666666666664
 30
0.0
 11
17200.0
 21
-44366.666666666664
 31
0.0
  0
LINE
  5
475
330
17
100
AcDbEntity
  8
0WIN
100
AcDbLine
 10
12600.0
 20
-44300.0
 30
0.0
 11
17200.0
 21
-44300.0
 31
0.0
  0
LINE
  5
476
330
17
100
AcDbEntity
  8
0WIN
100
AcDbLine
 10
12600.0
 20
-44500.0
 30
0.0
 11
12600.0
 21
-44300.0
 31
0.0
  0
LINE
  5
477
330
17
100
AcDbEntity
  8
0WIN
100
AcDbLine
 10
17200.0
 20
-44500.0
 30
0.0
 11
17200.0
 21
-44300.0
 31
0.0
  0
LINE
  5
478
330
17
100
AcDbEntity
  8
0WIN
100
AcDbLine
 10
22200.0
 20
-44500.0
 30
0.0
 11
29000.0
 21
-44500.0
 31
0.0
  0
LINE
  5
479
330
17
100
AcDbEntity
  8
0WIN
100
AcDbLine
 10
22200.0
 20
-44433.333333333336
 30
0.0
 11
29000.0
 21
-44433.333333333336
 31
0.0
  0
LINE
  5
47A
330
17
100
AcDbEntity
  8
0WIN
100
AcDbLine
 10
22200.0
 20
-44366.666666666664
 30
0.0
 11
29000.0
 21
-44366.666666666664
 31
0.0
  0
LINE
  5
47B
330
17
100
AcDbEntity
  8
0WIN
100
AcDbLine
 10
22200.0
 20
-44300.0
 30
0.0
 11
29000.0
 21
-44300.0
 31
0.0
  0
LINE
  5
47C
330
17
100
AcDbEntity
  8
0WIN
100
AcDbLine
 10
22200.0
 20
-44500.0
 30
0.0
 11
22200.0
 21
-44300.0
 31
0.0
  0
LINE
  5
47D
330
17
100
AcDbEntity
  8
0WIN
100
AcDbLine
 10
29000.0
 20
-44500.0
 30
0.0
 11
29000.0
 21
-44300.0
 31
0.0
  0
LWPOLYLINE
  5
47E
330
17
100
AcDbEntity
  8
0CONC
100
AcDbPolyline
 90
4
 70
1
 10
42220.0
 20
-44500.0
 10
45620.0
 20
-44500.0
 10
45620.0
 20
-44300.0
 10
42220.0
 20
-44300.0
  0
HATCH
  5
47F
330
17
100
AcDbEntity
  8
해치벽체
 62
8
100
AcDbHatch
 10
0.0
 20
0.0
 30
0.0
210
0.0
220
0.0
230
1.0
  2
ANSI31
 70
0
 71
0
 91
1
 92
3
 72
0
 73
1
 93
4
 10
42220.0
 20
-44500.0
 10
45620.0
 20
-44500.0
 10
45620.0
 20
-44300.0
 10
42220.0
 20
-44300.0
 97
0
 75
1
 76
1
 52
0.0
 41
16.0
 77
0
 78
1
 53
45.0
 43
0.0
 44
0.0
 45
-35.9210244848
 46
35.9210244848
 79
0
 98
0
  0
LWPOLYLINE
  5
480
330
17
100
AcDbEntity
  8
0CONC
100
AcDbPolyline
 90
4
 70
1
 10
0.0
 20
-44500.0
 10
200.0
 20
-44500.0
 10
200.0
 20
-43800.0
 10
0.0
 20
-43800.0
  0
HATCH
  5
481
330
17
100
AcDbEntity
  8
해치벽체
 62
8
100
AcDbHatch
 10
0.0
 20
0.0
 30
0.0
210
0.0
220
0.0
230
1.0
  2
ANSI31
 70
0
 71
0
 91
1
 92
3
 72
0
 73
1
 93
4
 10
0.0
 20
-44500.0
 10
200.0
 20
-44500.0
 10
200.0
 20
-43800.0
 10
0.0
 20
-43800.0
 97
0
 75
1
 76
1
 52
0.0
 41
16.0
 77
0
 78
1
 53
45.0
 43
0.0
 44
0.0
 45
-35.9210244848
 46
35.9210244848
 79
0
 98
0
  0
LWPOLYLINE
  5
482
330
17
100
AcDbEntity
  8
0CONC
100
AcDbPolyline
 90
4
 70
1
 10
0.0
 20
-40600.0
 10
200.0
 20
-40600.0
 10
200.0
 20
-39600.0
 10
0.0
 20
-39600.0
  0
HATCH
  5
483
330
17
100
AcDbEntity
  8
해치벽체
 62
8
100
AcDbHatch
 10
0.0
 20
0.0
 30
0.0
210
0.0
220
0.0
230
1.0
  2
ANSI31
 70
0
 71
0
 91
1
 92
3
 72
0
 73
1
 93
4
 10
0.0
 20
-40600.0
 10
200.0
 20
-40600.0
 10
200.0
 20
-39600.0
 10
0.0
 20
-39600.0
 97
0
 75
1
 76
1
 52
0.0
 41
16.0
 77
0
 78
1
 53
45.0
 43
0.0
 44
0.0
 45
-35.9210244848
 46
35.9210244848
 79
0
 98
0
  0
LWPOLYLINE
  5
484
330
17
100
AcDbEntity
  8
0CONC
100
AcDbPolyline
 90
4
 70
1
 10
0.0
 20
-36200.0
 10
200.0
 20
-36200.0
 10
200.0
 20
-35500.0
 10
0.0
 20
-35500.0
  0
HATCH
  5
485
330
17
100
AcDbEntity
  8
해치벽체
 62
8
100
AcDbHatch
 10
0.0
 20
0.0
 30
0.0
210
0.0
220
0.0
230
1.0
  2
ANSI31
 70
0
 71
0
 91
1
 92
3
 72
0
 73
1
 93
4
 10
0.0
 20
-36200.0
 10
200.0
 20
-36200.0
 10
200.0
 20
-35500.0
 10
0.0
 20
-35500.0
 97
0
 75
1
 76
1
 52
0.0
 41
16.0
 77
0
 78
1
 53
45.0
 43
0.0
 44
0.0
 45
-35.9210244848
 46
35.9210244848
 79
0
 98
0
  0
LINE
  5
486
330
17
100
AcDbEntity
  8
0WIN
100
AcDbLine
 10
0.0
 20
-43800.0
 30
0.0
 11
0.0
 21
-40600.0
 31
0.0
  0
LINE
  5
487
330
17
100
AcDbEntity
  8
0WIN
100
AcDbLine
 10
66.66666666666666
 20
-43800.0
 30
0.0
 11
66.66666666666666
 21
-40600.0
 31
0.0
  0
LINE
  5
488
330
17
100
AcDbEntity
  8
0WIN
100
AcDbLine
 10
133.33333333333331
 20
-43800.0
 30
0.0
 11
133.33333333333331
 21
-40600.0
 31
0.0
  0
LINE
  5
489
330
17
100
AcDbEntity
  8
0WIN
100
AcDbLine
 10
200.0
 20
-43800.0
 30
0.0
 11
200.0
 21
-40600.0
 31
0.0
  0
LINE
  5
48A
330
17
100
AcDbEntity
  8
0WIN
100
AcDbLine
 10
0.0
 20
-43800.0
 30
0.0
 11
200.0
 21
-43800.0
 31
0.0
  0
LINE
  5
48B
330
17
100
AcDbEntity
  8
0WIN
100
AcDbLine
 10
0.0
 20
-40600.0
 30
0.0
 11
200.0
 21
-40600.0
 31
0.0
  0
LINE
  5
48C
330
17
100
AcDbEntity
  8
0WIN
100
AcDbLine
 10
0.0
 20
-39600.0
 30
0.0
 11
0.0
 21
-36200.0
 31
0.0
  0
LINE
  5
48D
330
17
100
AcDbEntity
  8
0WIN
100
AcDbLine
 10
66.66666666666666
 20
-39600.0
 30
0.0
 11
66.66666666666666
 21
-36200.0
 31
0.0
  0
LINE
  5
48E
330
17
100
AcDbEntity
  8
0WIN
100
AcDbLine
 10
133.33333333333331
 20
-39600.0
 30
0.0
 11
133.33333333333331
 21
-36200.0
 31
0.0
  0
LINE
  5
48F
330
17
100
AcDbEntity
  8
0WIN
100
AcDbLine
 10
200.0
 20
-39600.0
 30
0.0
 11
200.0
 21
-36200.0
 31
0.0
  0
LINE
  5
490
330
17
100
AcDbEntity
  8
0WIN
100
AcDbLine
 10
0.0
 20
-39600.0
 30
0.0
 11
200.0
 21
-39600.0
 31
0.0
  0
LINE
  5
491
330
17
100
AcDbEntity
  8
0WIN
100
AcDbLine
 10
0.0
 20
-36200.0
 30
0.0
 11
200.0
 21
-36200.0
 31
0.0
  0
LWPOLYLINE
  5
492
330
17
100
AcDbEntity
  8
0CONC
100
AcDbPolyline
 90
4
 70
1
 10
45420.0
 20
-44500.0
 10
45620.0
 20
-44500.0
 10
45620.0
 20
-35500.0
 10
45420.0
 20
-35500.0
  0
HATCH
  5
493
330
17
100
AcDbEntity
  8
해치벽체
 62
8
100
AcDbHatch
 10
0.0
 20
0.0
 30
0.0
210
0.0
220
0.0
230
1.0
  2
ANSI31
 70
0
 71
0
 91
1
 92
3
 72
0
 73
1
 93
4
 10
45420.0
 20
-44500.0
 10
45620.0
 20
-44500.0
 10
45620.0
 20
-35500.0
 10
45420.0
 20
-35500.0
 97
0
 75
1
 76
1
 52
0.0
 41
16.0
 77
0
 78
1
 53
45.0
 43
0.0
 44
0.0
 45
-35.9210244848
 46
35.9210244848
 79
0
 98
0
  0
LWPOLYLINE
  5
494
330
17
100
AcDbEntity
  8
0CONC
100
AcDbPolyline
 90
4
 70
1
 10
31320.0
 20
-52000.0
 10
31520.0
 20
-52000.0
 10
31520.0
 20
-44500.0
 10
31320.0
 20
-44500.0
  0
HATCH
  5
495
330
17
100
AcDbEntity
  8
해치벽체
 62
8
100
AcDbHatch
 10
0.0
 20
0.0
 30
0.0
210
0.0
220
0.0
230
1.0
  2
ANSI31
 70
0
 71
0
 91
1
 92
3
 72
0
 73
1
 93
4
 10
31320.0
 20
-52000.0
 10
31520.0
 20
-52000.0
 10
31520.0
 20
-44500.0
 10
31320.0
 20
-44500.0
 97
0
 75
1
 76
1
 52
0.0
 41
16.0
 77
0
 78
1
 53
45.0
 43
0.0
 44
0.0
 45
-35.9210244848
 46
35.9210244848
 79
0
 98
0
  0
LWPOLYLINE
  5
496
330
17
100
AcDbEntity
  8
0CONC
100
AcDbPolyline
 90
4
 70
1
 10
42020.0
 20
-52000.0
 10
42220.0
 20
-52000.0
 10
42220.0
 20
-44500.0
 10
42020.0
 20
-44500.0
  0
HATCH
  5
497
330
17
100
AcDbEntity
  8
해치벽체
 62
8
100
AcDbHatch
 10
0.0
 20
0.0
 30
0.0
210
0.0
220
0.0
230
1.0
  2
ANSI31
 70
0
 71
0
 91
1
 92
3
 72
0
 73
1
 93
4
 10
42020.0
 20
-52000.0
 10
42220.0
 20
-52000.0
 10
42220.0
 20
-44500.0
 10
42020.0
 20
-44500.0
 97
0
 75
1
 76
1
 52
0.0
 41
16.0
 77
0
 78
1
 53
45.0
 43
0.0
 44
0.0
 45
-35.9210244848
 46
35.9210244848
 79
0
 98
0
  0
LWPOLYLINE
  5
498
330
17
100
AcDbEntity
  8
0CONC
100
AcDbPolyline
 90
4
 70
1
 10
31320.0
 20
-52000.0
 10
32620.0
 20
-52000.0
 10
32620.0
 20
-51800.0
 10
31320.0
 20
-51800.0
  0
HATCH
  5
499
330
17
100
AcDbEntity
  8
해치벽체
 62
8
100
AcDbHatch
 10
0.0
 20
0.0
 30
0.0
210
0.0
220
0.0
230
1.0
  2
ANSI31
 70
0
 71
0
 91
1
 92
3
 72
0
 73
1
 93
4
 10
31320.0
 20
-52000.0
 10
32620.0
 20
-52000.0
 10
32620.0
 20
-51800.0
 10
31320.0
 20
-51800.0
 97
0
 75
1
 76
1
 52
0.0
 41
16.0
 77
0
 78
1
 53
45.0
 43
0.0
 44
0.0
 45
-35.9210244848
 46
35.9210244848
 79
0
 98
0
  0
LWPOLYLINE
  5
49A
330
17
100
AcDbEntity
  8
0CONC
100
AcDbPolyline
 90
4
 70
1
 10
40920.0
 20
-52000.0
 10
42220.0
 20
-52000.0
 10
42220.0
 20
-51800.0
 10
40920.0
 20
-51800.0
  0
HATCH
  5
49B
330
17
100
AcDbEntity
  8
해치벽체
 62
8
100
AcDbHatch
 10
0.0
 20
0.0
 30
0.0
210
0.0
220
0.0
230
1.0
  2
ANSI31
 70
0
 71
0
 91
1
 92
3
 72
0
 73
1
 93
4
 10
40920.0
 20
-52000.0
 10
42220.0
 20
-52000.0
 10
42220.0
 20
-51800.0
 10
40920.0
 20
-51800.0
 97
0
 75
1
 76
1
 52
0.0
 41
16.0
 77
0
 78
1
 53
45.0
 43
0.0
 44
0.0
 45
-35.9210244848
 46
35.9210244848
 79
0
 98
0
  0
LINE
  5
49C
330
17
100
AcDbEntity
  8
0WIN
100
AcDbLine
 10
32620.0
 20
-52000.0
 30
0.0
 11
40920.0
 21
-52000.0
 31
0.0
  0
LINE
  5
49D
330
17
100
AcDbEntity
  8
0WIN
100
AcDbLine
 10
32620.0
 20
-51933.333333333336
 30
0.0
 11
40920.0
 21
-51933.333333333336
 31
0.0
  0
LINE
  5
49E
330
17
100
AcDbEntity
  8
0WIN
100
AcDbLine
 10
32620.0
 20
-51866.666666666664
 30
0.0
 11
40920.0
 21
-51866.666666666664
 31
0.0
  0
LINE
  5
49F
330
17
100
AcDbEntity
  8
0WIN
100
AcDbLine
 10
32620.0
 20
-51800.0
 30
0.0
 11
40920.0
 21
-51800.0
 31
0.0
  0
LINE
  5
4A0
330
17
100
AcDbEntity
  8
0WIN
100
AcDbLine
 10
32620.0
 20
-52000.0
 30
0.0
 11
32620.0
 21
-51800.0
 31
0.0
  0
LINE
  5
4A1
330
17
100
AcDbEntity
  8
0WIN
100
AcDbLine
 10
40920.0
 20
-52000.0
 30
0.0
 11
40920.0
 21
-51800.0
 31
0.0
  0
LWPOLYLINE
  5
4A2
330
17
100
AcDbEntity
  8
0CONC
100
AcDbPolyline
 90
4
 70
1
 10
38720.0
 20
-43000.0
 10
38920.0
 20
-43000.0
 10
38920.0
 20
-35500.0
 10
38720.0
 20
-35500.0
  0
HATCH
  5
4A3
330
17
100
AcDbEntity
  8
해치벽체
 62
8
100
AcDbHatch
 10
0.0
 20
0.0
 30
0.0
210
0.0
220
0.0
230
1.0
  2
ANSI31
 70
0
 71
0
 91
1
 92
3
 72
0
 73
1
 93
4
 10
38720.0
 20
-43000.0
 10
38920.0
 20
-43000.0
 10
38920.0
 20
-35500.0
 10
38720.0
 20
-35500.0
 97
0
 75
1
 76
1
 52
0.0
 41
16.0
 77
0
 78
1
 53
45.0
 43
0.0
 44
0.0
 45
-35.9210244848
 46
35.9210244848
 79
0
 98
0
  0
LWPOLYLINE
  5
4A4
330
17
100
AcDbEntity
  8
0CONC
100
AcDbPolyline
 90
4
 70
1
 10
42020.0
 20
-43000.0
 10
42220.0
 20
-43000.0
 10
42220.0
 20
-35500.0
 10
42020.0
 20
-35500.0
  0
HATCH
  5
4A5
330
17
100
AcDbEntity
  8
해치벽체
 62
8
100
AcDbHatch
 10
0.0
 20
0.0
 30
0.0
210
0.0
220
0.0
230
1.0
  2
ANSI31
 70
0
 71
0
 91
1
 92
3
 72
0
 73
1
 93
4
 10
42020.0
 20
-43000.0
 10
42220.0
 20
-43000.0
 10
42220.0
 20
-35500.0
 10
42020.0
 20
-35500.0
 97
0
 75
1
 76
1
 52
0.0
 41
16.0
 77
0
 78
1
 53
45.0
 43
0.0
 44
0.0
 45
-35.9210244848
 46
35.9210244848
 79
0
 98
0
  0
LWPOLYLINE
  5
4A6
330
17
100
AcDbEntity
  8
0CONC
100
AcDbPolyline
 90
4
 70
1
 10
38720.0
 20
-43000.0
 10
42220.0
 20
-43000.0
 10
42220.0
 20
-42800.0
 10
38720.0
 20
-42800.0
  0
HATCH
  5
4A7
330
17
100
AcDbEntity
  8
해치벽체
 62
8
100
AcDbHatch
 10
0.0
 20
0.0
 30
0.0
210
0.0
220
0.0
230
1.0
  2
ANSI31
 70
0
 71
0
 91
1
 92
3
 72
0
 73
1
 93
4
 10
38720.0
 20
-43000.0
 10
42220.0
 20
-43000.0
 10
42220.0
 20
-42800.0
 10
38720.0
 20
-42800.0
 97
0
 75
1
 76
1
 52
0.0
 41
16.0
 77
0
 78
1
 53
45.0
 43
0.0
 44
0.0
 45
-35.9210244848
 46
35.9210244848
 79
0
 98
0
  0
LWPOLYLINE
  5
4A8
330
17
100
AcDbEntity
  8
0OTB
100
AcDbPolyline
 90
4
 70
1
 10
38920.0
 20
-42800.0
 10
42020.0
 20
-42800.0
 10
42020.0
 20
-35700.0
 10
38920.0
 20
-35700.0
  0
LINE
  5
4A9
330
17
100
AcDbEntity
  8
0OTB
100
AcDbLine
 10
39620.0
 20
-42800.0
 30
0.0
 11
38920.0
 21
-42100.0
 31
0.0
  0
LINE
  5
4AA
330
17
100
AcDbEntity
  8
0OTB
100
AcDbLine
 10
40320.0
 20
-42800.0
 30
0.0
 11
38920.0
 21
-41400.0
 31
0.0
  0
LINE
  5
4AB
330
17
100
AcDbEntity
  8
0OTB
100
AcDbLine
 10
41020.0
 20
-42800.0
 30
0.0
 11
38920.0
 21
-40700.0
 31
0.0
  0
LINE
  5
4AC
330
17
100
AcDbEntity
  8
0OTB
100
AcDbLine
 10
41720.0
 20
-42800.0
 30
0.0
 11
38920.0
 21
-40000.0
 31
0.0
  0
LINE
  5
4AD
330
17
100
AcDbEntity
  8
0OTB
100
AcDbLine
 10
42020.0
 20
-42400.0
 30
0.0
 11
38920.0
 21
-39300.0
 31
0.0
  0
LINE
  5
4AE
330
17
100
AcDbEntity
  8
0OTB
100
AcDbLine
 10
42020.0
 20
-41700.0
 30
0.0
 11
38920.0
 21
-38600.0
 31
0.0
  0
LINE
  5
4AF
330
17
100
AcDbEntity
  8
0OTB
100
AcDbLine
 10
42020.0
 20
-41000.0
 30
0.0
 11
38920.0
 21
-37900.0
 31
0.0
  0
LINE
  5
4B0
330
17
100
AcDbEntity
  8
0OTB
100
AcDbLine
 10
42020.0
 20
-40300.0
 30
0.0
 11
38920.0
 21
-37200.0
 31
0.0
  0
LINE
  5
4B1
330
17
100
AcDbEntity
  8
0OTB
100
AcDbLine
 10
42020.0
 20
-39600.0
 30
0.0
 11
38920.0
 21
-36500.0
 31
0.0
  0
LINE
  5
4B2
330
17
100
AcDbEntity
  8
0OTB
100
AcDbLine
 10
42020.0
 20
-38900.0
 30
0.0
 11
38920.0
 21
-35800.0
 31
0.0
  0
LINE
  5
4B3
330
17
100
AcDbEntity
  8
0OTB
100
AcDbLine
 10
42020.0
 20
-38200.0
 30
0.0
 11
39520.0
 21
-35700.0
 31
0.0
  0
LINE
  5
4B4
330
17
100
AcDbEntity
  8
0OTB
100
AcDbLine
 10
42020.0
 20
-37500.0
 30
0.0
 11
40220.0
 21
-35700.0
 31
0.0
  0
LINE
  5
4B5
330
17
100
AcDbEntity
  8
0OTB
100
AcDbLine
 10
42020.0
 20
-36800.0
 30
0.0
 11
40920.0
 21
-35700.0
 31
0.0
  0
TEXT
  5
4B6
330
17
100
AcDbEntity
  8
0TEXT
 62
9
100
AcDbText
 10
40470.0
 20
-39250.0
 30
0.0
 40
215.0
  1
창고 상부(보이드)
  7
KOR
 72
1
 11
40470.0
 21
-39250.0
 31
0.0
100
AcDbText
 73
2
  0
LWPOLYLINE
  5
4B7
330
17
100
AcDbEntity
  8
0CONC
100
AcDbPolyline
 90
4
 70
1
 10
11570.0
 20
-41800.0
 10
18170.0
 20
-41800.0
 10
18170.0
 20
-41600.0
 10
11570.0
 20
-41600.0
  0
HATCH
  5
4B8
330
17
100
AcDbEntity
  8
해치벽체
 62
8
100
AcDbHatch
 10
0.0
 20
0.0
 30
0.0
210
0.0
220
0.0
230
1.0
  2
ANSI31
 70
0
 71
0
 91
1
 92
3
 72
0
 73
1
 93
4
 10
11570.0
 20
-41800.0
 10
18170.0
 20
-41800.0
 10
18170.0
 20
-41600.0
 10
11570.0
 20
-41600.0
 97
0
 75
1
 76
1
 52
0.0
 41
16.0
 77
0
 78
1
 53
45.0
 43
0.0
 44
0.0
 45
-35.9210244848
 46
35.9210244848
 79
0
 98
0
  0
LWPOLYLINE
  5
4B9
330
17
100
AcDbEntity
  8
0CONC
100
AcDbPolyline
 90
4
 70
1
 10
11570.0
 20
-41800.0
 10
11770.0
 20
-41800.0
 10
11770.0
 20
-35500.0
 10
11570.0
 20
-35500.0
  0
HATCH
  5
4BA
330
17
100
AcDbEntity
  8
해치벽체
 62
8
100
AcDbHatch
 10
0.0
 20
0.0
 30
0.0
210
0.0
220
0.0
230
1.0
  2
ANSI31
 70
0
 71
0
 91
1
 92
3
 72
0
 73
1
 93
4
 10
11570.0
 20
-41800.0
 10
11770.0
 20
-41800.0
 10
11770.0
 20
-35500.0
 10
11570.0
 20
-35500.0
 97
0
 75
1
 76
1
 52
0.0
 41
16.0
 77
0
 78
1
 53
45.0
 43
0.0
 44
0.0
 45
-35.9210244848
 46
35.9210244848
 79
0
 98
0
  0
LWPOLYLINE
  5
4BB
330
17
100
AcDbEntity
  8
0CONC
100
AcDbPolyline
 90
4
 70
1
 10
17970.0
 20
-41800.0
 10
18170.0
 20
-41800.0
 10
18170.0
 20
-35500.0
 10
17970.0
 20
-35500.0
  0
HATCH
  5
4BC
330
17
100
AcDbEntity
  8
해치벽체
 62
8
100
AcDbHatch
 10
0.0
 20
0.0
 30
0.0
210
0.0
220
0.0
230
1.0
  2
ANSI31
 70
0
 71
0
 91
1
 92
3
 72
0
 73
1
 93
4
 10
17970.0
 20
-41800.0
 10
18170.0
 20
-41800.0
 10
18170.0
 20
-35500.0
 10
17970.0
 20
-35500.0
 97
0
 75
1
 76
1
 52
0.0
 41
16.0
 77
0
 78
1
 53
45.0
 43
0.0
 44
0.0
 45
-35.9210244848
 46
35.9210244848
 79
0
 98
0
  0
LWPOLYLINE
  5
4BD
330
17
100
AcDbEntity
  8
0CONC
100
AcDbPolyline
 90
4
 70
1
 10
14570.0
 20
-41600.0
 10
14770.0
 20
-41600.0
 10
14770.0
 20
-35500.0
 10
14570.0
 20
-35500.0
  0
HATCH
  5
4BE
330
17
100
AcDbEntity
  8
해치벽체
 62
8
100
AcDbHatch
 10
0.0
 20
0.0
 30
0.0
210
0.0
220
0.0
230
1.0
  2
ANSI31
 70
0
 71
0
 91
1
 92
3
 72
0
 73
1
 93
4
 10
14570.0
 20
-41600.0
 10
14770.0
 20
-41600.0
 10
14770.0
 20
-35500.0
 10
14570.0
 20
-35500.0
 97
0
 75
1
 76
1
 52
0.0
 41
16.0
 77
0
 78
1
 53
45.0
 43
0.0
 44
0.0
 45
-35.9210244848
 46
35.9210244848
 79
0
 98
0
  0
LWPOLYLINE
  5
4BF
330
17
100
AcDbEntity
  8
FUR
100
AcDbPolyline
 90
4
 70
1
 10
11970.0
 20
-41350.0
 10
14370.0
 20
-41350.0
 10
14370.0
 20
-39050.0
 10
11970.0
 20
-39050.0
  0
LINE
  5
4C0
330
17
100
AcDbEntity
  8
FUR
100
AcDbLine
 10
11970.0
 20
-41350.0
 30
0.0
 11
14370.0
 21
-39050.0
 31
0.0
  0
LINE
  5
4C1
330
17
100
AcDbEntity
  8
FUR
100
AcDbLine
 10
11970.0
 20
-39050.0
 30
0.0
 11
14370.0
 21
-41350.0
 31
0.0
  0
TEXT
  5
4C2
330
17
100
AcDbEntity
  8
0TEXT
100
AcDbText
 10
13170.0
 20
-40200.0
 30
0.0
 40
270.0
  1
EV
  7
KOR
 72
1
 11
13170.0
 21
-40200.0
 31
0.0
100
AcDbText
 73
2
  0
LWPOLYLINE
  5
4C3
330
17
100
AcDbEntity
  8
FUR
100
AcDbPolyline
 90
4
 70
1
 10
11970.0
 20
-38750.0
 10
14370.0
 20
-38750.0
 10
14370.0
 20
-36450.0
 10
11970.0
 20
-36450.0
  0
LINE
  5
4C4
330
17
100
AcDbEntity
  8
FUR
100
AcDbLine
 10
11970.0
 20
-38750.0
 30
0.0
 11
14370.0
 21
-36450.0
 31
0.0
  0
LINE
  5
4C5
330
17
100
AcDbEntity
  8
FUR
100
AcDbLine
 10
11970.0
 20
-36450.0
 30
0.0
 11
14370.0
 21
-38750.0
 31
0.0
  0
TEXT
  5
4C6
330
17
100
AcDbEntity
  8
0TEXT
100
AcDbText
 10
13170.0
 20
-37600.0
 30
0.0
 40
270.0
  1
EV
  7
KOR
 72
1
 11
13170.0
 21
-37600.0
 31
0.0
100
AcDbText
 73
2
  0
LWPOLYLINE
  5
4C7
330
17
100
AcDbEntity
  8
STAIR
100
AcDbPolyline
 90
4
 70
1
 10
14970.0
 20
-41350.0
 10
17770.0
 20
-41350.0
 10
17770.0
 20
-36450.0
 10
14970.0
 20
-36450.0
  0
LINE
  5
4C8
330
17
100
AcDbEntity
  8
STAIR
100
AcDbLine
 10
14970.0
 20
-40860.0
 30
0.0
 11
17770.0
 21
-40860.0
 31
0.0
  0
LINE
  5
4C9
330
17
100
AcDbEntity
  8
STAIR
100
AcDbLine
 10
14970.0
 20
-40370.0
 30
0.0
 11
17770.0
 21
-40370.0
 31
0.0
  0
LINE
  5
4CA
330
17
100
AcDbEntity
  8
STAIR
100
AcDbLine
 10
14970.0
 20
-39880.0
 30
0.0
 11
17770.0
 21
-39880.0
 31
0.0
  0
LINE
  5
4CB
330
17
100
AcDbEntity
  8
STAIR
100
AcDbLine
 10
14970.0
 20
-39390.0
 30
0.0
 11
17770.0
 21
-39390.0
 31
0.0
  0
LINE
  5
4CC
330
17
100
AcDbEntity
  8
STAIR
100
AcDbLine
 10
14970.0
 20
-38900.0
 30
0.0
 11
17770.0
 21
-38900.0
 31
0.0
  0
LINE
  5
4CD
330
17
100
AcDbEntity
  8
STAIR
100
AcDbLine
 10
14970.0
 20
-38410.0
 30
0.0
 11
17770.0
 21
-38410.0
 31
0.0
  0
LINE
  5
4CE
330
17
100
AcDbEntity
  8
STAIR
100
AcDbLine
 10
14970.0
 20
-37920.0
 30
0.0
 11
17770.0
 21
-37920.0
 31
0.0
  0
LINE
  5
4CF
330
17
100
AcDbEntity
  8
STAIR
100
AcDbLine
 10
14970.0
 20
-37430.0
 30
0.0
 11
17770.0
 21
-37430.0
 31
0.0
  0
LINE
  5
4D0
330
17
100
AcDbEntity
  8
STAIR
100
AcDbLine
 10
14970.0
 20
-36940.0
 30
0.0
 11
17770.0
 21
-36940.0
 31
0.0
  0
TEXT
  5
4D1
330
17
100
AcDbEntity
  8
0TEXT
100
AcDbText
 10
16470.0
 20
-36000.0
 30
0.0
 40
215.0
  1
계단실 1
  7
KOR
 72
1
 11
16470.0
 21
-36000.0
 31
0.0
100
AcDbText
 73
2
  0
LWPOLYLINE
  5
4D2
330
17
100
AcDbEntity
  8
0CONC
100
AcDbPolyline
 90
4
 70
1
 10
42220.0
 20
-44500.0
 10
42420.0
 20
-44500.0
 10
42420.0
 20
-35500.0
 10
42220.0
 20
-35500.0
  0
HATCH
  5
4D3
330
17
100
AcDbEntity
  8
해치벽체
 62
8
100
AcDbHatch
 10
0.0
 20
0.0
 30
0.0
210
0.0
220
0.0
230
1.0
  2
ANSI31
 70
0
 71
0
 91
1
 92
3
 72
0
 73
1
 93
4
 10
42220.0
 20
-44500.0
 10
42420.0
 20
-44500.0
 10
42420.0
 20
-35500.0
 10
42220.0
 20
-35500.0
 97
0
 75
1
 76
1
 52
0.0
 41
16.0
 77
0
 78
1
 53
45.0
 43
0.0
 44
0.0
 45
-35.9210244848
 46
35.9210244848
 79
0
 98
0
  0
LWPOLYLINE
  5
4D4
330
17
100
AcDbEntity
  8
STAIR
100
AcDbPolyline
 90
4
 70
1
 10
42820.0
 20
-43500.0
 10
45120.0
 20
-43500.0
 10
45120.0
 20
-36500.0
 10
42820.0
 20
-36500.0
  0
LINE
  5
4D5
330
17
100
AcDbEntity
  8
STAIR
100
AcDbLine
 10
42820.0
 20
-42800.0
 30
0.0
 11
45120.0
 21
-42800.0
 31
0.0
  0
LINE
  5
4D6
330
17
100
AcDbEntity
  8
STAIR
100
AcDbLine
 10
42820.0
 20
-42100.0
 30
0.0
 11
45120.0
 21
-42100.0
 31
0.0
  0
LINE
  5
4D7
330
17
100
AcDbEntity
  8
STAIR
100
AcDbLine
 10
42820.0
 20
-41400.0
 30
0.0
 11
45120.0
 21
-41400.0
 31
0.0
  0
LINE
  5
4D8
330
17
100
AcDbEntity
  8
STAIR
100
AcDbLine
 10
42820.0
 20
-40700.0
 30
0.0
 11
45120.0
 21
-40700.0
 31
0.0
  0
LINE
  5
4D9
330
17
100
AcDbEntity
  8
STAIR
100
AcDbLine
 10
42820.0
 20
-40000.0
 30
0.0
 11
45120.0
 21
-40000.0
 31
0.0
  0
LINE
  5
4DA
330
17
100
AcDbEntity
  8
STAIR
100
AcDbLine
 10
42820.0
 20
-39300.0
 30
0.0
 11
45120.0
 21
-39300.0
 31
0.0
  0
LINE
  5
4DB
330
17
100
AcDbEntity
  8
STAIR
100
AcDbLine
 10
42820.0
 20
-38600.0
 30
0.0
 11
45120.0
 21
-38600.0
 31
0.0
  0
LINE
  5
4DC
330
17
100
AcDbEntity
  8
STAIR
100
AcDbLine
 10
42820.0
 20
-37900.0
 30
0.0
 11
45120.0
 21
-37900.0
 31
0.0
  0
LINE
  5
4DD
330
17
100
AcDbEntity
  8
STAIR
100
AcDbLine
 10
42820.0
 20
-37200.0
 30
0.0
 11
45120.0
 21
-37200.0
 31
0.0
  0
TEXT
  5
4DE
330
17
100
AcDbEntity
  8
0TEXT
100
AcDbText
 10
43920.0
 20
-43900.0
 30
0.0
 40
215.0
  1
계단실 2
  7
KOR
 72
1
 11
43920.0
 21
-43900.0
 31
0.0
100
AcDbText
 73
2
  0
TEXT
  5
4DF
330
17
100
AcDbEntity
  8
0TEXT
 62
9
100
AcDbText
 10
24800.0
 20
-43740.0
 30
0.0
 40
260.0
  1
복    도    (유효 1.5m)
  7
KOR
 72
1
 11
24800.0
 21
-43740.0
 31
0.0
100
AcDbText
 73
2
  0
LWPOLYLINE
  5
4E0
330
17
100
AcDbEntity
  8
0CONC
100
AcDbPolyline
 90
4
 70
1
 10
7701.0
 20
-44500.0
 10
7901.0
 20
-44500.0
 10
7901.0
 20
-35500.0
 10
7701.0
 20
-35500.0
  0
HATCH
  5
4E1
330
17
100
AcDbEntity
  8
해치벽체
 62
8
100
AcDbHatch
 10
0.0
 20
0.0
 30
0.0
210
0.0
220
0.0
230
1.0
  2
ANSI31
 70
0
 71
0
 91
1
 92
3
 72
0
 73
1
 93
4
 10
7701.0
 20
-44500.0
 10
7901.0
 20
-44500.0
 10
7901.0
 20
-35500.0
 10
7701.0
 20
-35500.0
 97
0
 75
1
 76
1
 52
0.0
 41
16.0
 77
0
 78
1
 53
45.0
 43
0.0
 44
0.0
 45
-35.9210244848
 46
35.9210244848
 79
0
 98
0
  0
LWPOLYLINE
  5
4E2
330
17
100
AcDbEntity
  8
0CONC
100
AcDbPolyline
 90
4
 70
1
 10
200.0
 20
-40200.0
 10
7701.0
 20
-40200.0
 10
7701.0
 20
-40100.0
 10
200.0
 20
-40100.0
  0
HATCH
  5
4E3
330
17
100
AcDbEntity
  8
해치벽체
 62
8
100
AcDbHatch
 10
0.0
 20
0.0
 30
0.0
210
0.0
220
0.0
230
1.0
  2
ANSI31
 70
0
 71
0
 91
1
 92
3
 72
0
 73
1
 93
4
 10
200.0
 20
-40200.0
 10
7701.0
 20
-40200.0
 10
7701.0
 20
-40100.0
 10
200.0
 20
-40100.0
 97
0
 75
1
 76
1
 52
0.0
 41
16.0
 77
0
 78
1
 53
45.0
 43
0.0
 44
0.0
 45
-35.9210244848
 46
35.9210244848
 79
0
 98
0
  0
LINE
  5
4E4
330
17
100
AcDbEntity
  8
DOOR
100
AcDbLine
 10
7701.0
 20
-39800.0
 30
0.0
 11
6801.0
 21
-39800.0
 31
0.0
  0
ARC
  5
4E5
330
17
100
AcDbEntity
  8
DOOR
100
AcDbCircle
 10
7701.0
 20
-39800.0
 30
0.0
 40
900.0
100
AcDbArc
 50
90.0
 51
180.0
  0
LWPOLYLINE
  5
4E6
330
17
100
AcDbEntity
  8
0CONC
100
AcDbPolyline
 90
4
 70
1
 10
5301.0
 20
-38600.0
 10
7701.0
 20
-38600.0
 10
7701.0
 20
-38500.0
 10
5301.0
 20
-38500.0
  0
HATCH
  5
4E7
330
17
100
AcDbEntity
  8
해치벽체
 62
8
100
AcDbHatch
 10
0.0
 20
0.0
 30
0.0
210
0.0
220
0.0
230
1.0
  2
ANSI31
 70
0
 71
0
 91
1
 92
3
 72
0
 73
1
 93
4
 10
5301.0
 20
-38600.0
 10
7701.0
 20
-38600.0
 10
7701.0
 20
-38500.0
 10
5301.0
 20
-38500.0
 97
0
 75
1
 76
1
 52
0.0
 41
16.0
 77
0
 78
1
 53
45.0
 43
0.0
 44
0.0
 45
-35.9210244848
 46
35.9210244848
 79
0
 98
0
  0
LWPOLYLINE
  5
4E8
330
17
100
AcDbEntity
  8
0CONC
100
AcDbPolyline
 90
4
 70
1
 10
5301.0
 20
-38500.0
 10
5401.0
 20
-38500.0
 10
5401.0
 20
-35700.0
 10
5301.0
 20
-35700.0
  0
HATCH
  5
4E9
330
17
100
AcDbEntity
  8
해치벽체
 62
8
100
AcDbHatch
 10
0.0
 20
0.0
 30
0.0
210
0.0
220
0.0
230
1.0
  2
ANSI31
 70
0
 71
0
 91
1
 92
3
 72
0
 73
1
 93
4
 10
5301.0
 20
-38500.0
 10
5401.0
 20
-38500.0
 10
5401.0
 20
-35700.0
 10
5301.0
 20
-35700.0
 97
0
 75
1
 76
1
 52
0.0
 41
16.0
 77
0
 78
1
 53
45.0
 43
0.0
 44
0.0
 45
-35.9210244848
 46
35.9210244848
 79
0
 98
0
  0
LINE
  5
4EA
330
17
100
AcDbEntity
  8
DOOR
100
AcDbLine
 10
6151.0
 20
-38500.0
 30
0.0
 11
6151.0
 21
-37700.0
 31
0.0
  0
ARC
  5
4EB
330
17
100
AcDbEntity
  8
DOOR
100
AcDbCircle
 10
6151.0
 20
-38500.0
 30
0.0
 40
800.0
100
AcDbArc
 50
90.0
 51
180.0
  0
LWPOLYLINE
  5
4EC
330
17
100
AcDbEntity
  8
TOIL
100
AcDbPolyline
 90
4
 70
1
 10
6901.0
 20
-38350.0
 10
7551.0
 20
-38350.0
 10
7551.0
 20
-37200.0
 10
6901.0
 20
-37200.0
  0
ELLIPSE
  5
4ED
330
17
100
AcDbEntity
  8
TOIL
100
AcDbEllipse
 10
7226.0
 20
-37775.0
 30
0.0
 11
0.0
 21
230.0
 31
0.0
 40
0.717391304347826
 41
0.0
 42
6.283185307179586
  0
CIRCLE
  5
4EE
330
17
100
AcDbEntity
  8
TOIL
100
AcDbCircle
 10
7476.0
 20
-37775.0
 30
0.0
 40
38.0
  0
LWPOLYLINE
  5
4EF
330
17
100
AcDbEntity
  8
TOIL
100
AcDbPolyline
 90
4
 70
1
 10
7331.0
 20
-37000.0
 10
7551.0
 20
-37000.0
 10
7551.0
 20
-36600.0
 10
7331.0
 20
-36600.0
  0
ELLIPSE
  5
4F0
330
17
100
AcDbEntity
  8
TOIL
100
AcDbEllipse
 10
7031.0
 20
-36800.0
 30
0.0
 11
270.0
 21
0.0
 31
0.0
 40
0.7592592592592593
 41
0.0
 42
6.283185307179586
  0
LWPOLYLINE
  5
4F1
330
17
100
AcDbEntity
  8
TOIL
100
AcDbPolyline
 90
4
 70
1
 10
5421.0
 20
-36800.0
 10
6501.0
 20
-36800.0
 10
6501.0
 20
-35820.0
 10
5421.0
 20
-35820.0
  0
LINE
  5
4F2
330
17
100
AcDbEntity
  8
TOIL
100
AcDbLine
 10
6501.0
 20
-36800.0
 30
0.0
 11
5421.0
 21
-35820.0
 31
0.0
  0
LINE
  5
4F3
330
17
100
AcDbEntity
  8
TOIL
100
AcDbLine
 10
5421.0
 20
-36800.0
 30
0.0
 11
6501.0
 21
-35820.0
 31
0.0
  0
TEXT
  5
4F4
330
17
100
AcDbEntity
  8
0TEXT
100
AcDbText
 10
5951.0
 20
-37800.0
 30
0.0
 40
195.0
  1
욕실
  7
KOR
 72
1
 11
5951.0
 21
-37800.0
 31
0.0
100
AcDbText
 73
2
  0
TEXT
  5
4F5
330
17
100
AcDbEntity
  8
0TEXT
100
AcDbText
 10
4446.0
 20
-37900.0
 30
0.0
 40
225.0
  1
디럭스룸 34타입
 50
90.0
  7
KOR
 72
1
 11
4446.0
 21
-37900.0
 31
0.0
100
AcDbText
 73
2
  0
TEXT
  5
4F6
330
17
100
AcDbEntity
  8
0TEXT
 62
9
100
AcDbText
 10
4836.0
 20
-37900.0
 30
0.0
 40
185.0
  1
34.6 m²
 50
90.0
  7
KOR
 72
1
 11
4836.0
 21
-37900.0
 31
0.0
100
AcDbText
 73
2
  0
LWPOLYLINE
  5
4F7
330
17
100
AcDbEntity
  8
STAIR
100
AcDbPolyline
 90
4
 70
1
 10
2801.0
 20
-39980.0
 10
4001.0
 20
-39980.0
 10
4001.0
 20
-39380.0
 10
2801.0
 20
-39380.0
  0
LINE
  5
4F8
330
17
100
AcDbEntity
  8
STAIR
100
AcDbLine
 10
3701.0
 20
-39980.0
 30
0.0
 11
3701.0
 21
-39380.0
 31
0.0
  0
LINE
  5
4F9
330
17
100
AcDbEntity
  8
STAIR
100
AcDbLine
 10
3401.0
 20
-39980.0
 30
0.0
 11
3401.0
 21
-39380.0
 31
0.0
  0
LINE
  5
4FA
330
17
100
AcDbEntity
  8
STAIR
100
AcDbLine
 10
3101.0
 20
-39980.0
 30
0.0
 11
3101.0
 21
-39380.0
 31
0.0
  0
TEXT
  5
4FB
330
17
100
AcDbEntity
  8
0TEXT
 62
9
100
AcDbText
 10
4331.0
 20
-39680.0
 30
0.0
 40
165.0
  1
사다리 UP
  7
KOR
 72
1
 11
4331.0
 21
-39680.0
 31
0.0
100
AcDbText
 73
2
  0
LWPOLYLINE
  5
4FC
330
17
100
AcDbEntity
  8
0OTB
100
AcDbPolyline
 90
4
 70
1
 10
320.0
 20
-39200.0
 10
4201.0
 20
-39200.0
 10
4201.0
 20
-35820.0
 10
320.0
 20
-35820.0
  0
LINE
  5
4FD
330
17
100
AcDbEntity
  8
0OTB
100
AcDbLine
 10
1020.0
 20
-39200.0
 30
0.0
 11
320.0
 21
-38500.0
 31
0.0
  0
LINE
  5
4FE
330
17
100
AcDbEntity
  8
0OTB
100
AcDbLine
 10
1720.0
 20
-39200.0
 30
0.0
 11
320.0
 21
-37800.0
 31
0.0
  0
LINE
  5
4FF
330
17
100
AcDbEntity
  8
0OTB
100
AcDbLine
 10
2420.0
 20
-39200.0
 30
0.0
 11
320.0
 21
-37100.0
 31
0.0
  0
LINE
  5
500
330
17
100
AcDbEntity
  8
0OTB
100
AcDbLine
 10
3120.0
 20
-39200.0
 30
0.0
 11
320.0
 21
-36400.0
 31
0.0
  0
LINE
  5
501
330
17
100
AcDbEntity
  8
0OTB
100
AcDbLine
 10
3820.0
 20
-39200.0
 30
0.0
 11
440.0
 21
-35820.0
 31
0.0
  0
LINE
  5
502
330
17
100
AcDbEntity
  8
0OTB
100
AcDbLine
 10
4201.0
 20
-38881.0
 30
0.0
 11
1140.0
 21
-35820.0
 31
0.0
  0
LINE
  5
503
330
17
100
AcDbEntity
  8
0OTB
100
AcDbLine
 10
4201.0
 20
-38181.0
 30
0.0
 11
1840.0
 21
-35820.0
 31
0.0
  0
LINE
  5
504
330
17
100
AcDbEntity
  8
0OTB
100
AcDbLine
 10
4201.0
 20
-37481.0
 30
0.0
 11
2540.0
 21
-35820.0
 31
0.0
  0
LINE
  5
505
330
17
100
AcDbEntity
  8
0OTB
100
AcDbLine
 10
4201.0
 20
-36781.0
 30
0.0
 11
3240.0
 21
-35820.0
 31
0.0
  0
TEXT
  5
506
330
17
100
AcDbEntity
  8
0TEXT
 62
9
100
AcDbText
 10
1351.0
 20
-38350.0
 30
0.0
 40
185.0
  1
상부 2층침대 (로프트)
  7
KOR
 72
1
 11
1351.0
 21
-38350.0
 31
0.0
100
AcDbText
 73
2
  0
LWPOLYLINE
  5
507
330
17
100
AcDbEntity
  8
FUR
100
AcDbPolyline
 90
4
 70
1
 10
2701.0
 20
-37700.0
 10
4101.0
 20
-37700.0
 10
4101.0
 20
-35820.0
 10
2701.0
 20
-35820.0
  0
LWPOLYLINE
  5
508
330
17
100
AcDbEntity
  8
FUR
100
AcDbPolyline
 90
4
 70
1
 10
2701.0
 20
-35970.0
 10
4101.0
 20
-35970.0
 10
4101.0
 20
-35820.0
 10
2701.0
 20
-35820.0
  0
CIRCLE
  5
509
330
17
100
AcDbEntity
  8
FUR
100
AcDbCircle
 10
3401.0
 20
-38400.0
 30
0.0
 40
320.0
  0
LWPOLYLINE
  5
50A
330
17
100
AcDbEntity
  8
FUR
100
AcDbPolyline
 90
4
 70
1
 10
1001.0
 20
-39980.0
 10
2301.0
 20
-39980.0
 10
2301.0
 20
-39480.0
 10
1001.0
 20
-39480.0
  0
LWPOLYLINE
  5
50B
330
17
100
AcDbEntity
  8
FUR
100
AcDbPolyline
 90
4
 70
1
 10
1181.0
 20
-39590.0
 10
2121.0
 20
-39590.0
 10
2121.0
 20
-39520.0
 10
1181.0
 20
-39520.0
  0
LWPOLYLINE
  5
50C
330
17
100
AcDbEntity
  8
FUR
100
AcDbPolyline
 90
4
 70
1
 10
901.0
 20
-37600.0
 10
1601.0
 20
-37600.0
 10
1601.0
 20
-35820.0
 10
901.0
 20
-35820.0
  0
LWPOLYLINE
  5
50D
330
17
100
AcDbEntity
  8
FUR
100
AcDbPolyline
 90
4
 70
1
 10
1701.0
 20
-37000.0
 10
2201.0
 20
-37000.0
 10
2201.0
 20
-36500.0
 10
1701.0
 20
-36500.0
  0
LINE
  5
50E
330
17
100
AcDbEntity
  8
DOOR
100
AcDbLine
 10
7701.0
 20
-44000.0
 30
0.0
 11
6801.0
 21
-44000.0
 31
0.0
  0
ARC
  5
50F
330
17
100
AcDbEntity
  8
DOOR
100
AcDbCircle
 10
7701.0
 20
-44000.0
 30
0.0
 40
900.0
100
AcDbArc
 50
90.0
 51
180.0
  0
LWPOLYLINE
  5
510
330
17
100
AcDbEntity
  8
0CONC
100
AcDbPolyline
 90
4
 70
1
 10
5301.0
 20
-42800.0
 10
7701.0
 20
-42800.0
 10
7701.0
 20
-42700.0
 10
5301.0
 20
-42700.0
  0
HATCH
  5
511
330
17
100
AcDbEntity
  8
해치벽체
 62
8
100
AcDbHatch
 10
0.0
 20
0.0
 30
0.0
210
0.0
220
0.0
230
1.0
  2
ANSI31
 70
0
 71
0
 91
1
 92
3
 72
0
 73
1
 93
4
 10
5301.0
 20
-42800.0
 10
7701.0
 20
-42800.0
 10
7701.0
 20
-42700.0
 10
5301.0
 20
-42700.0
 97
0
 75
1
 76
1
 52
0.0
 41
16.0
 77
0
 78
1
 53
45.0
 43
0.0
 44
0.0
 45
-35.9210244848
 46
35.9210244848
 79
0
 98
0
  0
LWPOLYLINE
  5
512
330
17
100
AcDbEntity
  8
0CONC
100
AcDbPolyline
 90
4
 70
1
 10
5301.0
 20
-42700.0
 10
5401.0
 20
-42700.0
 10
5401.0
 20
-40200.0
 10
5301.0
 20
-40200.0
  0
HATCH
  5
513
330
17
100
AcDbEntity
  8
해치벽체
 62
8
100
AcDbHatch
 10
0.0
 20
0.0
 30
0.0
210
0.0
220
0.0
230
1.0
  2
ANSI31
 70
0
 71
0
 91
1
 92
3
 72
0
 73
1
 93
4
 10
5301.0
 20
-42700.0
 10
5401.0
 20
-42700.0
 10
5401.0
 20
-40200.0
 10
5301.0
 20
-40200.0
 97
0
 75
1
 76
1
 52
0.0
 41
16.0
 77
0
 78
1
 53
45.0
 43
0.0
 44
0.0
 45
-35.9210244848
 46
35.9210244848
 79
0
 98
0
  0
LINE
  5
514
330
17
100
AcDbEntity
  8
DOOR
100
AcDbLine
 10
6151.0
 20
-42700.0
 30
0.0
 11
6151.0
 21
-41900.0
 31
0.0
  0
ARC
  5
515
330
17
100
AcDbEntity
  8
DOOR
100
AcDbCircle
 10
6151.0
 20
-42700.0
 30
0.0
 40
800.0
100
AcDbArc
 50
90.0
 51
180.0
  0
LWPOLYLINE
  5
516
330
17
100
AcDbEntity
  8
TOIL
100
AcDbPolyline
 90
4
 70
1
 10
6901.0
 20
-42550.0
 10
7551.0
 20
-42550.0
 10
7551.0
 20
-41400.0
 10
6901.0
 20
-41400.0
  0
ELLIPSE
  5
517
330
17
100
AcDbEntity
  8
TOIL
100
AcDbEllipse
 10
7226.0
 20
-41975.0
 30
0.0
 11
0.0
 21
230.0
 31
0.0
 40
0.717391304347826
 41
0.0
 42
6.283185307179586
  0
CIRCLE
  5
518
330
17
100
AcDbEntity
  8
TOIL
100
AcDbCircle
 10
7476.0
 20
-41975.0
 30
0.0
 40
38.0
  0
LWPOLYLINE
  5
519
330
17
100
AcDbEntity
  8
TOIL
100
AcDbPolyline
 90
4
 70
1
 10
7331.0
 20
-41200.0
 10
7551.0
 20
-41200.0
 10
7551.0
 20
-40800.0
 10
7331.0
 20
-40800.0
  0
ELLIPSE
  5
51A
330
17
100
AcDbEntity
  8
TOIL
100
AcDbEllipse
 10
7031.0
 20
-41000.0
 30
0.0
 11
270.0
 21
0.0
 31
0.0
 40
0.7592592592592593
 41
0.0
 42
6.283185307179586
  0
LWPOLYLINE
  5
51B
330
17
100
AcDbEntity
  8
TOIL
100
AcDbPolyline
 90
4
 70
1
 10
5421.0
 20
-41300.0
 10
6501.0
 20
-41300.0
 10
6501.0
 20
-40320.0
 10
5421.0
 20
-40320.0
  0
LINE
  5
51C
330
17
100
AcDbEntity
  8
TOIL
100
AcDbLine
 10
6501.0
 20
-41300.0
 30
0.0
 11
5421.0
 21
-40320.0
 31
0.0
  0
LINE
  5
51D
330
17
100
AcDbEntity
  8
TOIL
100
AcDbLine
 10
5421.0
 20
-41300.0
 30
0.0
 11
6501.0
 21
-40320.0
 31
0.0
  0
TEXT
  5
51E
330
17
100
AcDbEntity
  8
0TEXT
100
AcDbText
 10
5951.0
 20
-42000.0
 30
0.0
 40
195.0
  1
욕실
  7
KOR
 72
1
 11
5951.0
 21
-42000.0
 31
0.0
100
AcDbText
 73
2
  0
TEXT
  5
51F
330
17
100
AcDbEntity
  8
0TEXT
100
AcDbText
 10
4446.0
 20
-42250.0
 30
0.0
 40
225.0
  1
디럭스룸 34타입
 50
90.0
  7
KOR
 72
1
 11
4446.0
 21
-42250.0
 31
0.0
100
AcDbText
 73
2
  0
TEXT
  5
520
330
17
100
AcDbEntity
  8
0TEXT
 62
9
100
AcDbText
 10
4836.0
 20
-42250.0
 30
0.0
 40
185.0
  1
34.6 m²
 50
90.0
  7
KOR
 72
1
 11
4836.0
 21
-42250.0
 31
0.0
100
AcDbText
 73
2
  0
LWPOLYLINE
  5
521
330
17
100
AcDbEntity
  8
STAIR
100
AcDbPolyline
 90
4
 70
1
 10
2801.0
 20
-44180.0
 10
4001.0
 20
-44180.0
 10
4001.0
 20
-43580.0
 10
2801.0
 20
-43580.0
  0
LINE
  5
522
330
17
100
AcDbEntity
  8
STAIR
100
AcDbLine
 10
3701.0
 20
-44180.0
 30
0.0
 11
3701.0
 21
-43580.0
 31
0.0
  0
LINE
  5
523
330
17
100
AcDbEntity
  8
STAIR
100
AcDbLine
 10
3401.0
 20
-44180.0
 30
0.0
 11
3401.0
 21
-43580.0
 31
0.0
  0
LINE
  5
524
330
17
100
AcDbEntity
  8
STAIR
100
AcDbLine
 10
3101.0
 20
-44180.0
 30
0.0
 11
3101.0
 21
-43580.0
 31
0.0
  0
TEXT
  5
525
330
17
100
AcDbEntity
  8
0TEXT
 62
9
100
AcDbText
 10
4331.0
 20
-43880.0
 30
0.0
 40
165.0
  1
사다리 UP
  7
KOR
 72
1
 11
4331.0
 21
-43880.0
 31
0.0
100
AcDbText
 73
2
  0
LWPOLYLINE
  5
526
330
17
100
AcDbEntity
  8
0OTB
100
AcDbPolyline
 90
4
 70
1
 10
320.0
 20
-43400.0
 10
4201.0
 20
-43400.0
 10
4201.0
 20
-40320.0
 10
320.0
 20
-40320.0
  0
LINE
  5
527
330
17
100
AcDbEntity
  8
0OTB
100
AcDbLine
 10
1020.0
 20
-43400.0
 30
0.0
 11
320.0
 21
-42700.0
 31
0.0
  0
LINE
  5
528
330
17
100
AcDbEntity
  8
0OTB
100
AcDbLine
 10
1720.0
 20
-43400.0
 30
0.0
 11
320.0
 21
-42000.0
 31
0.0
  0
LINE
  5
529
330
17
100
AcDbEntity
  8
0OTB
100
AcDbLine
 10
2420.0
 20
-43400.0
 30
0.0
 11
320.0
 21
-41300.0
 31
0.0
  0
LINE
  5
52A
330
17
100
AcDbEntity
  8
0OTB
100
AcDbLine
 10
3120.0
 20
-43400.0
 30
0.0
 11
320.0
 21
-40600.0
 31
0.0
  0
LINE
  5
52B
330
17
100
AcDbEntity
  8
0OTB
100
AcDbLine
 10
3820.0
 20
-43400.0
 30
0.0
 11
740.0
 21
-40320.0
 31
0.0
  0
LINE
  5
52C
330
17
100
AcDbEntity
  8
0OTB
100
AcDbLine
 10
4201.0
 20
-43081.0
 30
0.0
 11
1440.0
 21
-40320.0
 31
0.0
  0
LINE
  5
52D
330
17
100
AcDbEntity
  8
0OTB
100
AcDbLine
 10
4201.0
 20
-42381.0
 30
0.0
 11
2140.0
 21
-40320.0
 31
0.0
  0
LINE
  5
52E
330
17
100
AcDbEntity
  8
0OTB
100
AcDbLine
 10
4201.0
 20
-41681.0
 30
0.0
 11
2840.0
 21
-40320.0
 31
0.0
  0
TEXT
  5
52F
330
17
100
AcDbEntity
  8
0TEXT
 62
9
100
AcDbText
 10
1351.0
 20
-42550.0
 30
0.0
 40
185.0
  1
상부 2층침대 (로프트)
  7
KOR
 72
1
 11
1351.0
 21
-42550.0
 31
0.0
100
AcDbText
 73
2
  0
LWPOLYLINE
  5
530
330
17
100
AcDbEntity
  8
FUR
100
AcDbPolyline
 90
4
 70
1
 10
2701.0
 20
-42200.0
 10
4101.0
 20
-42200.0
 10
4101.0
 20
-40320.0
 10
2701.0
 20
-40320.0
  0
LWPOLYLINE
  5
531
330
17
100
AcDbEntity
  8
FUR
100
AcDbPolyline
 90
4
 70
1
 10
2701.0
 20
-40470.0
 10
4101.0
 20
-40470.0
 10
4101.0
 20
-40320.0
 10
2701.0
 20
-40320.0
  0
CIRCLE
  5
532
330
17
100
AcDbEntity
  8
FUR
100
AcDbCircle
 10
3401.0
 20
-42900.0
 30
0.0
 40
320.0
  0
LWPOLYLINE
  5
533
330
17
100
AcDbEntity
  8
FUR
100
AcDbPolyline
 90
4
 70
1
 10
1001.0
 20
-44180.0
 10
2301.0
 20
-44180.0
 10
2301.0
 20
-43680.0
 10
1001.0
 20
-43680.0
  0
LWPOLYLINE
  5
534
330
17
100
AcDbEntity
  8
FUR
100
AcDbPolyline
 90
4
 70
1
 10
1181.0
 20
-43790.0
 10
2121.0
 20
-43790.0
 10
2121.0
 20
-43720.0
 10
1181.0
 20
-43720.0
  0
LWPOLYLINE
  5
535
330
17
100
AcDbEntity
  8
FUR
100
AcDbPolyline
 90
4
 70
1
 10
901.0
 20
-42100.0
 10
1601.0
 20
-42100.0
 10
1601.0
 20
-40320.0
 10
901.0
 20
-40320.0
  0
LWPOLYLINE
  5
536
330
17
100
AcDbEntity
  8
FUR
100
AcDbPolyline
 90
4
 70
1
 10
1701.0
 20
-41500.0
 10
2201.0
 20
-41500.0
 10
2201.0
 20
-41000.0
 10
1701.0
 20
-41000.0
  0
TEXT
  5
537
330
17
100
AcDbEntity
  8
0TEXT
100
AcDbText
 10
9735.5
 20
-39900.0
 30
0.0
 40
300.0
  1
홀
  7
KOR
 72
1
 11
9735.5
 21
-39900.0
 31
0.0
100
AcDbText
 73
2
  0
CIRCLE
  5
538
330
17
100
AcDbEntity
  8
FUR
100
AcDbCircle
 10
9735.5
 20
-42000.0
 30
0.0
 40
430.0
  0
LWPOLYLINE
  5
539
330
17
100
AcDbEntity
  8
FUR
100
AcDbPolyline
 90
4
 70
1
 10
10345.5
 20
-42270.0
 10
10885.5
 20
-42270.0
 10
10885.5
 20
-41730.0
 10
10345.5
 20
-41730.0
  0
LWPOLYLINE
  5
53A
330
17
100
AcDbEntity
  8
FUR
100
AcDbPolyline
 90
4
 70
1
 10
9465.5
 20
-41390.0
 10
10005.5
 20
-41390.0
 10
10005.5
 20
-40850.0
 10
9465.5
 20
-40850.0
  0
LWPOLYLINE
  5
53B
330
17
100
AcDbEntity
  8
FUR
100
AcDbPolyline
 90
4
 70
1
 10
8585.5
 20
-42270.0
 10
9125.5
 20
-42270.0
 10
9125.5
 20
-41730.0
 10
8585.5
 20
-41730.0
  0
LWPOLYLINE
  5
53C
330
17
100
AcDbEntity
  8
FUR
100
AcDbPolyline
 90
4
 70
1
 10
9465.5
 20
-43150.0
 10
10005.5
 20
-43150.0
 10
10005.5
 20
-42610.0
 10
9465.5
 20
-42610.0
  0
LWPOLYLINE
  5
53D
330
17
100
AcDbEntity
  8
0CONC
100
AcDbPolyline
 90
4
 70
1
 10
18200.0
 20
-43000.0
 10
18300.0
 20
-43000.0
 10
18300.0
 20
-35500.0
 10
18200.0
 20
-35500.0
  0
HATCH
  5
53E
330
17
100
AcDbEntity
  8
해치벽체
 62
8
100
AcDbHatch
 10
0.0
 20
0.0
 30
0.0
210
0.0
220
0.0
230
1.0
  2
ANSI31
 70
0
 71
0
 91
1
 92
3
 72
0
 73
1
 93
4
 10
18200.0
 20
-43000.0
 10
18300.0
 20
-43000.0
 10
18300.0
 20
-35500.0
 10
18200.0
 20
-35500.0
 97
0
 75
1
 76
1
 52
0.0
 41
16.0
 77
0
 78
1
 53
45.0
 43
0.0
 44
0.0
 45
-35.9210244848
 46
35.9210244848
 79
0
 98
0
  0
LWPOLYLINE
  5
53F
330
17
100
AcDbEntity
  8
0CONC
100
AcDbPolyline
 90
4
 70
1
 10
20610.0
 20
-43000.0
 10
20710.0
 20
-43000.0
 10
20710.0
 20
-35500.0
 10
20610.0
 20
-35500.0
  0
HATCH
  5
540
330
17
100
AcDbEntity
  8
해치벽체
 62
8
100
AcDbHatch
 10
0.0
 20
0.0
 30
0.0
210
0.0
220
0.0
230
1.0
  2
ANSI31
 70
0
 71
0
 91
1
 92
3
 72
0
 73
1
 93
4
 10
20610.0
 20
-43000.0
 10
20710.0
 20
-43000.0
 10
20710.0
 20
-35500.0
 10
20610.0
 20
-35500.0
 97
0
 75
1
 76
1
 52
0.0
 41
16.0
 77
0
 78
1
 53
45.0
 43
0.0
 44
0.0
 45
-35.9210244848
 46
35.9210244848
 79
0
 98
0
  0
LWPOLYLINE
  5
541
330
17
100
AcDbEntity
  8
FUR
100
AcDbPolyline
 90
4
 70
1
 10
18450.0
 20
-37800.0
 10
20460.0
 20
-37800.0
 10
20460.0
 20
-35900.0
 10
18450.0
 20
-35900.0
  0
LINE
  5
542
330
17
100
AcDbEntity
  8
FUR
100
AcDbLine
 10
18450.0
 20
-36850.0
 30
0.0
 11
20460.0
 21
-36850.0
 31
0.0
  0
LWPOLYLINE
  5
543
330
17
100
AcDbEntity
  8
FUR
100
AcDbPolyline
 90
4
 70
1
 10
18450.0
 20
-41500.0
 10
20460.0
 20
-41500.0
 10
20460.0
 20
-40300.0
 10
18450.0
 20
-40300.0
  0
LINE
  5
544
330
17
100
AcDbEntity
  8
DOOR
100
AcDbLine
 10
19055.0
 20
-43000.0
 30
0.0
 11
19055.0
 21
-42200.0
 31
0.0
  0
ARC
  5
545
330
17
100
AcDbEntity
  8
DOOR
100
AcDbCircle
 10
19055.0
 20
-43000.0
 30
0.0
 40
800.0
100
AcDbArc
 50
0.0
 51
90.0
  0
TEXT
  5
546
330
17
100
AcDbEntity
  8
0TEXT
100
AcDbText
 10
19455.0
 20
-38900.0
 30
0.0
 40
225.0
  1
리넨실
  7
KOR
 72
1
 11
19455.0
 21
-38900.0
 31
0.0
100
AcDbText
 73
2
  0
TEXT
  5
547
330
17
100
AcDbEntity
  8
0TEXT
 62
9
100
AcDbText
 10
19455.0
 20
-39250.0
 30
0.0
 40
180.0
  1
18.8 m²
  7
KOR
 72
1
 11
19455.0
 21
-39250.0
 31
0.0
100
AcDbText
 73
2
  0
LWPOLYLINE
  5
548
330
17
100
AcDbEntity
  8
0CONC
100
AcDbPolyline
 90
4
 70
1
 10
20710.0
 20
-43000.0
 10
20810.0
 20
-43000.0
 10
20810.0
 20
-35500.0
 10
20710.0
 20
-35500.0
  0
HATCH
  5
549
330
17
100
AcDbEntity
  8
해치벽체
 62
8
100
AcDbHatch
 10
0.0
 20
0.0
 30
0.0
210
0.0
220
0.0
230
1.0
  2
ANSI31
 70
0
 71
0
 91
1
 92
3
 72
0
 73
1
 93
4
 10
20710.0
 20
-43000.0
 10
20810.0
 20
-43000.0
 10
20810.0
 20
-35500.0
 10
20710.0
 20
-35500.0
 97
0
 75
1
 76
1
 52
0.0
 41
16.0
 77
0
 78
1
 53
45.0
 43
0.0
 44
0.0
 45
-35.9210244848
 46
35.9210244848
 79
0
 98
0
  0
LINE
  5
54A
330
17
100
AcDbEntity
  8
DOOR
100
AcDbLine
 10
26410.0
 20
-42900.0
 30
0.0
 11
26410.0
 21
-42000.0
 31
0.0
  0
ARC
  5
54B
330
17
100
AcDbEntity
  8
DOOR
100
AcDbCircle
 10
26410.0
 20
-42900.0
 30
0.0
 40
900.0
100
AcDbArc
 50
90.0
 51
180.0
  0
LWPOLYLINE
  5
54C
330
17
100
AcDbEntity
  8
0CONC
100
AcDbPolyline
 90
4
 70
1
 10
23210.0
 20
-42900.0
 10
23310.0
 20
-42900.0
 10
23310.0
 20
-40400.0
 10
23210.0
 20
-40400.0
  0
HATCH
  5
54D
330
17
100
AcDbEntity
  8
해치벽체
 62
8
100
AcDbHatch
 10
0.0
 20
0.0
 30
0.0
210
0.0
220
0.0
230
1.0
  2
ANSI31
 70
0
 71
0
 91
1
 92
3
 72
0
 73
1
 93
4
 10
23210.0
 20
-42900.0
 10
23310.0
 20
-42900.0
 10
23310.0
 20
-40400.0
 10
23210.0
 20
-40400.0
 97
0
 75
1
 76
1
 52
0.0
 41
16.0
 77
0
 78
1
 53
45.0
 43
0.0
 44
0.0
 45
-35.9210244848
 46
35.9210244848
 79
0
 98
0
  0
LWPOLYLINE
  5
54E
330
17
100
AcDbEntity
  8
0CONC
100
AcDbPolyline
 90
4
 70
1
 10
20810.0
 20
-40500.0
 10
23210.0
 20
-40500.0
 10
23210.0
 20
-40400.0
 10
20810.0
 20
-40400.0
  0
HATCH
  5
54F
330
17
100
AcDbEntity
  8
해치벽체
 62
8
100
AcDbHatch
 10
0.0
 20
0.0
 30
0.0
210
0.0
220
0.0
230
1.0
  2
ANSI31
 70
0
 71
0
 91
1
 92
3
 72
0
 73
1
 93
4
 10
20810.0
 20
-40500.0
 10
23210.0
 20
-40500.0
 10
23210.0
 20
-40400.0
 10
20810.0
 20
-40400.0
 97
0
 75
1
 76
1
 52
0.0
 41
16.0
 77
0
 78
1
 53
45.0
 43
0.0
 44
0.0
 45
-35.9210244848
 46
35.9210244848
 79
0
 98
0
  0
LINE
  5
550
330
17
100
AcDbEntity
  8
DOOR
100
AcDbLine
 10
23210.0
 20
-41300.0
 30
0.0
 11
22410.0
 21
-41300.0
 31
0.0
  0
ARC
  5
551
330
17
100
AcDbEntity
  8
DOOR
100
AcDbCircle
 10
23210.0
 20
-41300.0
 30
0.0
 40
800.0
100
AcDbArc
 50
90.0
 51
180.0
  0
LWPOLYLINE
  5
552
330
17
100
AcDbEntity
  8
TOIL
100
AcDbPolyline
 90
4
 70
1
 10
20930.0
 20
-41750.0
 10
22360.0
 20
-41750.0
 10
22360.0
 20
-40520.0
 10
20930.0
 20
-40520.0
  0
LWPOLYLINE
  5
553
330
17
100
AcDbEntity
  8
TOIL
100
AcDbPolyline
 90
4
 70
1
 10
21000.0
 20
-41680.0
 10
22290.0
 20
-41680.0
 10
22290.0
 20
-40590.0
 10
21000.0
 20
-40590.0
  0
CIRCLE
  5
554
330
17
100
AcDbEntity
  8
TOIL
100
AcDbCircle
 10
21160.0
 20
-41135.0
 30
0.0
 40
70.0
  0
LWPOLYLINE
  5
555
330
17
100
AcDbEntity
  8
TOIL
100
AcDbPolyline
 90
4
 70
1
 10
21090.0
 20
-42780.0
 10
21490.0
 20
-42780.0
 10
21490.0
 20
-42560.0
 10
21090.0
 20
-42560.0
  0
ELLIPSE
  5
556
330
17
100
AcDbEntity
  8
TOIL
100
AcDbEllipse
 10
21290.0
 20
-42260.0
 30
0.0
 11
0.0
 21
270.0
 31
0.0
 40
0.7592592592592593
 41
0.0
 42
6.283185307179586
  0
LWPOLYLINE
  5
557
330
17
100
AcDbEntity
  8
TOIL
100
AcDbPolyline
 90
4
 70
1
 10
22060.0
 20
-42780.0
 10
23160.0
 20
-42780.0
 10
23160.0
 20
-42180.0
 10
22060.0
 20
-42180.0
  0
ELLIPSE
  5
558
330
17
100
AcDbEntity
  8
TOIL
100
AcDbEllipse
 10
22610.0
 20
-42480.0
 30
0.0
 11
230.0
 21
0.0
 31
0.0
 40
0.717391304347826
 41
0.0
 42
6.283185307179586
  0
CIRCLE
  5
559
330
17
100
AcDbEntity
  8
TOIL
100
AcDbCircle
 10
22610.0
 20
-42705.0
 30
0.0
 40
38.0
  0
TEXT
  5
55A
330
17
100
AcDbEntity
  8
0TEXT
100
AcDbText
 10
21960.0
 20
-41150.0
 30
0.0
 40
195.0
  1
욕실
  7
KOR
 72
1
 11
21960.0
 21
-41150.0
 31
0.0
100
AcDbText
 73
2
  0
LWPOLYLINE
  5
55B
330
17
100
AcDbEntity
  8
FUR
100
AcDbPolyline
 90
4
 70
1
 10
23510.0
 20
-42780.0
 10
25410.0
 20
-42780.0
 10
25410.0
 20
-42080.0
 10
23510.0
 20
-42080.0
  0
LWPOLYLINE
  5
55C
330
17
100
AcDbEntity
  8
TOIL
100
AcDbPolyline
 90
4
 70
1
 10
23620.0
 20
-42670.0
 10
24100.0
 20
-42670.0
 10
24100.0
 20
-42190.0
 10
23620.0
 20
-42190.0
  0
CIRCLE
  5
55D
330
17
100
AcDbEntity
  8
FUR
100
AcDbCircle
 10
24840.0
 20
-42430.0
 30
0.0
 40
130.0
  0
CIRCLE
  5
55E
330
17
100
AcDbEntity
  8
FUR
100
AcDbCircle
 10
24365.0
 20
-42430.0
 30
0.0
 40
130.0
  0
TEXT
  5
55F
330
17
100
AcDbEntity
  8
0TEXT
 62
9
100
AcDbText
 10
24460.0
 20
-41840.0
 30
0.0
 40
170.0
  1
미니주방
  7
KOR
 72
1
 11
24460.0
 21
-41840.0
 31
0.0
100
AcDbText
 73
2
  0
LWPOLYLINE
  5
560
330
17
100
AcDbEntity
  8
FUR
100
AcDbPolyline
 90
4
 70
1
 10
25890.0
 20
-41700.0
 10
26590.0
 20
-41700.0
 10
26590.0
 20
-40300.0
 10
25890.0
 20
-40300.0
  0
LINE
  5
561
330
17
100
AcDbEntity
  8
FUR
100
AcDbLine
 10
25890.0
 20
-41700.0
 30
0.0
 11
26590.0
 21
-40300.0
 31
0.0
  0
LINE
  5
562
330
17
100
AcDbEntity
  8
FUR
100
AcDbLine
 10
25890.0
 20
-41000.0
 30
0.0
 11
26590.0
 21
-41000.0
 31
0.0
  0
TEXT
  5
563
330
17
100
AcDbEntity
  8
0TEXT
100
AcDbText
 10
24060.0
 20
-39805.0
 30
0.0
 40
225.0
  1
패밀리룸 45타입
  7
KOR
 72
1
 11
24060.0
 21
-39805.0
 31
0.0
100
AcDbText
 73
2
  0
TEXT
  5
564
330
17
100
AcDbEntity
  8
0TEXT
 62
9
100
AcDbText
 10
24060.0
 20
-40195.0
 30
0.0
 40
185.0
  1
45.0 m²
  7
KOR
 72
1
 11
24060.0
 21
-40195.0
 31
0.0
100
AcDbText
 73
2
  0
LWPOLYLINE
  5
565
330
17
100
AcDbEntity
  8
FUR
100
AcDbPolyline
 90
4
 70
1
 10
20930.0
 20
-39500.0
 10
22930.0
 20
-39500.0
 10
22930.0
 20
-37900.0
 10
20930.0
 20
-37900.0
  0
LWPOLYLINE
  5
566
330
17
100
AcDbEntity
  8
FUR
100
AcDbPolyline
 90
4
 70
1
 10
21040.0
 20
-39370.0
 10
21400.0
 20
-39370.0
 10
21400.0
 20
-38765.0
 10
21040.0
 20
-38765.0
  0
LWPOLYLINE
  5
567
330
17
100
AcDbEntity
  8
FUR
100
AcDbPolyline
 90
4
 70
1
 10
21040.0
 20
-38635.0
 10
21400.0
 20
-38635.0
 10
21400.0
 20
-38030.0
 10
21040.0
 20
-38030.0
  0
LINE
  5
568
330
17
100
AcDbEntity
  8
FUR
100
AcDbLine
 10
22170.0
 20
-39500.0
 30
0.0
 11
22170.0
 21
-37900.0
 31
0.0
  0
LWPOLYLINE
  5
569
330
17
100
AcDbEntity
  8
FUR
100
AcDbPolyline
 90
4
 70
1
 10
20930.0
 20
-37750.0
 10
21430.0
 20
-37750.0
 10
21430.0
 20
-37250.0
 10
20930.0
 20
-37250.0
  0
CIRCLE
  5
56A
330
17
100
AcDbEntity
  8
FUR
100
AcDbCircle
 10
21180.0
 20
-37500.0
 30
0.0
 40
95.0
  0
LWPOLYLINE
  5
56B
330
17
100
AcDbEntity
  8
STAIR
100
AcDbPolyline
 90
4
 70
1
 10
25590.0
 20
-39500.0
 10
26590.0
 20
-39500.0
 10
26590.0
 20
-37250.0
 10
25590.0
 20
-37250.0
  0
LINE
  5
56C
330
17
100
AcDbEntity
  8
STAIR
100
AcDbLine
 10
25590.0
 20
-39275.0
 30
0.0
 11
26590.0
 21
-39275.0
 31
0.0
  0
LINE
  5
56D
330
17
100
AcDbEntity
  8
STAIR
100
AcDbLine
 10
25590.0
 20
-39050.0
 30
0.0
 11
26590.0
 21
-39050.0
 31
0.0
  0
LINE
  5
56E
330
17
100
AcDbEntity
  8
STAIR
100
AcDbLine
 10
25590.0
 20
-38825.0
 30
0.0
 11
26590.0
 21
-38825.0
 31
0.0
  0
LINE
  5
56F
330
17
100
AcDbEntity
  8
STAIR
100
AcDbLine
 10
25590.0
 20
-38600.0
 30
0.0
 11
26590.0
 21
-38600.0
 31
0.0
  0
LINE
  5
570
330
17
100
AcDbEntity
  8
STAIR
100
AcDbLine
 10
25590.0
 20
-38375.0
 30
0.0
 11
26590.0
 21
-38375.0
 31
0.0
  0
LINE
  5
571
330
17
100
AcDbEntity
  8
STAIR
100
AcDbLine
 10
25590.0
 20
-38150.0
 30
0.0
 11
26590.0
 21
-38150.0
 31
0.0
  0
LINE
  5
572
330
17
100
AcDbEntity
  8
STAIR
100
AcDbLine
 10
25590.0
 20
-37925.0
 30
0.0
 11
26590.0
 21
-37925.0
 31
0.0
  0
LINE
  5
573
330
17
100
AcDbEntity
  8
STAIR
100
AcDbLine
 10
25590.0
 20
-37700.0
 30
0.0
 11
26590.0
 21
-37700.0
 31
0.0
  0
LINE
  5
574
330
17
100
AcDbEntity
  8
STAIR
100
AcDbLine
 10
25590.0
 20
-37475.0
 30
0.0
 11
26590.0
 21
-37475.0
 31
0.0
  0
TEXT
  5
575
330
17
100
AcDbEntity
  8
0TEXT
 62
9
100
AcDbText
 10
26090.0
 20
-39180.0
 30
0.0
 40
210.0
  1
UP
  7
KOR
 72
1
 11
26090.0
 21
-39180.0
 31
0.0
100
AcDbText
 73
2
  0
LWPOLYLINE
  5
576
330
17
100
AcDbEntity
  8
0OTB
100
AcDbPolyline
 90
4
 70
1
 10
20930.0
 20
-40000.0
 10
25410.0
 20
-40000.0
 10
25410.0
 20
-35820.0
 10
20930.0
 20
-35820.0
  0
LINE
  5
577
330
17
100
AcDbEntity
  8
0OTB
100
AcDbLine
 10
21630.0
 20
-40000.0
 30
0.0
 11
20930.0
 21
-39300.0
 31
0.0
  0
LINE
  5
578
330
17
100
AcDbEntity
  8
0OTB
100
AcDbLine
 10
22330.0
 20
-40000.0
 30
0.0
 11
20930.0
 21
-38600.0
 31
0.0
  0
LINE
  5
579
330
17
100
AcDbEntity
  8
0OTB
100
AcDbLine
 10
23030.0
 20
-40000.0
 30
0.0
 11
20930.0
 21
-37900.0
 31
0.0
  0
LINE
  5
57A
330
17
100
AcDbEntity
  8
0OTB
100
AcDbLine
 10
23730.0
 20
-40000.0
 30
0.0
 11
20930.0
 21
-37200.0
 31
0.0
  0
LINE
  5
57B
330
17
100
AcDbEntity
  8
0OTB
100
AcDbLine
 10
24430.0
 20
-40000.0
 30
0.0
 11
20930.0
 21
-36500.0
 31
0.0
  0
LINE
  5
57C
330
17
100
AcDbEntity
  8
0OTB
100
AcDbLine
 10
25130.0
 20
-40000.0
 30
0.0
 11
20950.0
 21
-35820.0
 31
0.0
  0
LINE
  5
57D
330
17
100
AcDbEntity
  8
0OTB
100
AcDbLine
 10
25410.0
 20
-39580.0
 30
0.0
 11
21650.0
 21
-35820.0
 31
0.0
  0
LINE
  5
57E
330
17
100
AcDbEntity
  8
0OTB
100
AcDbLine
 10
25410.0
 20
-38880.0
 30
0.0
 11
22350.0
 21
-35820.0
 31
0.0
  0
LINE
  5
57F
330
17
100
AcDbEntity
  8
0OTB
100
AcDbLine
 10
25410.0
 20
-38180.0
 30
0.0
 11
23050.0
 21
-35820.0
 31
0.0
  0
LINE
  5
580
330
17
100
AcDbEntity
  8
0OTB
100
AcDbLine
 10
25410.0
 20
-37480.0
 30
0.0
 11
23750.0
 21
-35820.0
 31
0.0
  0
LINE
  5
581
330
17
100
AcDbEntity
  8
0OTB
100
AcDbLine
 10
25410.0
 20
-36780.0
 30
0.0
 11
24450.0
 21
-35820.0
 31
0.0
  0
TEXT
  5
582
330
17
100
AcDbEntity
  8
0TEXT
 62
9
100
AcDbText
 10
22510.0
 20
-37500.0
 30
0.0
 40
185.0
  1
상부 자녀실 (복층)
  7
KOR
 72
1
 11
22510.0
 21
-37500.0
 31
0.0
100
AcDbText
 73
2
  0
LWPOLYLINE
  5
583
330
17
100
AcDbEntity
  8
FUR
100
AcDbPolyline
 90
4
 70
1
 10
23310.0
 20
-37000.0
 10
25710.0
 20
-37000.0
 10
25710.0
 20
-36200.0
 10
23310.0
 20
-36200.0
  0
LWPOLYLINE
  5
584
330
17
100
AcDbEntity
  8
FUR
100
AcDbPolyline
 90
4
 70
1
 10
23310.0
 20
-37000.0
 10
25710.0
 20
-37000.0
 10
25710.0
 20
-36850.0
 10
23310.0
 20
-36850.0
  0
CIRCLE
  5
585
330
17
100
AcDbEntity
  8
FUR
100
AcDbCircle
 10
26310.0
 20
-36600.0
 30
0.0
 40
330.0
  0
LWPOLYLINE
  5
586
330
17
100
AcDbEntity
  8
FUR
100
AcDbPolyline
 90
4
 70
1
 10
20930.0
 20
-36900.0
 10
21430.0
 20
-36900.0
 10
21430.0
 20
-35800.0
 10
20930.0
 20
-35800.0
  0
LWPOLYLINE
  5
587
330
17
100
AcDbEntity
  8
FUR
100
AcDbPolyline
 90
4
 70
1
 10
21320.0
 20
-36720.0
 10
21390.0
 20
-36720.0
 10
21390.0
 20
-35980.0
 10
21320.0
 20
-35980.0
  0
LWPOLYLINE
  5
588
330
17
100
AcDbEntity
  8
0CONC
100
AcDbPolyline
 90
4
 70
1
 10
26710.0
 20
-43000.0
 10
26810.0
 20
-43000.0
 10
26810.0
 20
-35500.0
 10
26710.0
 20
-35500.0
  0
HATCH
  5
589
330
17
100
AcDbEntity
  8
해치벽체
 62
8
100
AcDbHatch
 10
0.0
 20
0.0
 30
0.0
210
0.0
220
0.0
230
1.0
  2
ANSI31
 70
0
 71
0
 91
1
 92
3
 72
0
 73
1
 93
4
 10
26710.0
 20
-43000.0
 10
26810.0
 20
-43000.0
 10
26810.0
 20
-35500.0
 10
26710.0
 20
-35500.0
 97
0
 75
1
 76
1
 52
0.0
 41
16.0
 77
0
 78
1
 53
45.0
 43
0.0
 44
0.0
 45
-35.9210244848
 46
35.9210244848
 79
0
 98
0
  0
LINE
  5
58A
330
17
100
AcDbEntity
  8
DOOR
100
AcDbLine
 10
32410.0
 20
-42900.0
 30
0.0
 11
32410.0
 21
-42000.0
 31
0.0
  0
ARC
  5
58B
330
17
100
AcDbEntity
  8
DOOR
100
AcDbCircle
 10
32410.0
 20
-42900.0
 30
0.0
 40
900.0
100
AcDbArc
 50
90.0
 51
180.0
  0
LWPOLYLINE
  5
58C
330
17
100
AcDbEntity
  8
0CONC
100
AcDbPolyline
 90
4
 70
1
 10
29210.0
 20
-42900.0
 10
29310.0
 20
-42900.0
 10
29310.0
 20
-40400.0
 10
29210.0
 20
-40400.0
  0
HATCH
  5
58D
330
17
100
AcDbEntity
  8
해치벽체
 62
8
100
AcDbHatch
 10
0.0
 20
0.0
 30
0.0
210
0.0
220
0.0
230
1.0
  2
ANSI31
 70
0
 71
0
 91
1
 92
3
 72
0
 73
1
 93
4
 10
29210.0
 20
-42900.0
 10
29310.0
 20
-42900.0
 10
29310.0
 20
-40400.0
 10
29210.0
 20
-40400.0
 97
0
 75
1
 76
1
 52
0.0
 41
16.0
 77
0
 78
1
 53
45.0
 43
0.0
 44
0.0
 45
-35.9210244848
 46
35.9210244848
 79
0
 98
0
  0
LWPOLYLINE
  5
58E
330
17
100
AcDbEntity
  8
0CONC
100
AcDbPolyline
 90
4
 70
1
 10
26810.0
 20
-40500.0
 10
29210.0
 20
-40500.0
 10
29210.0
 20
-40400.0
 10
26810.0
 20
-40400.0
  0
HATCH
  5
58F
330
17
100
AcDbEntity
  8
해치벽체
 62
8
100
AcDbHatch
 10
0.0
 20
0.0
 30
0.0
210
0.0
220
0.0
230
1.0
  2
ANSI31
 70
0
 71
0
 91
1
 92
3
 72
0
 73
1
 93
4
 10
26810.0
 20
-40500.0
 10
29210.0
 20
-40500.0
 10
29210.0
 20
-40400.0
 10
26810.0
 20
-40400.0
 97
0
 75
1
 76
1
 52
0.0
 41
16.0
 77
0
 78
1
 53
45.0
 43
0.0
 44
0.0
 45
-35.9210244848
 46
35.9210244848
 79
0
 98
0
  0
LINE
  5
590
330
17
100
AcDbEntity
  8
DOOR
100
AcDbLine
 10
29210.0
 20
-41300.0
 30
0.0
 11
28410.0
 21
-41300.0
 31
0.0
  0
ARC
  5
591
330
17
100
AcDbEntity
  8
DOOR
100
AcDbCircle
 10
29210.0
 20
-41300.0
 30
0.0
 40
800.0
100
AcDbArc
 50
90.0
 51
180.0
  0
LWPOLYLINE
  5
592
330
17
100
AcDbEntity
  8
TOIL
100
AcDbPolyline
 90
4
 70
1
 10
26930.0
 20
-41750.0
 10
28360.0
 20
-41750.0
 10
28360.0
 20
-40520.0
 10
26930.0
 20
-40520.0
  0
LWPOLYLINE
  5
593
330
17
100
AcDbEntity
  8
TOIL
100
AcDbPolyline
 90
4
 70
1
 10
27000.0
 20
-41680.0
 10
28290.0
 20
-41680.0
 10
28290.0
 20
-40590.0
 10
27000.0
 20
-40590.0
  0
CIRCLE
  5
594
330
17
100
AcDbEntity
  8
TOIL
100
AcDbCircle
 10
27160.0
 20
-41135.0
 30
0.0
 40
70.0
  0
LWPOLYLINE
  5
595
330
17
100
AcDbEntity
  8
TOIL
100
AcDbPolyline
 90
4
 70
1
 10
27090.0
 20
-42780.0
 10
27490.0
 20
-42780.0
 10
27490.0
 20
-42560.0
 10
27090.0
 20
-42560.0
  0
ELLIPSE
  5
596
330
17
100
AcDbEntity
  8
TOIL
100
AcDbEllipse
 10
27290.0
 20
-42260.0
 30
0.0
 11
0.0
 21
270.0
 31
0.0
 40
0.7592592592592593
 41
0.0
 42
6.283185307179586
  0
LWPOLYLINE
  5
597
330
17
100
AcDbEntity
  8
TOIL
100
AcDbPolyline
 90
4
 70
1
 10
28060.0
 20
-42780.0
 10
29160.0
 20
-42780.0
 10
29160.0
 20
-42180.0
 10
28060.0
 20
-42180.0
  0
ELLIPSE
  5
598
330
17
100
AcDbEntity
  8
TOIL
100
AcDbEllipse
 10
28610.0
 20
-42480.0
 30
0.0
 11
230.0
 21
0.0
 31
0.0
 40
0.717391304347826
 41
0.0
 42
6.283185307179586
  0
CIRCLE
  5
599
330
17
100
AcDbEntity
  8
TOIL
100
AcDbCircle
 10
28610.0
 20
-42705.0
 30
0.0
 40
38.0
  0
TEXT
  5
59A
330
17
100
AcDbEntity
  8
0TEXT
100
AcDbText
 10
27960.0
 20
-41150.0
 30
0.0
 40
195.0
  1
욕실
  7
KOR
 72
1
 11
27960.0
 21
-41150.0
 31
0.0
100
AcDbText
 73
2
  0
LWPOLYLINE
  5
59B
330
17
100
AcDbEntity
  8
FUR
100
AcDbPolyline
 90
4
 70
1
 10
29510.0
 20
-42780.0
 10
31410.0
 20
-42780.0
 10
31410.0
 20
-42080.0
 10
29510.0
 20
-42080.0
  0
LWPOLYLINE
  5
59C
330
17
100
AcDbEntity
  8
TOIL
100
AcDbPolyline
 90
4
 70
1
 10
29620.0
 20
-42670.0
 10
30100.0
 20
-42670.0
 10
30100.0
 20
-42190.0
 10
29620.0
 20
-42190.0
  0
CIRCLE
  5
59D
330
17
100
AcDbEntity
  8
FUR
100
AcDbCircle
 10
30840.0
 20
-42430.0
 30
0.0
 40
130.0
  0
CIRCLE
  5
59E
330
17
100
AcDbEntity
  8
FUR
100
AcDbCircle
 10
30365.0
 20
-42430.0
 30
0.0
 40
130.0
  0
TEXT
  5
59F
330
17
100
AcDbEntity
  8
0TEXT
 62
9
100
AcDbText
 10
30460.0
 20
-41840.0
 30
0.0
 40
170.0
  1
미니주방
  7
KOR
 72
1
 11
30460.0
 21
-41840.0
 31
0.0
100
AcDbText
 73
2
  0
LWPOLYLINE
  5
5A0
330
17
100
AcDbEntity
  8
FUR
100
AcDbPolyline
 90
4
 70
1
 10
31890.0
 20
-41700.0
 10
32590.0
 20
-41700.0
 10
32590.0
 20
-40300.0
 10
31890.0
 20
-40300.0
  0
LINE
  5
5A1
330
17
100
AcDbEntity
  8
FUR
100
AcDbLine
 10
31890.0
 20
-41700.0
 30
0.0
 11
32590.0
 21
-40300.0
 31
0.0
  0
LINE
  5
5A2
330
17
100
AcDbEntity
  8
FUR
100
AcDbLine
 10
31890.0
 20
-41000.0
 30
0.0
 11
32590.0
 21
-41000.0
 31
0.0
  0
TEXT
  5
5A3
330
17
100
AcDbEntity
  8
0TEXT
100
AcDbText
 10
30060.0
 20
-39805.0
 30
0.0
 40
225.0
  1
패밀리룸 45타입
  7
KOR
 72
1
 11
30060.0
 21
-39805.0
 31
0.0
100
AcDbText
 73
2
  0
TEXT
  5
5A4
330
17
100
AcDbEntity
  8
0TEXT
 62
9
100
AcDbText
 10
30060.0
 20
-40195.0
 30
0.0
 40
185.0
  1
45.0 m²
  7
KOR
 72
1
 11
30060.0
 21
-40195.0
 31
0.0
100
AcDbText
 73
2
  0
LWPOLYLINE
  5
5A5
330
17
100
AcDbEntity
  8
FUR
100
AcDbPolyline
 90
4
 70
1
 10
26930.0
 20
-39500.0
 10
28930.0
 20
-39500.0
 10
28930.0
 20
-37900.0
 10
26930.0
 20
-37900.0
  0
LWPOLYLINE
  5
5A6
330
17
100
AcDbEntity
  8
FUR
100
AcDbPolyline
 90
4
 70
1
 10
27040.0
 20
-39370.0
 10
27400.0
 20
-39370.0
 10
27400.0
 20
-38765.0
 10
27040.0
 20
-38765.0
  0
LWPOLYLINE
  5
5A7
330
17
100
AcDbEntity
  8
FUR
100
AcDbPolyline
 90
4
 70
1
 10
27040.0
 20
-38635.0
 10
27400.0
 20
-38635.0
 10
27400.0
 20
-38030.0
 10
27040.0
 20
-38030.0
  0
LINE
  5
5A8
330
17
100
AcDbEntity
  8
FUR
100
AcDbLine
 10
28170.0
 20
-39500.0
 30
0.0
 11
28170.0
 21
-37900.0
 31
0.0
  0
LWPOLYLINE
  5
5A9
330
17
100
AcDbEntity
  8
FUR
100
AcDbPolyline
 90
4
 70
1
 10
26930.0
 20
-37750.0
 10
27430.0
 20
-37750.0
 10
27430.0
 20
-37250.0
 10
26930.0
 20
-37250.0
  0
CIRCLE
  5
5AA
330
17
100
AcDbEntity
  8
FUR
100
AcDbCircle
 10
27180.0
 20
-37500.0
 30
0.0
 40
95.0
  0
LWPOLYLINE
  5
5AB
330
17
100
AcDbEntity
  8
STAIR
100
AcDbPolyline
 90
4
 70
1
 10
31590.0
 20
-39500.0
 10
32590.0
 20
-39500.0
 10
32590.0
 20
-37250.0
 10
31590.0
 20
-37250.0
  0
LINE
  5
5AC
330
17
100
AcDbEntity
  8
STAIR
100
AcDbLine
 10
31590.0
 20
-39275.0
 30
0.0
 11
32590.0
 21
-39275.0
 31
0.0
  0
LINE
  5
5AD
330
17
100
AcDbEntity
  8
STAIR
100
AcDbLine
 10
31590.0
 20
-39050.0
 30
0.0
 11
32590.0
 21
-39050.0
 31
0.0
  0
LINE
  5
5AE
330
17
100
AcDbEntity
  8
STAIR
100
AcDbLine
 10
31590.0
 20
-38825.0
 30
0.0
 11
32590.0
 21
-38825.0
 31
0.0
  0
LINE
  5
5AF
330
17
100
AcDbEntity
  8
STAIR
100
AcDbLine
 10
31590.0
 20
-38600.0
 30
0.0
 11
32590.0
 21
-38600.0
 31
0.0
  0
LINE
  5
5B0
330
17
100
AcDbEntity
  8
STAIR
100
AcDbLine
 10
31590.0
 20
-38375.0
 30
0.0
 11
32590.0
 21
-38375.0
 31
0.0
  0
LINE
  5
5B1
330
17
100
AcDbEntity
  8
STAIR
100
AcDbLine
 10
31590.0
 20
-38150.0
 30
0.0
 11
32590.0
 21
-38150.0
 31
0.0
  0
LINE
  5
5B2
330
17
100
AcDbEntity
  8
STAIR
100
AcDbLine
 10
31590.0
 20
-37925.0
 30
0.0
 11
32590.0
 21
-37925.0
 31
0.0
  0
LINE
  5
5B3
330
17
100
AcDbEntity
  8
STAIR
100
AcDbLine
 10
31590.0
 20
-37700.0
 30
0.0
 11
32590.0
 21
-37700.0
 31
0.0
  0
LINE
  5
5B4
330
17
100
AcDbEntity
  8
STAIR
100
AcDbLine
 10
31590.0
 20
-37475.0
 30
0.0
 11
32590.0
 21
-37475.0
 31
0.0
  0
TEXT
  5
5B5
330
17
100
AcDbEntity
  8
0TEXT
 62
9
100
AcDbText
 10
32090.0
 20
-39180.0
 30
0.0
 40
210.0
  1
UP
  7
KOR
 72
1
 11
32090.0
 21
-39180.0
 31
0.0
100
AcDbText
 73
2
  0
LWPOLYLINE
  5
5B6
330
17
100
AcDbEntity
  8
0OTB
100
AcDbPolyline
 90
4
 70
1
 10
26930.0
 20
-40000.0
 10
31410.0
 20
-40000.0
 10
31410.0
 20
-35820.0
 10
26930.0
 20
-35820.0
  0
LINE
  5
5B7
330
17
100
AcDbEntity
  8
0OTB
100
AcDbLine
 10
27630.0
 20
-40000.0
 30
0.0
 11
26930.0
 21
-39300.0
 31
0.0
  0
LINE
  5
5B8
330
17
100
AcDbEntity
  8
0OTB
100
AcDbLine
 10
28330.0
 20
-40000.0
 30
0.0
 11
26930.0
 21
-38600.0
 31
0.0
  0
LINE
  5
5B9
330
17
100
AcDbEntity
  8
0OTB
100
AcDbLine
 10
29030.0
 20
-40000.0
 30
0.0
 11
26930.0
 21
-37900.0
 31
0.0
  0
LINE
  5
5BA
330
17
100
AcDbEntity
  8
0OTB
100
AcDbLine
 10
29730.0
 20
-40000.0
 30
0.0
 11
26930.0
 21
-37200.0
 31
0.0
  0
LINE
  5
5BB
330
17
100
AcDbEntity
  8
0OTB
100
AcDbLine
 10
30430.0
 20
-40000.0
 30
0.0
 11
26930.0
 21
-36500.0
 31
0.0
  0
LINE
  5
5BC
330
17
100
AcDbEntity
  8
0OTB
100
AcDbLine
 10
31130.0
 20
-40000.0
 30
0.0
 11
26950.0
 21
-35820.0
 31
0.0
  0
LINE
  5
5BD
330
17
100
AcDbEntity
  8
0OTB
100
AcDbLine
 10
31410.0
 20
-39580.0
 30
0.0
 11
27650.0
 21
-35820.0
 31
0.0
  0
LINE
  5
5BE
330
17
100
AcDbEntity
  8
0OTB
100
AcDbLine
 10
31410.0
 20
-38880.0
 30
0.0
 11
28350.0
 21
-35820.0
 31
0.0
  0
LINE
  5
5BF
330
17
100
AcDbEntity
  8
0OTB
100
AcDbLine
 10
31410.0
 20
-38180.0
 30
0.0
 11
29050.0
 21
-35820.0
 31
0.0
  0
LINE
  5
5C0
330
17
100
AcDbEntity
  8
0OTB
100
AcDbLine
 10
31410.0
 20
-37480.0
 30
0.0
 11
29750.0
 21
-35820.0
 31
0.0
  0
LINE
  5
5C1
330
17
100
AcDbEntity
  8
0OTB
100
AcDbLine
 10
31410.0
 20
-36780.0
 30
0.0
 11
30450.0
 21
-35820.0
 31
0.0
  0
TEXT
  5
5C2
330
17
100
AcDbEntity
  8
0TEXT
 62
9
100
AcDbText
 10
28510.0
 20
-37500.0
 30
0.0
 40
185.0
  1
상부 자녀실 (복층)
  7
KOR
 72
1
 11
28510.0
 21
-37500.0
 31
0.0
100
AcDbText
 73
2
  0
LWPOLYLINE
  5
5C3
330
17
100
AcDbEntity
  8
FUR
100
AcDbPolyline
 90
4
 70
1
 10
29310.0
 20
-37000.0
 10
31710.0
 20
-37000.0
 10
31710.0
 20
-36200.0
 10
29310.0
 20
-36200.0
  0
LWPOLYLINE
  5
5C4
330
17
100
AcDbEntity
  8
FUR
100
AcDbPolyline
 90
4
 70
1
 10
29310.0
 20
-37000.0
 10
31710.0
 20
-37000.0
 10
31710.0
 20
-36850.0
 10
29310.0
 20
-36850.0
  0
CIRCLE
  5
5C5
330
17
100
AcDbEntity
  8
FUR
100
AcDbCircle
 10
32310.0
 20
-36600.0
 30
0.0
 40
330.0
  0
LWPOLYLINE
  5
5C6
330
17
100
AcDbEntity
  8
FUR
100
AcDbPolyline
 90
4
 70
1
 10
26930.0
 20
-36900.0
 10
27430.0
 20
-36900.0
 10
27430.0
 20
-35800.0
 10
26930.0
 20
-35800.0
  0
LWPOLYLINE
  5
5C7
330
17
100
AcDbEntity
  8
FUR
100
AcDbPolyline
 90
4
 70
1
 10
27320.0
 20
-36720.0
 10
27390.0
 20
-36720.0
 10
27390.0
 20
-35980.0
 10
27320.0
 20
-35980.0
  0
LWPOLYLINE
  5
5C8
330
17
100
AcDbEntity
  8
0CONC
100
AcDbPolyline
 90
4
 70
1
 10
32710.0
 20
-43000.0
 10
32810.0
 20
-43000.0
 10
32810.0
 20
-35500.0
 10
32710.0
 20
-35500.0
  0
HATCH
  5
5C9
330
17
100
AcDbEntity
  8
해치벽체
 62
8
100
AcDbHatch
 10
0.0
 20
0.0
 30
0.0
210
0.0
220
0.0
230
1.0
  2
ANSI31
 70
0
 71
0
 91
1
 92
3
 72
0
 73
1
 93
4
 10
32710.0
 20
-43000.0
 10
32810.0
 20
-43000.0
 10
32810.0
 20
-35500.0
 10
32710.0
 20
-35500.0
 97
0
 75
1
 76
1
 52
0.0
 41
16.0
 77
0
 78
1
 53
45.0
 43
0.0
 44
0.0
 45
-35.9210244848
 46
35.9210244848
 79
0
 98
0
  0
LINE
  5
5CA
330
17
100
AcDbEntity
  8
DOOR
100
AcDbLine
 10
38410.0
 20
-42900.0
 30
0.0
 11
38410.0
 21
-42000.0
 31
0.0
  0
ARC
  5
5CB
330
17
100
AcDbEntity
  8
DOOR
100
AcDbCircle
 10
38410.0
 20
-42900.0
 30
0.0
 40
900.0
100
AcDbArc
 50
90.0
 51
180.0
  0
LWPOLYLINE
  5
5CC
330
17
100
AcDbEntity
  8
0CONC
100
AcDbPolyline
 90
4
 70
1
 10
35210.0
 20
-42900.0
 10
35310.0
 20
-42900.0
 10
35310.0
 20
-40400.0
 10
35210.0
 20
-40400.0
  0
HATCH
  5
5CD
330
17
100
AcDbEntity
  8
해치벽체
 62
8
100
AcDbHatch
 10
0.0
 20
0.0
 30
0.0
210
0.0
220
0.0
230
1.0
  2
ANSI31
 70
0
 71
0
 91
1
 92
3
 72
0
 73
1
 93
4
 10
35210.0
 20
-42900.0
 10
35310.0
 20
-42900.0
 10
35310.0
 20
-40400.0
 10
35210.0
 20
-40400.0
 97
0
 75
1
 76
1
 52
0.0
 41
16.0
 77
0
 78
1
 53
45.0
 43
0.0
 44
0.0
 45
-35.9210244848
 46
35.9210244848
 79
0
 98
0
  0
LWPOLYLINE
  5
5CE
330
17
100
AcDbEntity
  8
0CONC
100
AcDbPolyline
 90
4
 70
1
 10
32810.0
 20
-40500.0
 10
35210.0
 20
-40500.0
 10
35210.0
 20
-40400.0
 10
32810.0
 20
-40400.0
  0
HATCH
  5
5CF
330
17
100
AcDbEntity
  8
해치벽체
 62
8
100
AcDbHatch
 10
0.0
 20
0.0
 30
0.0
210
0.0
220
0.0
230
1.0
  2
ANSI31
 70
0
 71
0
 91
1
 92
3
 72
0
 73
1
 93
4
 10
32810.0
 20
-40500.0
 10
35210.0
 20
-40500.0
 10
35210.0
 20
-40400.0
 10
32810.0
 20
-40400.0
 97
0
 75
1
 76
1
 52
0.0
 41
16.0
 77
0
 78
1
 53
45.0
 43
0.0
 44
0.0
 45
-35.9210244848
 46
35.9210244848
 79
0
 98
0
  0
LINE
  5
5D0
330
17
100
AcDbEntity
  8
DOOR
100
AcDbLine
 10
35210.0
 20
-41300.0
 30
0.0
 11
34410.0
 21
-41300.0
 31
0.0
  0
ARC
  5
5D1
330
17
100
AcDbEntity
  8
DOOR
100
AcDbCircle
 10
35210.0
 20
-41300.0
 30
0.0
 40
800.0
100
AcDbArc
 50
90.0
 51
180.0
  0
LWPOLYLINE
  5
5D2
330
17
100
AcDbEntity
  8
TOIL
100
AcDbPolyline
 90
4
 70
1
 10
32930.0
 20
-41750.0
 10
34360.0
 20
-41750.0
 10
34360.0
 20
-40520.0
 10
32930.0
 20
-40520.0
  0
LWPOLYLINE
  5
5D3
330
17
100
AcDbEntity
  8
TOIL
100
AcDbPolyline
 90
4
 70
1
 10
33000.0
 20
-41680.0
 10
34290.0
 20
-41680.0
 10
34290.0
 20
-40590.0
 10
33000.0
 20
-40590.0
  0
CIRCLE
  5
5D4
330
17
100
AcDbEntity
  8
TOIL
100
AcDbCircle
 10
33160.0
 20
-41135.0
 30
0.0
 40
70.0
  0
LWPOLYLINE
  5
5D5
330
17
100
AcDbEntity
  8
TOIL
100
AcDbPolyline
 90
4
 70
1
 10
33090.0
 20
-42780.0
 10
33490.0
 20
-42780.0
 10
33490.0
 20
-42560.0
 10
33090.0
 20
-42560.0
  0
ELLIPSE
  5
5D6
330
17
100
AcDbEntity
  8
TOIL
100
AcDbEllipse
 10
33290.0
 20
-42260.0
 30
0.0
 11
0.0
 21
270.0
 31
0.0
 40
0.7592592592592593
 41
0.0
 42
6.283185307179586
  0
LWPOLYLINE
  5
5D7
330
17
100
AcDbEntity
  8
TOIL
100
AcDbPolyline
 90
4
 70
1
 10
34060.0
 20
-42780.0
 10
35160.0
 20
-42780.0
 10
35160.0
 20
-42180.0
 10
34060.0
 20
-42180.0
  0
ELLIPSE
  5
5D8
330
17
100
AcDbEntity
  8
TOIL
100
AcDbEllipse
 10
34610.0
 20
-42480.0
 30
0.0
 11
230.0
 21
0.0
 31
0.0
 40
0.717391304347826
 41
0.0
 42
6.283185307179586
  0
CIRCLE
  5
5D9
330
17
100
AcDbEntity
  8
TOIL
100
AcDbCircle
 10
34610.0
 20
-42705.0
 30
0.0
 40
38.0
  0
TEXT
  5
5DA
330
17
100
AcDbEntity
  8
0TEXT
100
AcDbText
 10
33960.0
 20
-41150.0
 30
0.0
 40
195.0
  1
욕실
  7
KOR
 72
1
 11
33960.0
 21
-41150.0
 31
0.0
100
AcDbText
 73
2
  0
LWPOLYLINE
  5
5DB
330
17
100
AcDbEntity
  8
FUR
100
AcDbPolyline
 90
4
 70
1
 10
35510.0
 20
-42780.0
 10
37410.0
 20
-42780.0
 10
37410.0
 20
-42080.0
 10
35510.0
 20
-42080.0
  0
LWPOLYLINE
  5
5DC
330
17
100
AcDbEntity
  8
TOIL
100
AcDbPolyline
 90
4
 70
1
 10
35620.0
 20
-42670.0
 10
36100.0
 20
-42670.0
 10
36100.0
 20
-42190.0
 10
35620.0
 20
-42190.0
  0
CIRCLE
  5
5DD
330
17
100
AcDbEntity
  8
FUR
100
AcDbCircle
 10
36840.0
 20
-42430.0
 30
0.0
 40
130.0
  0
CIRCLE
  5
5DE
330
17
100
AcDbEntity
  8
FUR
100
AcDbCircle
 10
36365.0
 20
-42430.0
 30
0.0
 40
130.0
  0
TEXT
  5
5DF
330
17
100
AcDbEntity
  8
0TEXT
 62
9
100
AcDbText
 10
36460.0
 20
-41840.0
 30
0.0
 40
170.0
  1
미니주방
  7
KOR
 72
1
 11
36460.0
 21
-41840.0
 31
0.0
100
AcDbText
 73
2
  0
LWPOLYLINE
  5
5E0
330
17
100
AcDbEntity
  8
FUR
100
AcDbPolyline
 90
4
 70
1
 10
37890.0
 20
-41700.0
 10
38590.0
 20
-41700.0
 10
38590.0
 20
-40300.0
 10
37890.0
 20
-40300.0
  0
LINE
  5
5E1
330
17
100
AcDbEntity
  8
FUR
100
AcDbLine
 10
37890.0
 20
-41700.0
 30
0.0
 11
38590.0
 21
-40300.0
 31
0.0
  0
LINE
  5
5E2
330
17
100
AcDbEntity
  8
FUR
100
AcDbLine
 10
37890.0
 20
-41000.0
 30
0.0
 11
38590.0
 21
-41000.0
 31
0.0
  0
TEXT
  5
5E3
330
17
100
AcDbEntity
  8
0TEXT
100
AcDbText
 10
36060.0
 20
-39805.0
 30
0.0
 40
225.0
  1
패밀리룸 45타입
  7
KOR
 72
1
 11
36060.0
 21
-39805.0
 31
0.0
100
AcDbText
 73
2
  0
TEXT
  5
5E4
330
17
100
AcDbEntity
  8
0TEXT
 62
9
100
AcDbText
 10
36060.0
 20
-40195.0
 30
0.0
 40
185.0
  1
45.0 m²
  7
KOR
 72
1
 11
36060.0
 21
-40195.0
 31
0.0
100
AcDbText
 73
2
  0
LWPOLYLINE
  5
5E5
330
17
100
AcDbEntity
  8
FUR
100
AcDbPolyline
 90
4
 70
1
 10
32930.0
 20
-39500.0
 10
34930.0
 20
-39500.0
 10
34930.0
 20
-37900.0
 10
32930.0
 20
-37900.0
  0
LWPOLYLINE
  5
5E6
330
17
100
AcDbEntity
  8
FUR
100
AcDbPolyline
 90
4
 70
1
 10
33040.0
 20
-39370.0
 10
33400.0
 20
-39370.0
 10
33400.0
 20
-38765.0
 10
33040.0
 20
-38765.0
  0
LWPOLYLINE
  5
5E7
330
17
100
AcDbEntity
  8
FUR
100
AcDbPolyline
 90
4
 70
1
 10
33040.0
 20
-38635.0
 10
33400.0
 20
-38635.0
 10
33400.0
 20
-38030.0
 10
33040.0
 20
-38030.0
  0
LINE
  5
5E8
330
17
100
AcDbEntity
  8
FUR
100
AcDbLine
 10
34170.0
 20
-39500.0
 30
0.0
 11
34170.0
 21
-37900.0
 31
0.0
  0
LWPOLYLINE
  5
5E9
330
17
100
AcDbEntity
  8
FUR
100
AcDbPolyline
 90
4
 70
1
 10
32930.0
 20
-37750.0
 10
33430.0
 20
-37750.0
 10
33430.0
 20
-37250.0
 10
32930.0
 20
-37250.0
  0
CIRCLE
  5
5EA
330
17
100
AcDbEntity
  8
FUR
100
AcDbCircle
 10
33180.0
 20
-37500.0
 30
0.0
 40
95.0
  0
LWPOLYLINE
  5
5EB
330
17
100
AcDbEntity
  8
STAIR
100
AcDbPolyline
 90
4
 70
1
 10
37590.0
 20
-39500.0
 10
38590.0
 20
-39500.0
 10
38590.0
 20
-37250.0
 10
37590.0
 20
-37250.0
  0
LINE
  5
5EC
330
17
100
AcDbEntity
  8
STAIR
100
AcDbLine
 10
37590.0
 20
-39275.0
 30
0.0
 11
38590.0
 21
-39275.0
 31
0.0
  0
LINE
  5
5ED
330
17
100
AcDbEntity
  8
STAIR
100
AcDbLine
 10
37590.0
 20
-39050.0
 30
0.0
 11
38590.0
 21
-39050.0
 31
0.0
  0
LINE
  5
5EE
330
17
100
AcDbEntity
  8
STAIR
100
AcDbLine
 10
37590.0
 20
-38825.0
 30
0.0
 11
38590.0
 21
-38825.0
 31
0.0
  0
LINE
  5
5EF
330
17
100
AcDbEntity
  8
STAIR
100
AcDbLine
 10
37590.0
 20
-38600.0
 30
0.0
 11
38590.0
 21
-38600.0
 31
0.0
  0
LINE
  5
5F0
330
17
100
AcDbEntity
  8
STAIR
100
AcDbLine
 10
37590.0
 20
-38375.0
 30
0.0
 11
38590.0
 21
-38375.0
 31
0.0
  0
LINE
  5
5F1
330
17
100
AcDbEntity
  8
STAIR
100
AcDbLine
 10
37590.0
 20
-38150.0
 30
0.0
 11
38590.0
 21
-38150.0
 31
0.0
  0
LINE
  5
5F2
330
17
100
AcDbEntity
  8
STAIR
100
AcDbLine
 10
37590.0
 20
-37925.0
 30
0.0
 11
38590.0
 21
-37925.0
 31
0.0
  0
LINE
  5
5F3
330
17
100
AcDbEntity
  8
STAIR
100
AcDbLine
 10
37590.0
 20
-37700.0
 30
0.0
 11
38590.0
 21
-37700.0
 31
0.0
  0
LINE
  5
5F4
330
17
100
AcDbEntity
  8
STAIR
100
AcDbLine
 10
37590.0
 20
-37475.0
 30
0.0
 11
38590.0
 21
-37475.0
 31
0.0
  0
TEXT
  5
5F5
330
17
100
AcDbEntity
  8
0TEXT
 62
9
100
AcDbText
 10
38090.0
 20
-39180.0
 30
0.0
 40
210.0
  1
UP
  7
KOR
 72
1
 11
38090.0
 21
-39180.0
 31
0.0
100
AcDbText
 73
2
  0
LWPOLYLINE
  5
5F6
330
17
100
AcDbEntity
  8
0OTB
100
AcDbPolyline
 90
4
 70
1
 10
32930.0
 20
-40000.0
 10
37410.0
 20
-40000.0
 10
37410.0
 20
-35820.0
 10
32930.0
 20
-35820.0
  0
LINE
  5
5F7
330
17
100
AcDbEntity
  8
0OTB
100
AcDbLine
 10
33630.0
 20
-40000.0
 30
0.0
 11
32930.0
 21
-39300.0
 31
0.0
  0
LINE
  5
5F8
330
17
100
AcDbEntity
  8
0OTB
100
AcDbLine
 10
34330.0
 20
-40000.0
 30
0.0
 11
32930.0
 21
-38600.0
 31
0.0
  0
LINE
  5
5F9
330
17
100
AcDbEntity
  8
0OTB
100
AcDbLine
 10
35030.0
 20
-40000.0
 30
0.0
 11
32930.0
 21
-37900.0
 31
0.0
  0
LINE
  5
5FA
330
17
100
AcDbEntity
  8
0OTB
100
AcDbLine
 10
35730.0
 20
-40000.0
 30
0.0
 11
32930.0
 21
-37200.0
 31
0.0
  0
LINE
  5
5FB
330
17
100
AcDbEntity
  8
0OTB
100
AcDbLine
 10
36430.0
 20
-40000.0
 30
0.0
 11
32930.0
 21
-36500.0
 31
0.0
  0
LINE
  5
5FC
330
17
100
AcDbEntity
  8
0OTB
100
AcDbLine
 10
37130.0
 20
-40000.0
 30
0.0
 11
32950.0
 21
-35820.0
 31
0.0
  0
LINE
  5
5FD
330
17
100
AcDbEntity
  8
0OTB
100
AcDbLine
 10
37410.0
 20
-39580.0
 30
0.0
 11
33650.0
 21
-35820.0
 31
0.0
  0
LINE
  5
5FE
330
17
100
AcDbEntity
  8
0OTB
100
AcDbLine
 10
37410.0
 20
-38880.0
 30
0.0
 11
34350.0
 21
-35820.0
 31
0.0
  0
LINE
  5
5FF
330
17
100
AcDbEntity
  8
0OTB
100
AcDbLine
 10
37410.0
 20
-38180.0
 30
0.0
 11
35050.0
 21
-35820.0
 31
0.0
  0
LINE
  5
600
330
17
100
AcDbEntity
  8
0OTB
100
AcDbLine
 10
37410.0
 20
-37480.0
 30
0.0
 11
35750.0
 21
-35820.0
 31
0.0
  0
LINE
  5
601
330
17
100
AcDbEntity
  8
0OTB
100
AcDbLine
 10
37410.0
 20
-36780.0
 30
0.0
 11
36450.0
 21
-35820.0
 31
0.0
  0
TEXT
  5
602
330
17
100
AcDbEntity
  8
0TEXT
 62
9
100
AcDbText
 10
34510.0
 20
-37500.0
 30
0.0
 40
185.0
  1
상부 자녀실 (복층)
  7
KOR
 72
1
 11
34510.0
 21
-37500.0
 31
0.0
100
AcDbText
 73
2
  0
LWPOLYLINE
  5
603
330
17
100
AcDbEntity
  8
FUR
100
AcDbPolyline
 90
4
 70
1
 10
35310.0
 20
-37000.0
 10
37710.0
 20
-37000.0
 10
37710.0
 20
-36200.0
 10
35310.0
 20
-36200.0
  0
LWPOLYLINE
  5
604
330
17
100
AcDbEntity
  8
FUR
100
AcDbPolyline
 90
4
 70
1
 10
35310.0
 20
-37000.0
 10
37710.0
 20
-37000.0
 10
37710.0
 20
-36850.0
 10
35310.0
 20
-36850.0
  0
CIRCLE
  5
605
330
17
100
AcDbEntity
  8
FUR
100
AcDbCircle
 10
38310.0
 20
-36600.0
 30
0.0
 40
330.0
  0
LWPOLYLINE
  5
606
330
17
100
AcDbEntity
  8
FUR
100
AcDbPolyline
 90
4
 70
1
 10
32930.0
 20
-36900.0
 10
33430.0
 20
-36900.0
 10
33430.0
 20
-35800.0
 10
32930.0
 20
-35800.0
  0
LWPOLYLINE
  5
607
330
17
100
AcDbEntity
  8
FUR
100
AcDbPolyline
 90
4
 70
1
 10
33320.0
 20
-36720.0
 10
33390.0
 20
-36720.0
 10
33390.0
 20
-35980.0
 10
33320.0
 20
-35980.0
  0
LWPOLYLINE
  5
608
330
17
100
AcDbEntity
  8
0CONC
100
AcDbPolyline
 90
4
 70
1
 10
38710.0
 20
-43000.0
 10
38810.0
 20
-43000.0
 10
38810.0
 20
-35500.0
 10
38710.0
 20
-35500.0
  0
HATCH
  5
609
330
17
100
AcDbEntity
  8
해치벽체
 62
8
100
AcDbHatch
 10
0.0
 20
0.0
 30
0.0
210
0.0
220
0.0
230
1.0
  2
ANSI31
 70
0
 71
0
 91
1
 92
3
 72
0
 73
1
 93
4
 10
38710.0
 20
-43000.0
 10
38810.0
 20
-43000.0
 10
38810.0
 20
-35500.0
 10
38710.0
 20
-35500.0
 97
0
 75
1
 76
1
 52
0.0
 41
16.0
 77
0
 78
1
 53
45.0
 43
0.0
 44
0.0
 45
-35.9210244848
 46
35.9210244848
 79
0
 98
0
  0
LINE
  5
60A
330
17
100
AcDbEntity
  8
DOOR
100
AcDbLine
 10
31820.0
 20
-44500.0
 30
0.0
 11
31820.0
 21
-45400.0
 31
0.0
  0
ARC
  5
60B
330
17
100
AcDbEntity
  8
DOOR
100
AcDbCircle
 10
31820.0
 20
-44500.0
 30
0.0
 40
900.0
100
AcDbArc
 50
270.0
 51
360.0
  0
LWPOLYLINE
  5
60C
330
17
100
AcDbEntity
  8
0CONC
100
AcDbPolyline
 90
4
 70
1
 10
34720.0
 20
-47000.0
 10
34820.0
 20
-47000.0
 10
34820.0
 20
-44500.0
 10
34720.0
 20
-44500.0
  0
HATCH
  5
60D
330
17
100
AcDbEntity
  8
해치벽체
 62
8
100
AcDbHatch
 10
0.0
 20
0.0
 30
0.0
210
0.0
220
0.0
230
1.0
  2
ANSI31
 70
0
 71
0
 91
1
 92
3
 72
0
 73
1
 93
4
 10
34720.0
 20
-47000.0
 10
34820.0
 20
-47000.0
 10
34820.0
 20
-44500.0
 10
34720.0
 20
-44500.0
 97
0
 75
1
 76
1
 52
0.0
 41
16.0
 77
0
 78
1
 53
45.0
 43
0.0
 44
0.0
 45
-35.9210244848
 46
35.9210244848
 79
0
 98
0
  0
LWPOLYLINE
  5
60E
330
17
100
AcDbEntity
  8
0CONC
100
AcDbPolyline
 90
4
 70
1
 10
34820.0
 20
-47000.0
 10
37220.0
 20
-47000.0
 10
37220.0
 20
-46900.0
 10
34820.0
 20
-46900.0
  0
HATCH
  5
60F
330
17
100
AcDbEntity
  8
해치벽체
 62
8
100
AcDbHatch
 10
0.0
 20
0.0
 30
0.0
210
0.0
220
0.0
230
1.0
  2
ANSI31
 70
0
 71
0
 91
1
 92
3
 72
0
 73
1
 93
4
 10
34820.0
 20
-47000.0
 10
37220.0
 20
-47000.0
 10
37220.0
 20
-46900.0
 10
34820.0
 20
-46900.0
 97
0
 75
1
 76
1
 52
0.0
 41
16.0
 77
0
 78
1
 53
45.0
 43
0.0
 44
0.0
 45
-35.9210244848
 46
35.9210244848
 79
0
 98
0
  0
LINE
  5
610
330
17
100
AcDbEntity
  8
DOOR
100
AcDbLine
 10
34820.0
 20
-46100.0
 30
0.0
 11
35620.0
 21
-46100.0
 31
0.0
  0
ARC
  5
611
330
17
100
AcDbEntity
  8
DOOR
100
AcDbCircle
 10
34820.0
 20
-46100.0
 30
0.0
 40
800.0
100
AcDbArc
 50
270.0
 51
360.0
  0
LWPOLYLINE
  5
612
330
17
100
AcDbEntity
  8
TOIL
100
AcDbPolyline
 90
4
 70
1
 10
35670.0
 20
-46880.0
 10
37100.0
 20
-46880.0
 10
37100.0
 20
-45650.0
 10
35670.0
 20
-45650.0
  0
LWPOLYLINE
  5
613
330
17
100
AcDbEntity
  8
TOIL
100
AcDbPolyline
 90
4
 70
1
 10
35740.0
 20
-46810.0
 10
37030.0
 20
-46810.0
 10
37030.0
 20
-45720.0
 10
35740.0
 20
-45720.0
  0
CIRCLE
  5
614
330
17
100
AcDbEntity
  8
TOIL
100
AcDbCircle
 10
36870.0
 20
-46265.0
 30
0.0
 40
70.0
  0
LWPOLYLINE
  5
615
330
17
100
AcDbEntity
  8
TOIL
100
AcDbPolyline
 90
4
 70
1
 10
36540.0
 20
-44840.0
 10
36940.0
 20
-44840.0
 10
36940.0
 20
-44620.0
 10
36540.0
 20
-44620.0
  0
ELLIPSE
  5
616
330
17
100
AcDbEntity
  8
TOIL
100
AcDbEllipse
 10
36740.0
 20
-45140.0
 30
0.0
 11
0.0
 21
270.0
 31
0.0
 40
0.7592592592592593
 41
0.0
 42
6.283185307179586
  0
LWPOLYLINE
  5
617
330
17
100
AcDbEntity
  8
TOIL
100
AcDbPolyline
 90
4
 70
1
 10
34870.0
 20
-45220.0
 10
35970.0
 20
-45220.0
 10
35970.0
 20
-44620.0
 10
34870.0
 20
-44620.0
  0
ELLIPSE
  5
618
330
17
100
AcDbEntity
  8
TOIL
100
AcDbEllipse
 10
35420.0
 20
-44920.0
 30
0.0
 11
230.0
 21
0.0
 31
0.0
 40
0.717391304347826
 41
0.0
 42
6.283185307179586
  0
CIRCLE
  5
619
330
17
100
AcDbEntity
  8
TOIL
100
AcDbCircle
 10
35420.0
 20
-44695.0
 30
0.0
 40
38.0
  0
TEXT
  5
61A
330
17
100
AcDbEntity
  8
0TEXT
100
AcDbText
 10
36070.0
 20
-46250.0
 30
0.0
 40
195.0
  1
욕실
  7
KOR
 72
1
 11
36070.0
 21
-46250.0
 31
0.0
100
AcDbText
 73
2
  0
LWPOLYLINE
  5
61B
330
17
100
AcDbEntity
  8
FUR
100
AcDbPolyline
 90
4
 70
1
 10
32620.0
 20
-45320.0
 10
34520.0
 20
-45320.0
 10
34520.0
 20
-44620.0
 10
32620.0
 20
-44620.0
  0
LWPOLYLINE
  5
61C
330
17
100
AcDbEntity
  8
TOIL
100
AcDbPolyline
 90
4
 70
1
 10
33930.0
 20
-45210.0
 10
34410.0
 20
-45210.0
 10
34410.0
 20
-44730.0
 10
33930.0
 20
-44730.0
  0
CIRCLE
  5
61D
330
17
100
AcDbEntity
  8
FUR
100
AcDbCircle
 10
33190.0
 20
-44970.0
 30
0.0
 40
130.0
  0
CIRCLE
  5
61E
330
17
100
AcDbEntity
  8
FUR
100
AcDbCircle
 10
33665.0
 20
-44970.0
 30
0.0
 40
130.0
  0
TEXT
  5
61F
330
17
100
AcDbEntity
  8
0TEXT
 62
9
100
AcDbText
 10
33570.0
 20
-45560.0
 30
0.0
 40
170.0
  1
미니주방
  7
KOR
 72
1
 11
33570.0
 21
-45560.0
 31
0.0
100
AcDbText
 73
2
  0
LWPOLYLINE
  5
620
330
17
100
AcDbEntity
  8
FUR
100
AcDbPolyline
 90
4
 70
1
 10
31640.0
 20
-47100.0
 10
32340.0
 20
-47100.0
 10
32340.0
 20
-45700.0
 10
31640.0
 20
-45700.0
  0
LINE
  5
621
330
17
100
AcDbEntity
  8
FUR
100
AcDbLine
 10
32340.0
 20
-45700.0
 30
0.0
 11
31640.0
 21
-47100.0
 31
0.0
  0
LINE
  5
622
330
17
100
AcDbEntity
  8
FUR
100
AcDbLine
 10
32340.0
 20
-46400.0
 30
0.0
 11
31640.0
 21
-46400.0
 31
0.0
  0
TEXT
  5
623
330
17
100
AcDbEntity
  8
0TEXT
100
AcDbText
 10
34070.0
 20
-47205.0
 30
0.0
 40
225.0
  1
패밀리룸 45타입
  7
KOR
 72
1
 11
34070.0
 21
-47205.0
 31
0.0
100
AcDbText
 73
2
  0
TEXT
  5
624
330
17
100
AcDbEntity
  8
0TEXT
 62
9
100
AcDbText
 10
34070.0
 20
-47595.0
 30
0.0
 40
185.0
  1
45.0 m²
  7
KOR
 72
1
 11
34070.0
 21
-47595.0
 31
0.0
100
AcDbText
 73
2
  0
LWPOLYLINE
  5
625
330
17
100
AcDbEntity
  8
FUR
100
AcDbPolyline
 90
4
 70
1
 10
35100.0
 20
-49500.0
 10
37100.0
 20
-49500.0
 10
37100.0
 20
-47900.0
 10
35100.0
 20
-47900.0
  0
LWPOLYLINE
  5
626
330
17
100
AcDbEntity
  8
FUR
100
AcDbPolyline
 90
4
 70
1
 10
36630.0
 20
-48635.0
 10
36990.0
 20
-48635.0
 10
36990.0
 20
-48030.0
 10
36630.0
 20
-48030.0
  0
LWPOLYLINE
  5
627
330
17
100
AcDbEntity
  8
FUR
100
AcDbPolyline
 90
4
 70
1
 10
36630.0
 20
-49370.0
 10
36990.0
 20
-49370.0
 10
36990.0
 20
-48765.0
 10
36630.0
 20
-48765.0
  0
LINE
  5
628
330
17
100
AcDbEntity
  8
FUR
100
AcDbLine
 10
35860.0
 20
-47900.0
 30
0.0
 11
35860.0
 21
-49500.0
 31
0.0
  0
LWPOLYLINE
  5
629
330
17
100
AcDbEntity
  8
FUR
100
AcDbPolyline
 90
4
 70
1
 10
36600.0
 20
-50150.0
 10
37100.0
 20
-50150.0
 10
37100.0
 20
-49650.0
 10
36600.0
 20
-49650.0
  0
CIRCLE
  5
62A
330
17
100
AcDbEntity
  8
FUR
100
AcDbCircle
 10
36850.0
 20
-49900.0
 30
0.0
 40
95.0
  0
LWPOLYLINE
  5
62B
330
17
100
AcDbEntity
  8
STAIR
100
AcDbPolyline
 90
4
 70
1
 10
31640.0
 20
-50150.0
 10
32640.0
 20
-50150.0
 10
32640.0
 20
-47900.0
 10
31640.0
 20
-47900.0
  0
LINE
  5
62C
330
17
100
AcDbEntity
  8
STAIR
100
AcDbLine
 10
32640.0
 20
-48125.0
 30
0.0
 11
31640.0
 21
-48125.0
 31
0.0
  0
LINE
  5
62D
330
17
100
AcDbEntity
  8
STAIR
100
AcDbLine
 10
32640.0
 20
-48350.0
 30
0.0
 11
31640.0
 21
-48350.0
 31
0.0
  0
LINE
  5
62E
330
17
100
AcDbEntity
  8
STAIR
100
AcDbLine
 10
32640.0
 20
-48575.0
 30
0.0
 11
31640.0
 21
-48575.0
 31
0.0
  0
LINE
  5
62F
330
17
100
AcDbEntity
  8
STAIR
100
AcDbLine
 10
32640.0
 20
-48800.0
 30
0.0
 11
31640.0
 21
-48800.0
 31
0.0
  0
LINE
  5
630
330
17
100
AcDbEntity
  8
STAIR
100
AcDbLine
 10
32640.0
 20
-49025.0
 30
0.0
 11
31640.0
 21
-49025.0
 31
0.0
  0
LINE
  5
631
330
17
100
AcDbEntity
  8
STAIR
100
AcDbLine
 10
32640.0
 20
-49250.0
 30
0.0
 11
31640.0
 21
-49250.0
 31
0.0
  0
LINE
  5
632
330
17
100
AcDbEntity
  8
STAIR
100
AcDbLine
 10
32640.0
 20
-49475.0
 30
0.0
 11
31640.0
 21
-49475.0
 31
0.0
  0
LINE
  5
633
330
17
100
AcDbEntity
  8
STAIR
100
AcDbLine
 10
32640.0
 20
-49700.0
 30
0.0
 11
31640.0
 21
-49700.0
 31
0.0
  0
LINE
  5
634
330
17
100
AcDbEntity
  8
STAIR
100
AcDbLine
 10
32640.0
 20
-49925.0
 30
0.0
 11
31640.0
 21
-49925.0
 31
0.0
  0
TEXT
  5
635
330
17
100
AcDbEntity
  8
0TEXT
 62
9
100
AcDbText
 10
32140.0
 20
-48220.0
 30
0.0
 40
210.0
  1
UP
  7
KOR
 72
1
 11
32140.0
 21
-48220.0
 31
0.0
100
AcDbText
 73
2
  0
LWPOLYLINE
  5
636
330
17
100
AcDbEntity
  8
0OTB
100
AcDbPolyline
 90
4
 70
1
 10
32820.0
 20
-51680.0
 10
37100.0
 20
-51680.0
 10
37100.0
 20
-47400.0
 10
32820.0
 20
-47400.0
  0
LINE
  5
637
330
17
100
AcDbEntity
  8
0OTB
100
AcDbLine
 10
33520.0
 20
-51680.0
 30
0.0
 11
32820.0
 21
-50980.0
 31
0.0
  0
LINE
  5
638
330
17
100
AcDbEntity
  8
0OTB
100
AcDbLine
 10
34220.0
 20
-51680.0
 30
0.0
 11
32820.0
 21
-50280.0
 31
0.0
  0
LINE
  5
639
330
17
100
AcDbEntity
  8
0OTB
100
AcDbLine
 10
34920.0
 20
-51680.0
 30
0.0
 11
32820.0
 21
-49580.0
 31
0.0
  0
LINE
  5
63A
330
17
100
AcDbEntity
  8
0OTB
100
AcDbLine
 10
35620.0
 20
-51680.0
 30
0.0
 11
32820.0
 21
-48880.0
 31
0.0
  0
LINE
  5
63B
330
17
100
AcDbEntity
  8
0OTB
100
AcDbLine
 10
36320.0
 20
-51680.0
 30
0.0
 11
32820.0
 21
-48180.0
 31
0.0
  0
LINE
  5
63C
330
17
100
AcDbEntity
  8
0OTB
100
AcDbLine
 10
37020.0
 20
-51680.0
 30
0.0
 11
32820.0
 21
-47480.0
 31
0.0
  0
LINE
  5
63D
330
17
100
AcDbEntity
  8
0OTB
100
AcDbLine
 10
37100.0
 20
-51060.0
 30
0.0
 11
33440.0
 21
-47400.0
 31
0.0
  0
LINE
  5
63E
330
17
100
AcDbEntity
  8
0OTB
100
AcDbLine
 10
37100.0
 20
-50360.0
 30
0.0
 11
34140.0
 21
-47400.0
 31
0.0
  0
LINE
  5
63F
330
17
100
AcDbEntity
  8
0OTB
100
AcDbLine
 10
37100.0
 20
-49660.0
 30
0.0
 11
34840.0
 21
-47400.0
 31
0.0
  0
LINE
  5
640
330
17
100
AcDbEntity
  8
0OTB
100
AcDbLine
 10
37100.0
 20
-48960.0
 30
0.0
 11
35540.0
 21
-47400.0
 31
0.0
  0
LINE
  5
641
330
17
100
AcDbEntity
  8
0OTB
100
AcDbLine
 10
37100.0
 20
-48260.0
 30
0.0
 11
36240.0
 21
-47400.0
 31
0.0
  0
TEXT
  5
642
330
17
100
AcDbEntity
  8
0TEXT
 62
9
100
AcDbText
 10
35520.0
 20
-49900.0
 30
0.0
 40
185.0
  1
상부 자녀실 (복층)
  7
KOR
 72
1
 11
35520.0
 21
-49900.0
 31
0.0
100
AcDbText
 73
2
  0
LWPOLYLINE
  5
643
330
17
100
AcDbEntity
  8
FUR
100
AcDbPolyline
 90
4
 70
1
 10
32320.0
 20
-51200.0
 10
34720.0
 20
-51200.0
 10
34720.0
 20
-50400.0
 10
32320.0
 20
-50400.0
  0
LWPOLYLINE
  5
644
330
17
100
AcDbEntity
  8
FUR
100
AcDbPolyline
 90
4
 70
1
 10
32320.0
 20
-50550.0
 10
34720.0
 20
-50550.0
 10
34720.0
 20
-50400.0
 10
32320.0
 20
-50400.0
  0
CIRCLE
  5
645
330
17
100
AcDbEntity
  8
FUR
100
AcDbCircle
 10
31720.0
 20
-50800.0
 30
0.0
 40
330.0
  0
LWPOLYLINE
  5
646
330
17
100
AcDbEntity
  8
FUR
100
AcDbPolyline
 90
4
 70
1
 10
36600.0
 20
-51600.0
 10
37100.0
 20
-51600.0
 10
37100.0
 20
-50500.0
 10
36600.0
 20
-50500.0
  0
LWPOLYLINE
  5
647
330
17
100
AcDbEntity
  8
FUR
100
AcDbPolyline
 90
4
 70
1
 10
36640.0
 20
-51420.0
 10
36710.0
 20
-51420.0
 10
36710.0
 20
-50680.0
 10
36640.0
 20
-50680.0
  0
LINE
  5
648
330
17
100
AcDbEntity
  8
DOOR
100
AcDbLine
 10
41820.0
 20
-44500.0
 30
0.0
 11
41820.0
 21
-45400.0
 31
0.0
  0
ARC
  5
649
330
17
100
AcDbEntity
  8
DOOR
100
AcDbCircle
 10
41820.0
 20
-44500.0
 30
0.0
 40
900.0
100
AcDbArc
 50
180.0
 51
270.0
  0
LWPOLYLINE
  5
64A
330
17
100
AcDbEntity
  8
0CONC
100
AcDbPolyline
 90
4
 70
1
 10
40520.0
 20
-46900.0
 10
40620.0
 20
-46900.0
 10
40620.0
 20
-44500.0
 10
40520.0
 20
-44500.0
  0
HATCH
  5
64B
330
17
100
AcDbEntity
  8
해치벽체
 62
8
100
AcDbHatch
 10
0.0
 20
0.0
 30
0.0
210
0.0
220
0.0
230
1.0
  2
ANSI31
 70
0
 71
0
 91
1
 92
3
 72
0
 73
1
 93
4
 10
40520.0
 20
-46900.0
 10
40620.0
 20
-46900.0
 10
40620.0
 20
-44500.0
 10
40520.0
 20
-44500.0
 97
0
 75
1
 76
1
 52
0.0
 41
16.0
 77
0
 78
1
 53
45.0
 43
0.0
 44
0.0
 45
-35.9210244848
 46
35.9210244848
 79
0
 98
0
  0
LWPOLYLINE
  5
64C
330
17
100
AcDbEntity
  8
0CONC
100
AcDbPolyline
 90
4
 70
1
 10
37520.0
 20
-46900.0
 10
40520.0
 20
-46900.0
 10
40520.0
 20
-46800.0
 10
37520.0
 20
-46800.0
  0
HATCH
  5
64D
330
17
100
AcDbEntity
  8
해치벽체
 62
8
100
AcDbHatch
 10
0.0
 20
0.0
 30
0.0
210
0.0
220
0.0
230
1.0
  2
ANSI31
 70
0
 71
0
 91
1
 92
3
 72
0
 73
1
 93
4
 10
37520.0
 20
-46900.0
 10
40520.0
 20
-46900.0
 10
40520.0
 20
-46800.0
 10
37520.0
 20
-46800.0
 97
0
 75
1
 76
1
 52
0.0
 41
16.0
 77
0
 78
1
 53
45.0
 43
0.0
 44
0.0
 45
-35.9210244848
 46
35.9210244848
 79
0
 98
0
  0
LINE
  5
64E
330
17
100
AcDbEntity
  8
DOOR
100
AcDbLine
 10
40520.0
 20
-46050.0
 30
0.0
 11
39720.0
 21
-46050.0
 31
0.0
  0
ARC
  5
64F
330
17
100
AcDbEntity
  8
DOOR
100
AcDbCircle
 10
40520.0
 20
-46050.0
 30
0.0
 40
800.0
100
AcDbArc
 50
180.0
 51
270.0
  0
LWPOLYLINE
  5
650
330
17
100
AcDbEntity
  8
TOIL
100
AcDbPolyline
 90
4
 70
1
 10
39220.0
 20
-45300.0
 10
40370.0
 20
-45300.0
 10
40370.0
 20
-44650.0
 10
39220.0
 20
-44650.0
  0
ELLIPSE
  5
651
330
17
100
AcDbEntity
  8
TOIL
100
AcDbEllipse
 10
39795.0
 20
-44975.0
 30
0.0
 11
230.0
 21
0.0
 31
0.0
 40
0.717391304347826
 41
0.0
 42
6.283185307179586
  0
CIRCLE
  5
652
330
17
100
AcDbEntity
  8
TOIL
100
AcDbCircle
 10
39795.0
 20
-44725.0
 30
0.0
 40
38.0
  0
LWPOLYLINE
  5
653
330
17
100
AcDbEntity
  8
TOIL
100
AcDbPolyline
 90
4
 70
1
 10
38620.0
 20
-44870.0
 10
39020.0
 20
-44870.0
 10
39020.0
 20
-44650.0
 10
38620.0
 20
-44650.0
  0
ELLIPSE
  5
654
330
17
100
AcDbEntity
  8
TOIL
100
AcDbEllipse
 10
38820.0
 20
-45170.0
 30
0.0
 11
0.0
 21
270.0
 31
0.0
 40
0.7592592592592593
 41
0.0
 42
6.283185307179586
  0
LWPOLYLINE
  5
655
330
17
100
AcDbEntity
  8
TOIL
100
AcDbPolyline
 90
4
 70
1
 10
37640.0
 20
-46780.0
 10
38620.0
 20
-46780.0
 10
38620.0
 20
-45700.0
 10
37640.0
 20
-45700.0
  0
LINE
  5
656
330
17
100
AcDbEntity
  8
TOIL
100
AcDbLine
 10
38620.0
 20
-45700.0
 30
0.0
 11
37640.0
 21
-46780.0
 31
0.0
  0
LINE
  5
657
330
17
100
AcDbEntity
  8
TOIL
100
AcDbLine
 10
38620.0
 20
-46780.0
 30
0.0
 11
37640.0
 21
-45700.0
 31
0.0
  0
TEXT
  5
658
330
17
100
AcDbEntity
  8
0TEXT
100
AcDbText
 10
39820.0
 20
-46250.0
 30
0.0
 40
195.0
  1
욕실
  7
KOR
 72
1
 11
39820.0
 21
-46250.0
 31
0.0
100
AcDbText
 73
2
  0
TEXT
  5
659
330
17
100
AcDbEntity
  8
0TEXT
100
AcDbText
 10
39820.0
 20
-47365.0
 30
0.0
 40
225.0
  1
디럭스룸 36타입
  7
KOR
 72
1
 11
39820.0
 21
-47365.0
 31
0.0
100
AcDbText
 73
2
  0
TEXT
  5
65A
330
17
100
AcDbEntity
  8
0TEXT
 62
9
100
AcDbText
 10
39820.0
 20
-47755.0
 30
0.0
 40
185.0
  1
36.7 m²
  7
KOR
 72
1
 11
39820.0
 21
-47755.0
 31
0.0
100
AcDbText
 73
2
  0
LWPOLYLINE
  5
65B
330
17
100
AcDbEntity
  8
STAIR
100
AcDbPolyline
 90
4
 70
1
 10
41400.0
 20
-49400.0
 10
42000.0
 20
-49400.0
 10
42000.0
 20
-48200.0
 10
41400.0
 20
-48200.0
  0
LINE
  5
65C
330
17
100
AcDbEntity
  8
STAIR
100
AcDbLine
 10
42000.0
 20
-48500.0
 30
0.0
 11
41400.0
 21
-48500.0
 31
0.0
  0
LINE
  5
65D
330
17
100
AcDbEntity
  8
STAIR
100
AcDbLine
 10
42000.0
 20
-48800.0
 30
0.0
 11
41400.0
 21
-48800.0
 31
0.0
  0
LINE
  5
65E
330
17
100
AcDbEntity
  8
STAIR
100
AcDbLine
 10
42000.0
 20
-49100.0
 30
0.0
 11
41400.0
 21
-49100.0
 31
0.0
  0
TEXT
  5
65F
330
17
100
AcDbEntity
  8
0TEXT
 62
9
100
AcDbText
 10
41700.0
 20
-47870.0
 30
0.0
 40
165.0
  1
사다리 UP
  7
KOR
 72
1
 11
41700.0
 21
-47870.0
 31
0.0
100
AcDbText
 73
2
  0
LWPOLYLINE
  5
660
330
17
100
AcDbEntity
  8
0OTB
100
AcDbPolyline
 90
4
 70
1
 10
37640.0
 20
-51680.0
 10
41220.0
 20
-51680.0
 10
41220.0
 20
-48000.0
 10
37640.0
 20
-48000.0
  0
LINE
  5
661
330
17
100
AcDbEntity
  8
0OTB
100
AcDbLine
 10
38340.0
 20
-51680.0
 30
0.0
 11
37640.0
 21
-50980.0
 31
0.0
  0
LINE
  5
662
330
17
100
AcDbEntity
  8
0OTB
100
AcDbLine
 10
39040.0
 20
-51680.0
 30
0.0
 11
37640.0
 21
-50280.0
 31
0.0
  0
LINE
  5
663
330
17
100
AcDbEntity
  8
0OTB
100
AcDbLine
 10
39740.0
 20
-51680.0
 30
0.0
 11
37640.0
 21
-49580.0
 31
0.0
  0
LINE
  5
664
330
17
100
AcDbEntity
  8
0OTB
100
AcDbLine
 10
40440.0
 20
-51680.0
 30
0.0
 11
37640.0
 21
-48880.0
 31
0.0
  0
LINE
  5
665
330
17
100
AcDbEntity
  8
0OTB
100
AcDbLine
 10
41140.0
 20
-51680.0
 30
0.0
 11
37640.0
 21
-48180.0
 31
0.0
  0
LINE
  5
666
330
17
100
AcDbEntity
  8
0OTB
100
AcDbLine
 10
41220.0
 20
-51060.0
 30
0.0
 11
38160.0
 21
-48000.0
 31
0.0
  0
LINE
  5
667
330
17
100
AcDbEntity
  8
0OTB
100
AcDbLine
 10
41220.0
 20
-50360.0
 30
0.0
 11
38860.0
 21
-48000.0
 31
0.0
  0
LINE
  5
668
330
17
100
AcDbEntity
  8
0OTB
100
AcDbLine
 10
41220.0
 20
-49660.0
 30
0.0
 11
39560.0
 21
-48000.0
 31
0.0
  0
LINE
  5
669
330
17
100
AcDbEntity
  8
0OTB
100
AcDbLine
 10
41220.0
 20
-48960.0
 30
0.0
 11
40260.0
 21
-48000.0
 31
0.0
  0
TEXT
  5
66A
330
17
100
AcDbEntity
  8
0TEXT
 62
9
100
AcDbText
 10
40370.0
 20
-50850.0
 30
0.0
 40
185.0
  1
상부 2층침대 (로프트)
  7
KOR
 72
1
 11
40370.0
 21
-50850.0
 31
0.0
100
AcDbText
 73
2
  0
LWPOLYLINE
  5
66B
330
17
100
AcDbEntity
  8
FUR
100
AcDbPolyline
 90
4
 70
1
 10
37640.0
 20
-49500.0
 10
39520.0
 20
-49500.0
 10
39520.0
 20
-48100.0
 10
37640.0
 20
-48100.0
  0
LWPOLYLINE
  5
66C
330
17
100
AcDbEntity
  8
FUR
100
AcDbPolyline
 90
4
 70
1
 10
37640.0
 20
-49500.0
 10
37790.0
 20
-49500.0
 10
37790.0
 20
-48100.0
 10
37640.0
 20
-48100.0
  0
CIRCLE
  5
66D
330
17
100
AcDbEntity
  8
FUR
100
AcDbCircle
 10
40220.0
 20
-48800.0
 30
0.0
 40
320.0
  0
LWPOLYLINE
  5
66E
330
17
100
AcDbEntity
  8
FUR
100
AcDbPolyline
 90
4
 70
1
 10
41500.0
 20
-51200.0
 10
42000.0
 20
-51200.0
 10
42000.0
 20
-49900.0
 10
41500.0
 20
-49900.0
  0
LWPOLYLINE
  5
66F
330
17
100
AcDbEntity
  8
FUR
100
AcDbPolyline
 90
4
 70
1
 10
41540.0
 20
-51020.0
 10
41610.0
 20
-51020.0
 10
41610.0
 20
-50080.0
 10
41540.0
 20
-50080.0
  0
LWPOLYLINE
  5
670
330
17
100
AcDbEntity
  8
FUR
100
AcDbPolyline
 90
4
 70
1
 10
37640.0
 20
-51300.0
 10
39420.0
 20
-51300.0
 10
39420.0
 20
-50600.0
 10
37640.0
 20
-50600.0
  0
LWPOLYLINE
  5
671
330
17
100
AcDbEntity
  8
FUR
100
AcDbPolyline
 90
4
 70
1
 10
38320.0
 20
-50500.0
 10
38820.0
 20
-50500.0
 10
38820.0
 20
-50000.0
 10
38320.0
 20
-50000.0
  0
LWPOLYLINE
  5
672
330
17
100
AcDbEntity
  8
0CONC
100
AcDbPolyline
 90
4
 70
1
 10
37220.0
 20
-51800.0
 10
37320.0
 20
-51800.0
 10
37320.0
 20
-44500.0
 10
37220.0
 20
-44500.0
  0
HATCH
  5
673
330
17
100
AcDbEntity
  8
해치벽체
 62
8
100
AcDbHatch
 10
0.0
 20
0.0
 30
0.0
210
0.0
220
0.0
230
1.0
  2
ANSI31
 70
0
 71
0
 91
1
 92
3
 72
0
 73
1
 93
4
 10
37220.0
 20
-51800.0
 10
37320.0
 20
-51800.0
 10
37320.0
 20
-44500.0
 10
37220.0
 20
-44500.0
 97
0
 75
1
 76
1
 52
0.0
 41
16.0
 77
0
 78
1
 53
45.0
 43
0.0
 44
0.0
 45
-35.9210244848
 46
35.9210244848
 79
0
 98
0
  0
TEXT
  5
674
330
17
100
AcDbEntity
  8
0TEXT
100
AcDbText
 10
-4600.0
 20
-38100.0
 30
0.0
 40
2600.0
  1
4F
  7
KOR
 72
1
 11
-4600.0
 21
-38100.0
 31
0.0
100
AcDbText
 73
2
  0
TEXT
  5
675
330
17
100
AcDbEntity
  8
0TEXT
 62
9
100
AcDbText
 10
-4600.0
 20
-40100.0
 30
0.0
 40
700.0
  1
466 m²
  7
KOR
 72
1
 11
-4600.0
 21
-40100.0
 31
0.0
100
AcDbText
 73
2
  0
TEXT
  5
676
330
17
100
AcDbEntity
  8
0TEXT
 62
8
100
AcDbText
 10
-1500.0
 20
-41900.0
 30
0.0
 40
520.0
  1
복층 + 로프트형
  7
KOR
 72
2
 11
-1500.0
 21
-41900.0
 31
0.0
100
AcDbText
  0
TEXT
  5
677
330
17
100
AcDbEntity
  8
0TEXT
 62
8
100
AcDbText
 10
-1500.0
 20
-42900.0
 30
0.0
 40
520.0
  1
7실 (패밀리 복층 4 / 디럭스 로프트 3)
  7
KOR
 72
2
 11
-1500.0
 21
-42900.0
 31
0.0
100
AcDbText
  0
TEXT
  5
678
330
17
100
AcDbEntity
  8
0TEXT
100
AcDbText
 10
21000.0
 20
21800.0
 30
0.0
 40
1600.0
  1
호텔 가은 — 기준층 평면도 (객실 유닛 반영)
  7
KOR
 72
1
 11
21000.0
 21
21800.0
 31
0.0
100
AcDbText
 73
2
  0
TEXT
  5
679
330
17
100
AcDbEntity
  8
0TEXT
 62
8
100
AcDbText
 10
21000.0
 20
19900.0
 30
0.0
 40
640.0
  1
2·3F 단층형 / 4F 복층·로프트형    ·    출입문 스윙과 진입통로를 비우고, 침대는 진입·주방·계단에서 가장 먼 정적존에 배치
  7
KOR
 72
1
 11
21000.0
 21
19900.0
 31
0.0
100
AcDbText
 73
2
  0
TEXT
  5
67A
330
17
100
AcDbEntity
  8
0TEXT
 62
8
100
AcDbText
 10
-9500.0
 20
-60500.0
 30
0.0
 40
500.0
  1
1. 실 경계·코어·복도·리넨실·보이드 위치는 26.07.27 개략평면(D안)을 그대로 사용하고 내부 가구만 배치했습니다.
  7
KOR
 11
-9500.0
 21
-60500.0
 31
0.0
100
AcDbText
  0
TEXT
  5
67B
330
17
100
AcDbEntity
  8
0TEXT
 62
8
100
AcDbText
 10
-9500.0
 20
-61500.0
 30
0.0
 40
500.0
  1
2. 가구배치 원칙 — ① 출입문 스윙구간 및 진입통로(1,500mm) 무가구  ② 욕실문 앞 여유 확보  ③ 침대는 정적존(진입동선 반대편) 배치
  7
KOR
 11
-9500.0
 21
-61500.0
 31
0.0
100
AcDbText
  0
TEXT
  5
67C
330
17
100
AcDbEntity
  8
0TEXT
 62
8
100
AcDbText
 10
-9500.0
 20
-62500.0
 30
0.0
 40
500.0
  1
3. 4F 해치 영역 = 상부층(자녀실 / 2층침대) 투영범위. 패밀리는 벽체밀착 직선계단 10단, 디럭스는 로프트 경계 사다리로 진입합니다.
  7
KOR
 11
-9500.0
 21
-62500.0
 31
0.0
100
AcDbText
  0
TEXT
  5
67D
330
17
100
AcDbEntity
  8
0TEXT
 62
8
100
AcDbText
 10
-9500.0
 20
-63500.0
 30
0.0
 40
500.0
  1
4. [가정] 4F 층고 4,500mm 상향(2~3F 대비 +1,300) — 구조·설비 검토 필요. 복층 2,200+300+2,000 / 로프트 2,600+300+1,600
  7
KOR
 11
-9500.0
 21
-63500.0
 31
0.0
100
AcDbText
  0
TEXT
  5
67E
330
17
100
AcDbEntity
  8
0TEXT
 62
8
100
AcDbText
 10
-9500.0
 20
-64500.0
 30
0.0
 40
500.0
  1
5. 복도 1,500mm는 양옆거실 구간 법정 최소치와 동일 → 마감두께 감안 시 1,600~1,800mm 확대 검토 필요(기 지적사항).
  7
KOR
 11
-9500.0
 21
-64500.0
 31
0.0
100
AcDbText
  0
ENDSEC
  0
SECTION
  2
OBJECTS
  0
DICTIONARY
  5
A
330
0
100
AcDbDictionary
281
1
  3
ACAD_COLOR
350
B
  3
ACAD_GROUP
350
C
  3
ACAD_LAYOUT
350
D
  3
ACAD_MATERIAL
350
E
  3
ACAD_MLEADERSTYLE
350
F
  3
ACAD_MLINESTYLE
350
10
  3
ACAD_PLOTSETTINGS
350
11
  3
ACAD_PLOTSTYLENAME
350
12
  3
ACAD_SCALELIST
350
14
  3
ACAD_TABLESTYLE
350
15
  3
ACAD_VISUALSTYLE
350
16
  3
EZDXF_META
350
2D
  0
DICTIONARY
  5
B
330
A
100
AcDbDictionary
281
1
  0
DICTIONARY
  5
C
330
A
100
AcDbDictionary
281
1
  0
DICTIONARY
  5
D
330
A
100
AcDbDictionary
281
1
  3
Model
350
1A
  3
Layout1
350
1E
  0
DICTIONARY
  5
E
330
A
100
AcDbDictionary
281
1
  3
ByBlock
350
1F
  3
ByLayer
350
20
  3
Global
350
21
  0
DICTIONARY
  5
F
330
A
100
AcDbDictionary
281
1
  3
Standard
350
2C
  0
DICTIONARY
  5
10
330
A
100
AcDbDictionary
281
1
  3
Standard
350
22
  0
DICTIONARY
  5
11
330
A
100
AcDbDictionary
281
1
  0
ACDBDICTIONARYWDFLT
  5
12
330
A
100
AcDbDictionary
281
1
  3
Normal
350
13
100
AcDbDictionaryWithDefault
340
13
  0
ACDBPLACEHOLDER
  5
13
330
12
  0
DICTIONARY
  5
14
330
A
100
AcDbDictionary
281
1
  0
DICTIONARY
  5
15
330
A
100
AcDbDictionary
281
1
  0
DICTIONARY
  5
16
330
A
100
AcDbDictionary
281
1
  3
2dWireframe
350
5A
  3
Basic
350
5B
  3
Brighten
350
5C
  3
ColorChange
350
5D
  3
Conceptual
350
5E
  3
Dim
350
5F
  3
EdgeColorOff
350
60
  3
Facepattern
350
61
  3
Flat
350
62
  3
FlatWithEdges
350
63
  3
Gouraud
350
64
  3
GouraudWithEdges
350
65
  3
Hidden
350
66
  3
JitterOff
350
67
  3
Linepattern
350
68
  3
Modeling
350
69
  3
OverhangOff
350
6A
  3
Realistic
350
6B
  3
Shaded
350
6C
  3
Shaded with edges
350
6D
  3
Shades of Gray
350
6E
  3
Sketchy
350
6F
  3
Thicken
350
70
  3
Wireframe
350
71
  3
X-Ray
350
72
  0
LAYOUT
  5
1A
330
D
100
AcDbPlotSettings
  1

  4
A3
  6

 40
7.5
 41
20.0
 42
7.5
 43
20.0
 44
420.0
 45
297.0
 46
0.0
 47
0.0
 48
0.0
 49
0.0
140
0.0
141
0.0
142
1.0
143
1.0
 70
1024
 72
1
 73
0
 74
5
  7

 75
16
 76
0
 77
2
 78
300
147
1.0
148
0.0
149
0.0
100
AcDbLayout
  1
Model
 70
1
 71
0
 10
0.0
 20
0.0
 11
420.0
 21
297.0
 12
0.0
 22
0.0
 32
0.0
 14
1e+20
 24
1e+20
 34
1e+20
 15
-1e+20
 25
-1e+20
 35
-1e+20
146
0.0
 13
0.0
 23
0.0
 33
0.0
 16
1.0
 26
0.0
 36
0.0
 17
0.0
 27
1.0
 37
0.0
 76
1
330
17
  0
LAYOUT
  5
1E
330
D
100
AcDbPlotSettings
  1

  4
A3
  6

 40
7.5
 41
20.0
 42
7.5
 43
20.0
 44
420.0
 45
297.0
 46
0.0
 47
0.0
 48
0.0
 49
0.0
140
0.0
141
0.0
142
1.0
143
1.0
 70
0
 72
1
 73
0
 74
5
  7

 75
16
 76
0
 77
2
 78
300
147
1.0
148
0.0
149
0.0
100
AcDbLayout
  1
Layout1
 70
1
 71
1
 10
0.0
 20
0.0
 11
420.0
 21
297.0
 12
0.0
 22
0.0
 32
0.0
 14
1e+20
 24
1e+20
 34
1e+20
 15
-1e+20
 25
-1e+20
 35
-1e+20
146
0.0
 13
0.0
 23
0.0
 33
0.0
 16
1.0
 26
0.0
 36
0.0
 17
0.0
 27
1.0
 37
0.0
 76
1
330
1B
  0
MATERIAL
  5
1F
102
{ACAD_REACTORS
330
E
102
}
330
E
100
AcDbMaterial
  1
ByBlock
  2

 70
0
 40
1.0
 71
1
 41
1.0
 91
-1023410177
 42
1.0
 72
1
  3

 73
1
 74
1
 75
1
 44
0.5
 73
0
 45
1.0
 46
1.0
 77
1
  4

 78
1
 79
1
170
1
 48
1.0
171
1
  6

172
1
173
1
174
1
140
1.0
141
1.0
175
1
  7

176
1
177
1
178
1
143
1.0
179
1
  8

270
1
271
1
272
1
145
1.0
146
1.0
273
1
  9

274
1
275
1
276
1
 42
1.0
 72
1
  3

 73
1
 74
1
 75
1
 94
63
  0
MATERIAL
  5
20
102
{ACAD_REACTORS
330
E
102
}
330
E
100
AcDbMaterial
  1
ByLayer
  2

 70
0
 40
1.0
 71
1
 41
1.0
 91
-1023410177
 42
1.0
 72
1
  3

 73
1
 74
1
 75
1
 44
0.5
 73
0
 45
1.0
 46
1.0
 77
1
  4

 78
1
 79
1
170
1
 48
1.0
171
1
  6

172
1
173
1
174
1
140
1.0
141
1.0
175
1
  7

176
1
177
1
178
1
143
1.0
179
1
  8

270
1
271
1
272
1
145
1.0
146
1.0
273
1
  9

274
1
275
1
276
1
 42
1.0
 72
1
  3

 73
1
 74
1
 75
1
 94
63
  0
MATERIAL
  5
21
102
{ACAD_REACTORS
330
E
102
}
330
E
100
AcDbMaterial
  1
Global
  2

 70
0
 40
1.0
 71
1
 41
1.0
 91
-1023410177
 42
1.0
 72
1
  3

 73
1
 74
1
 75
1
 44
0.5
 73
0
 45
1.0
 46
1.0
 77
1
  4

 78
1
 79
1
170
1
 48
1.0
171
1
  6

172
1
173
1
174
1
140
1.0
141
1.0
175
1
  7

176
1
177
1
178
1
143
1.0
179
1
  8

270
1
271
1
272
1
145
1.0
146
1.0
273
1
  9

274
1
275
1
276
1
 42
1.0
 72
1
  3

 73
1
 74
1
 75
1
 94
63
  0
MLINESTYLE
  5
22
102
{ACAD_REACTORS
330
10
102
}
330
10
100
AcDbMlineStyle
  2
Standard
 70
0
  3

 62
256
 51
90.0
 52
90.0
 71
2
 49
0.5
 62
256
  6
BYLAYER
 49
-0.5
 62
256
  6
BYLAYER
  0
MLEADERSTYLE
  5
2C
102
{ACAD_REACTORS
330
F
102
}
330
F
100
AcDbMLeaderStyle
179
2
170
2
171
1
172
0
 90
2
 40
0.0
 41
0.0
173
1
 91
-1056964608
 92
-2
290
1
 42
2.0
291
1
 43
8.0
  3
Standard
 44
4.0
300

342
29
174
1
175
1
176
0
178
1
 93
-1056964608
 45
4.0
292
0
297
0
 46
4.0
 94
-1056964608
 47
1.0
 49
1.0
140
1.0
294
1
141
0.0
177
0
142
1.0
295
0
296
0
143
3.75
271
0
272
9
273
9
  0
DICTIONARY
  5
2D
330
A
100
AcDbDictionary
280
1
281
1
  3
CREATED_BY_EZDXF
350
2E
  3
WRITTEN_BY_EZDXF
350
681
  0
DICTIONARYVAR
  5
2E
330
2D
100
DictionaryVariables
280
0
  1
1.4.4 @ 2026-07-27T09:00:15.295810+00:00
  0
VISUALSTYLE
  5
5A
102
{ACAD_REACTORS
330
16
102
}
330
16
100
AcDbVisualStyle
  2
2dWireframe
 70
4
 90
0
 40
0.6
 62
7
290
0
291
0
  0
VISUALSTYLE
  5
5B
102
{ACAD_REACTORS
330
16
102
}
330
16
100
AcDbVisualStyle
  2
Basic
 70
7
 90
1
 40
0.6
 62
7
290
0
291
1
  0
VISUALSTYLE
  5
5C
102
{ACAD_REACTORS
330
16
102
}
330
16
100
AcDbVisualStyle
  2
Brighten
 70
12
 90
2
 40
0.6
 62
7
290
0
291
1
  0
VISUALSTYLE
  5
5D
102
{ACAD_REACTORS
330
16
102
}
330
16
100
AcDbVisualStyle
  2
ColorChange
 70
16
 90
2
 40
0.6
 62
8
290
0
291
1
  0
VISUALSTYLE
  5
5E
102
{ACAD_REACTORS
330
16
102
}
330
16
100
AcDbVisualStyle
  2
Conceptual
 70
9
 90
3
 40
0.6
 62
7
290
0
291
0
  0
VISUALSTYLE
  5
5F
102
{ACAD_REACTORS
330
16
102
}
330
16
100
AcDbVisualStyle
  2
Dim
 70
11
 90
2
 40
0.6
 62
7
290
0
291
1
  0
VISUALSTYLE
  5
60
102
{ACAD_REACTORS
330
16
102
}
330
16
100
AcDbVisualStyle
  2
EdgeColorOff
 70
22
 90
2
 40
0.6
 62
7
290
0
291
1
  0
VISUALSTYLE
  5
61
102
{ACAD_REACTORS
330
16
102
}
330
16
100
AcDbVisualStyle
  2
Facepattern
 70
15
 90
2
 40
0.6
 62
7
290
0
291
1
  0
VISUALSTYLE
  5
62
102
{ACAD_REACTORS
330
16
102
}
330
16
100
AcDbVisualStyle
  2
Flat
 70
0
 90
2
 40
0.6
 62
7
290
0
291
1
  0
VISUALSTYLE
  5
63
102
{ACAD_REACTORS
330
16
102
}
330
16
100
AcDbVisualStyle
  2
FlatWithEdges
 70
1
 90
2
 40
0.6
 62
7
290
0
291
1
  0
VISUALSTYLE
  5
64
102
{ACAD_REACTORS
330
16
102
}
330
16
100
AcDbVisualStyle
  2
Gouraud
 70
2
 90
2
 40
0.6
 62
7
290
0
291
1
  0
VISUALSTYLE
  5
65
102
{ACAD_REACTORS
330
16
102
}
330
16
100
AcDbVisualStyle
  2
GouraudWithEdges
 70
3
 90
2
 40
0.6
 62
7
290
0
291
1
  0
VISUALSTYLE
  5
66
102
{ACAD_REACTORS
330
16
102
}
330
16
100
AcDbVisualStyle
  2
Hidden
 70
6
 90
1
 40
0.6
 62
7
290
0
291
0
  0
VISUALSTYLE
  5
67
102
{ACAD_REACTORS
330
16
102
}
330
16
100
AcDbVisualStyle
  2
JitterOff
 70
20
 90
2
 40
0.6
 62
7
290
0
291
1
  0
VISUALSTYLE
  5
68
102
{ACAD_REACTORS
330
16
102
}
330
16
100
AcDbVisualStyle
  2
Linepattern
 70
14
 90
2
 40
0.6
 62
7
290
0
291
1
  0
VISUALSTYLE
  5
69
102
{ACAD_REACTORS
330
16
102
}
330
16
100
AcDbVisualStyle
  2
Modeling
 70
10
 90
2
 40
0.6
 62
7
290
0
291
0
  0
VISUALSTYLE
  5
6A
102
{ACAD_REACTORS
330
16
102
}
330
16
100
AcDbVisualStyle
  2
OverhangOff
 70
21
 90
2
 40
0.6
 62
7
290
0
291
1
  0
VISUALSTYLE
  5
6B
102
{ACAD_REACTORS
330
16
102
}
330
16
100
AcDbVisualStyle
  2
Realistic
 70
8
 90
2
 40
0.6
 62
7
290
0
291
0
  0
VISUALSTYLE
  5
6C
102
{ACAD_REACTORS
330
16
102
}
330
16
100
AcDbVisualStyle
  2
Shaded
 70
27
 90
2
 40
0.6
 62
7
290
0
291
0
  0
VISUALSTYLE
  5
6D
102
{ACAD_REACTORS
330
16
102
}
330
16
100
AcDbVisualStyle
  2
Shaded with edges
 70
26
 90
2
 40
0.6
 62
7
290
0
291
0
  0
VISUALSTYLE
  5
6E
102
{ACAD_REACTORS
330
16
102
}
330
16
100
AcDbVisualStyle
  2
Shades of Gray
 70
23
 90
2
 40
0.6
 62
7
290
0
291
0
  0
VISUALSTYLE
  5
6F
102
{ACAD_REACTORS
330
16
102
}
330
16
100
AcDbVisualStyle
  2
Sketchy
 70
24
 90
1
 40
0.6
 62
7
290
0
291
0
  0
VISUALSTYLE
  5
70
102
{ACAD_REACTORS
330
16
102
}
330
16
100
AcDbVisualStyle
  2
Thicken
 70
13
 90
2
 40
0.6
 62
7
290
0
291
1
  0
VISUALSTYLE
  5
71
102
{ACAD_REACTORS
330
16
102
}
330
16
100
AcDbVisualStyle
  2
Wireframe
 70
5
 90
0
 40
0.6
 62
7
290
0
291
0
  0
VISUALSTYLE
  5
72
102
{ACAD_REACTORS
330
16
102
}
330
16
100
AcDbVisualStyle
  2
X-Ray
 70
25
 90
2
 40
0.5
 62
7
290
0
291
0
  0
DICTIONARYVAR
  5
681
330
2D
100
DictionaryVariables
280
0
  1
1.4.4 @ 2026-07-27T09:00:15.347780+00:00
  0
ENDSEC
  0
EOF
